index,Index,Label,unit,start,last,2005-Q4,2006-Q1,2006-Q2,2006-Q3,2006-Q4,2007-Q1,2007-Q2,2007-Q3,2007-Q4,2008-Q1,2008-Q2,2008-Q3,2008-Q4,2009-Q1,2009-Q2,2009-Q3,2009-Q4,2010-Q1,2010-Q2,2010-Q3,2010-Q4,2011-Q1,2011-Q2,2011-Q3,2011-Q4,2012-Q1,2012-Q2,2012-Q3,2012-Q4,2013-Q1,2013-Q2,2013-Q3,2013-Q4,2014-Q1,2014-Q2,2014-Q3,2014-Q4,2015-Q1,2015-Q2,2015-Q3,2015-Q4,2016-Q1,2016-Q2,2016-Q3,2016-Q4,2017-Q1,2017-Q2,2017-Q3,2017-Q4,2018-Q1,2018-Q2,2018-Q3,2018-Q4,2019-Q1,2019-Q2,2019-Q3,2019-Q4,2020-Q1,2020-Q2,2020-Q3,2020-Q4,2021-Q1,2021-Q2,2021-Q3
EIUIZ11                       ,EIUIZ11                       ,"Monthly import price index for NAICS 11, Agriculture, forestry, fishing and hunting, not seasonally adjusted",Index base: 2005.12=100,2005-M12,2021-M11,100.0,94.3,98.5,106.0,107.4,110.1,112.4,117.0,119.1,132.7,137.3,139.9,139.9,128.4,133.3,132.7,137.6,147.3,148.5,153.4,166.0,189.2,179.6,179.2,175.1,173.6,171.7,172.5,165.4,176.9,172.8,171.4,174.5,192.7,174.0,178.0,185.4,175.3,176.6,175.9,176.9,166.7,163.8,186.0,183.0,179.6,187.7,196.3,184.7,187.2,172.0,178.6,184.6,179.2,180.6,172.2,173.6,174.7,178.3,184.4,171.3,185.9,186.7,202.4
EIUIZ111                      ,EIUIZ111                      ,"Monthly import price index for NAICS 111, Crop production, not seasonally adjusted",Index base: 2005.12=100,2005-M12,2021-M11,100.0,88.9,91.6,102.2,107.7,107.9,110.6,119.6,122.3,137.1,139.2,143.4,154.0,136.4,142.5,139.9,145.5,153.7,153.5,159.4,170.7,197.0,185.9,185.5,181.7,179.3,178.3,181.3,170.8,182.8,176.9,176.8,180.8,203.6,180.4,185.3,196.6,183.5,186.6,186.4,191.7,177.3,173.6,204.3,197.3,189.8,201.7,214.2,198.7,198.5,182.7,190.9,199.7,189.9,195.2,182.8,181.7,185.2,193.5,200.0,180.9,196.8,196.5,213.2
EIUIZ1112                     ,EIUIZ1112                     ,"Monthly import price index for NAICS 1112, Vegetable and melon farming, not seasonally adjusted",Index base: 2017.12=100,2017-M12,2021-M11,,,,,,,,,,,,,,,,,,,,,,,,,,,,,,,,,,,,,,,,,,,,,,,,,100.0,96.8,73.3,78.4,119.1,101.2,96.4,95.5,97.4,83.2,92.9,99.9,79.9,78.3,73.7,81.2
EIUIZ1113                     ,EIUIZ1113                     ,"Monthly import price index for NAICS 1113, Fruit and tree nut farming, not seasonally adjusted",Index base: 2005.12=100,2005-M12,2021-M11,100.0,99.6,96.4,103.1,108.9,107.0,113.8,121.0,124.0,141.3,145.9,151.8,138.8,132.9,137.3,132.3,141.9,141.6,144.1,154.6,166.5,192.8,198.6,196.1,184.1,187.9,175.2,170.2,156.0,167.2,159.7,161.9,159.6,202.1,162.8,169.2,165.5,160.2,157.5,150.7,155.0,149.6,145.5,187.7,184.2,184.3,194.2,213.2,186.3,185.4,182.6,191.2,166.6,167.5,180.4,162.3,159.1,175.4,171.2,174.5,159.0,183.3,182.8,198.2
EIUIZ11133                    ,EIUIZ11133                    ,"Monthly import price index for NAICS 11133, Noncitrus fruit and tree nut farming, not seasonally adjusted",Index base: 2019.12=100,2019-M12,2021-M11,,,,,,,,,,,,,,,,,,,,,,,,,,,,,,,,,,,,,,,,,,,,,,,,,,,,,,,,,100.0,109.6,107.0,109.2,99.5,113.8,113.9,124.3
EIUIZ111339                   ,EIUIZ111339                   ,"Monthly import price index for NAICS 111339, Other noncitrus fruit farming, not seasonally adjusted",Index base: 2019.12=100,2019-M12,2021-M11,,,,,,,,,,,,,,,,,,,,,,,,,,,,,,,,,,,,,,,,,,,,,,,,,,,,,,,,,100.0,109.1,104.4,104.7,95.9,103.5,115.6,131.8
EIUIZ21                       ,EIUIZ21                       ,"Monthly import price index for NAICS 21, Mining, quarrying, and oil and gas extraction, not seasonally adjusted",Index base: 2005.12=100,2005-M12,2021-M11,100.0,99.6,112.3,106.4,100.8,101.1,115.0,122.4,143.4,164.3,212.8,172.4,77.2,79.8,108.3,110.8,122.2,128.8,120.3,121.6,139.8,166.7,176.2,168.3,174.1,182.2,155.6,166.8,161.3,170.2,163.3,173.0,159.8,174.2,174.8,158.4,111.5,86.9,103.1,75.3,63.6,56.1,77.6,73.9,83.3,85.4,81.2,87.9,102.7,101.5,115.9,113.8,84.6,113.3,110.4,105.4,107.4,64.7,65.1,76.3,87.1,115.6,127.9,133.1
EIUIZ211                      ,EIUIZ211                      ,"Monthly import price index for NAICS 211, Oil and gas extraction, not seasonally adjusted",Index base: 2005.12=100,2005-M12,2021-M11,100.0,99.5,112.4,106.4,100.6,101.0,115.2,122.8,144.2,165.6,214.9,173.3,75.8,78.4,107.7,110.2,122.0,128.6,119.6,121.0,139.7,167.0,176.5,168.5,174.5,182.8,155.8,167.2,161.7,170.9,163.9,173.9,160.3,175.1,175.9,159.1,111.3,86.1,103.0,74.7,62.7,55.1,77.2,73.5,83.2,84.9,80.2,87.4,102.9,101.4,116.3,114.1,83.9,113.1,110.2,105.0,107.1,63.0,63.4,75.0,86.0,115.1,127.8,132.1
EIUIZ21112                    ,EIUIZ21112                    ,"Monthly import price index for NAICS 21112, Crude petroleum extraction, not seasonally adjusted",Index base: 2019.12=100,2019-M12,2021-M11,,,,,,,,,,,,,,,,,,,,,,,,,,,,,,,,,,,,,,,,,,,,,,,,,,,,,,,,,100.0,58.6,58.8,69.3,79.6,107.8,120.8,122.3
EIUIZ21113                    ,EIUIZ21113                    ,"Monthly import price index for NAICS 21113, Natural gas extraction, not seasonally adjusted",Index base: 2019.12=100,2019-M12,2021-M11,,,,,,,,,,,,,,,,,,,,,,,,,,,,,,,,,,,,,,,,,,,,,,,,,,,,,,,,,100.0,64.5,68.6,86.7,98.2,118.0,121.9,150.4
EIUIZ212                      ,EIUIZ212                      ,"Monthly import price index for NAICS 212, Mining (except oil and gas), not seasonally adjusted",Index base: 2020.12=100,2020-M12,2021-M11,,,,,,,,,,,,,,,,,,,,,,,,,,,,,,,,,,,,,,,,,,,,,,,,,,,,,,,,,,,,,100.0,111.9,113.0,137.3
EIUIZ31                       ,EIUIZ31                       ,"Monthly import price index for NAICS 31, Manufacturing, part 1, not seasonally adjusted",Index base: 2005.12=100,2005-M12,2021-M11,100.0,100.4,100.8,101.2,101.5,102.5,103.7,105.1,106.1,107.9,109.5,109.5,107.3,107.0,106.7,107.0,107.6,108.2,109.2,110.9,114.2,118.5,121.9,123.4,123.9,125.4,125.6,123.8,123.7,123.5,123.7,124.3,124.1,125.3,125.4,126.7,126.1,125.2,124.3,123.9,122.8,122.8,123.9,123.8,123.8,123.9,124.4,124.6,124.4,125.1,125.2,125.0,124.9,125.1,125.1,124.9,125.3,125.5,125.4,125.5,125.9,128.0,131.6,132.9
EIUIZ311                      ,EIUIZ311                      ,"Monthly import price index for NAICS 311, Food manufacturing, not seasonally adjusted",Index base: 2005.12=100,2005-M12,2021-M11,100.0,101.9,102.4,103.1,104.1,107.0,110.9,114.4,117.1,123.8,129.9,129.4,118.8,115.7,116.2,117.9,121.3,122.9,127.5,132.5,142.0,151.4,156.5,156.8,157.3,161.5,162.9,155.1,155.0,153.6,154.9,157.9,156.1,160.4,159.7,162.4,159.6,155.6,152.3,150.9,147.3,148.1,153.4,153.8,154.1,154.6,156.7,156.8,156.1,157.7,156.6,155.7,154.7,155.7,155.5,153.9,155.1,154.4,153.6,153.5,155.8,161.6,173.3,174.8
EIUIZ3112                     ,EIUIZ3112                     ,"Monthly import price index for NAICS 3112, Grain and oilseed milling, not seasonally adjusted",Index base: 2005.12=100,2005-M12,2021-M11,100.0,104.0,105.8,104.0,107.2,110.8,120.4,122.9,139.1,157.4,170.2,152.6,135.1,126.1,122.8,123.2,131.5,133.5,131.0,140.9,161.2,182.7,182.4,169.1,164.7,166.7,162.6,159.8,153.6,155.9,155.2,154.5,153.6,156.0,153.5,146.3,145.5,140.0,139.6,137.2,129.2,132.6,146.8,140.5,145.7,143.5,145.8,150.5,146.9,146.1,140.3,136.0,132.2,131.7,125.9,124.0,124.4,127.1,120.2,124.7,138.3,151.0,169.9,171.3
EIUIZ31122                    ,EIUIZ31122                    ,"Monthly import price index for NAICS 31122, Starch and vegetable fats and oils manufacturing, not seasonally adjusted",Index base: 2005.12=100,2005-M12,2021-M11,100.0,104.7,105.6,104.5,108.3,112.3,124.0,126.8,145.7,167.5,170.2,149.3,130.1,123.8,118.9,116.0,122.4,125.4,122.7,133.5,156.4,181.0,180.6,163.1,158.2,158.7,154.6,150.8,143.1,144.6,142.3,141.9,141.3,143.2,142.7,135.4,134.4,129.1,127.4,125.3,117.1,121.8,137.2,130.9,137.7,135.4,137.4,141.8,137.1,135.4,128.2,122.9,117.9,117.1,110.3,108.3,111.0,115.2,107.6,113.2,129.9,144.5,167.5,171.4
EIUIZ311224                   ,EIUIZ311224                   ,"Monthly import price index for NAICS 311224, Soybean and other oilseed processing, not seasonally adjusted",Index base: 2019.12=100,2019-M12,2021-M11,,,,,,,,,,,,,,,,,,,,,,,,,,,,,,,,,,,,,,,,,,,,,,,,,,,,,,,,,100.0,103.8,96.9,101.9,119.1,133.5,156.4,160.1
EIUIZ3113                     ,EIUIZ3113                     ,"Monthly import price index for NAICS 3113, Sugar and confectionery product manufacturing, not seasonally adjusted",Index base: 2019.12=100,2019-M12,2021-M11,,,,,,,,,,,,,,,,,,,,,,,,,,,,,,,,,,,,,,,,,,,,,,,,,,,,,,,,,100.0,101.7,99.1,98.6,98.0,98.9,99.6,100.9
EIUIZ3114                     ,EIUIZ3114                     ,"Monthly import price index for NAICS 3114, Fruit and vegetable preserving and specialty food manufacturing, not seasonally adjusted",Index base: 2005.12=100,2005-M12,2021-M11,100.0,104.7,106.6,106.3,107.9,111.7,116.5,120.4,124.5,130.2,131.8,130.4,125.1,119.9,117.9,118.2,116.8,119.6,118.9,118.7,133.4,140.6,145.9,145.7,157.7,157.6,154.2,153.3,148.3,144.7,148.2,148.0,145.8,151.1,152.1,149.7,148.9,145.1,140.1,137.7,139.5,139.2,139.0,142.1,142.3,145.5,145.2,149.5,148.9,148.9,151.0,155.0,161.5,159.1,156.8,151.4,149.6,149.5,148.9,149.1,146.7,149.8,147.5,152.3
EIUIZ3116                     ,EIUIZ3116                     ,"Monthly import price index for NAICS 3116, Animal slaughtering and processing, not seasonally adjusted",Index base: 2005.12=100,2005-M12,2021-M11,100.0,99.0,99.2,101.5,101.4,100.8,104.0,105.5,105.4,110.6,124.9,131.1,108.0,104.8,108.1,113.8,114.3,122.9,130.2,133.5,140.7,151.5,150.8,147.7,151.3,156.7,152.5,156.9,157.6,156.4,156.6,158.2,160.0,170.2,179.8,201.7,189.6,181.2,177.3,177.2,160.7,162.3,173.7,176.7,175.4,179.5,191.2,186.4,190.4,189.9,188.1,181.5,182.8,192.5,196.7,195.8,207.7,194.0,214.6,200.2,202.3,219.8,264.8,246.4
EIUIZ311611                   ,EIUIZ311611                   ,"Monthly import price index for NAICS 3116, Animal (except poultry) slaughtering, not seasonally adjusted",Index base: 2019.12=100,2019-M12,2021-M11,,,,,,,,,,,,,,,,,,,,,,,,,,,,,,,,,,,,,,,,,,,,,,,,,,,,,,,,,100.0,92.9,103.8,96.5,97.3,106.3,129.1,119.2
EIUIZ3117                     ,EIUIZ3117                     ,"Monthly import price index for NAICS 3117, Seafood product preparation and packaging, not seasonally adjusted",Index base: 2005.12=100,2005-M12,2021-M11,100.0,101.8,101.7,102.9,101.5,105.4,106.9,111.6,110.5,113.6,117.2,116.6,110.1,109.2,108.2,106.8,107.4,107.9,114.3,119.9,127.8,131.4,139.4,141.1,140.0,140.3,138.4,132.2,133.8,139.1,149.3,161.9,161.8,168.4,159.2,163.4,160.0,155.1,147.0,147.1,147.4,151.0,156.4,158.5,158.8,160.2,162.8,158.9,157.1,159.6,156.9,157.6,153.9,156.3,157.7,156.1,154.3,154.4,148.4,147.8,150.8,154.3,171.6,178.5
EIUIZ3119                     ,EIUIZ3119                     ,"Monthly import price index for NAICS 3119, Other food manufacturing, not seasonally adjusted",Index base: 2005.12=100,2005-M12,2021-M11,100.0,101.8,100.7,104.2,111.9,114.5,116.7,118.3,119.0,123.9,127.3,127.2,121.8,115.5,118.3,121.1,128.0,123.8,134.4,141.5,144.6,170.3,187.1,203.1,204.0,228.6,264.0,212.0,214.9,193.7,191.2,185.0,175.0,174.2,175.5,179.6,182.8,180.3,182.3,179.5,175.5,170.2,171.4,172.6,171.6,172.5,167.8,168.3,168.0,170.7,167.4,168.2,167.4,165.6,166.0,166.2,168.8,169.0,169.3,172.7,172.4,176.6,176.0,180.4
EIUIZ312                      ,EIUIZ312                      ,"Monthly import price index for NAICS 312, Beverage and tobacco product manufacturing, not seasonally adjusted",Index base: 2005.12=100,2005-M12,2021-M11,100.0,100.6,100.9,101.8,102.2,102.7,102.7,103.2,104.4,104.6,105.9,106.2,106.3,106.9,107.0,107.4,108.8,109.3,108.1,108.6,110.3,110.4,110.7,111.7,112.0,111.6,111.8,111.8,112.0,113.5,113.2,113.9,114.6,115.5,115.5,117.5,117.3,117.8,117.7,118.3,117.8,118.7,118.8,117.9,117.9,118.3,118.7,119.3,119.4,120.6,121.7,121.8,122.1,122.1,122.9,125.5,126.0,129.3,128.3,129.7,128.7,131.8,132.6,132.7
EIUIZ3121                     ,EIUIZ3121                     ,"Monthly import price index for NAICS 3121, Beverage manufacturing, not seasonally adjusted",Index base: 2009.12=100,2009-M12,2021-M11,,,,,,,,,,,,,,,,,100.0,100.2,99.0,99.5,101.2,101.2,101.5,102.6,102.8,102.5,102.7,102.5,103.0,104.5,104.2,104.7,105.4,106.3,106.3,108.3,108.0,108.5,108.3,108.9,108.6,109.4,109.5,108.7,108.6,108.9,109.4,109.9,110.2,111.4,112.4,112.5,112.8,112.9,113.5,116.1,116.5,119.8,118.9,119.1,119.2,122.3,122.7,122.8
EIUIZ31212                    ,EIUIZ31212                    ,"Monthly import price index for NAICS 31212, Breweries, not seasonally adjusted",Index base: 2006.12=100,2006-M12,2021-M11,,,,,100.0,101.1,101.1,101.5,102.5,103.4,103.3,101.1,101.4,101.8,102.1,101.8,102.2,107.6,107.3,106.9,107.8,109.2,109.5,109.9,109.9,110.3,110.2,110.4,110.4,110.3,110.4,110.7,110.9,110.9,111.1,120.2,119.8,122.3,122.1,123.2,122.5,124.4,124.7,122.4,122.2,123.0,123.0,123.1,123.1,125.0,124.8,124.6,124.6,124.6,128.9,130.4,132.4,135.8,135.8,135.8,136.2,139.1,138.6,138.6
EIUIZ31213                    ,EIUIZ31213                    ,"Monthly import price index for NAICS 31213, Wineries, not seasonally adjusted",Index base: 2005.12=100,2005-M12,2021-M11,100.0,100.9,101.9,102.5,103.1,103.9,103.4,104.1,106.3,107.5,109.8,110.6,109.5,110.6,111.0,111.8,112.3,111.5,109.8,110.3,111.4,111.8,113.0,113.7,112.9,112.7,112.7,112.5,113.1,114.3,114.2,114.8,115.2,117.8,118.0,117.9,117.2,116.4,116.9,117.1,116.9,117.8,118.2,118.1,117.8,117.4,118.4,119.0,119.7,120.6,122.9,122.9,123.2,124.2,123.2,122.8,123.1,122.4,120.3,121.1,120.9,128.4,128.6,128.3
EIUIZ31214                    ,EIUIZ31214                    ,"Monthly import price index for NAICS 31214, Distilleries, not seasonally adjusted",Index base: 2005.12=100,2005-M12,2021-M11,100.0,100.3,100.3,101.3,101.5,101.6,102.1,102.8,103.5,103.7,104.6,106.4,105.7,106.1,106.5,107.2,108.9,107.9,107.1,108.1,108.6,108.3,109.7,110.5,110.2,110.4,111.2,111.6,111.8,112.6,112.9,113.9,114.2,114.8,115.1,115.9,116.2,117.0,116.4,117.5,117.4,118.1,118.0,116.6,116.8,117.6,117.8,118.6,118.9,118.8,120.2,121.1,121.1,121.7,122.7,131.6,131.3,140.6,140.6,140.3,140.3,139.7,140.3,140.4
EIUIZ313                      ,EIUIZ313                      ,"Monthly import price index for NAICS 313, Textile mills, not seasonally adjusted",Index base: 2011.12=100,2011-M12,2021-M11,,,,,,,,,,,,,,,,,,,,,,,,,100.0,101.5,101.5,102.4,102.3,101.9,101.3,100.9,101.6,102.1,102.0,102.7,103.1,102.0,101.2,100.4,99.4,98.7,98.7,97.8,97.9,98.2,98.2,99.4,100.2,100.4,99.8,100.2,100.2,99.9,99.1,99.8,99.3,97.8,98.5,101.9,101.3,102.6,104.1,109.2
EIUIZ3132                     ,EIUIZ3132                     ,"Monthly import price index for NAICS 3132, Fabric mills, not seasonally adjusted",Index base: 2005.12=100,2005-M12,2021-M11,100.0,99.7,102.4,102.5,103.3,104.7,105.1,105.9,107.1,109.3,112.2,111.9,109.2,112.2,112.4,114.8,115.9,115.7,115.5,115.5,116.4,124.2,129.9,132.7,132.3,134.7,135.0,135.7,135.6,135.3,134.2,134.6,135.3,136.5,135.7,136.0,137.2,136.3,135.5,134.3,132.9,131.9,131.9,130.6,130.6,130.2,130.3,132.6,133.3,133.9,133.2,133.4,133.5,133.3,131.5,131.9,131.1,130.0,130.4,134.6,132.7,134.7,137.6,146.5
EIUIZ314                      ,EIUIZ314                      ,"Monthly import price index for NAICS 314, Textile product mills, not seasonally adjusted",Index base: 2005.12=100,2005-M12,2021-M11,100.0,100.2,100.3,100.7,100.5,100.7,100.6,100.1,100.6,101.6,101.7,102.2,101.8,100.7,98.8,99.4,100.3,100.5,102.1,103.7,106.6,114.3,116.4,118.6,118.5,116.4,116.0,115.6,115.9,115.3,115.6,114.7,114.4,114.5,114.3,114.2,113.7,112.9,112.4,111.8,110.8,109.5,108.7,109.0,108.8,108.5,108.6,109.3,109.2,109.8,109.4,109.0,109.2,108.7,109.1,107.8,107.2,107.0,106.5,106.0,106.7,107.2,109.8,111.6
EIUIZ3141                     ,EIUIZ3141                     ,"Monthly import price index for NAICS 3141, Textile furnishings mills, not seasonally adjusted",Index base: 2005.12=100,2005-M12,2021-M11,100.0,100.5,100.7,101.3,101.2,101.1,101.0,99.9,100.1,101.2,100.8,101.2,100.4,98.5,98.1,97.9,97.9,97.0,99.1,100.6,104.3,114.0,116.0,119.1,118.3,114.0,112.1,111.6,111.7,111.0,111.5,110.2,110.2,110.7,110.3,110.3,109.7,108.6,108.2,107.2,106.2,105.2,104.5,104.9,104.6,103.9,104.0,104.9,104.5,105.1,104.4,103.5,103.7,102.9,103.6,103.4,102.4,101.3,101.0,101.4,102.1,102.6,103.6,104.6
EIUIZ31412                    ,EIUIZ31412                    ,"Monthly import price index for NAICS 31412, Curtain and linen mills, not seasonally adjusted",Index base: 2005.12=100,2005-M12,2021-M11,100.0,100.6,100.5,101.3,101.0,101.0,100.8,99.0,98.9,99.9,99.1,99.5,98.6,96.8,96.3,96.2,96.1,95.8,97.8,99.6,104.0,114.9,117.0,120.2,119.4,114.4,112.2,111.6,111.8,110.7,111.3,110.5,110.5,111.1,110.7,110.6,110.5,109.5,109.1,107.9,106.8,105.7,105.1,105.6,105.7,105.0,105.1,105.5,105.5,105.5,105.2,105.1,104.8,104.0,104.2,103.7,102.5,100.7,100.5,100.8,101.4,101.8,102.2,103.5
EIUIZ3149                     ,EIUIZ3149                     ,"Monthly import price index for NAICS 3149, Other textile product mills, not seasonally adjusted",Index base: 2006.12=100,2006-M12,2021-M11,,,,,100.0,101.0,100.9,102.1,103.1,104.3,105.5,106.3,106.8,107.9,102.2,104.7,108.4,111.1,111.7,113.5,114.3,116.7,119.5,119.5,120.9,125.1,128.8,128.8,129.3,128.9,128.7,128.7,127.9,126.9,127.2,126.8,126.5,126.8,126.0,126.3,125.1,123.2,122.2,122.3,122.3,122.9,122.9,123.2,123.9,124.5,124.9,125.9,125.8,126.2,126.1,121.7,122.2,124.2,123.2,120.3,120.9,121.6,128.7,132.4
EIUIZ31499                    ,EIUIZ31499                    ,"Monthly import price index for NAICS 31499, All other textile product mills, not seasonally adjusted",Index base: 2012.12=100,2012-M12,2021-M11,,,,,,,,,,,,,,,,,,,,,,,,,,,,,100.0,99.4,98.8,99.0,98.3,97.3,97.6,97.0,96.7,96.9,96.3,96.6,96.4,94.9,94.0,94.0,93.9,94.5,94.5,94.7,95.6,95.8,95.9,96.9,96.9,97.2,97.1,92.3,91.7,93.4,91.9,89.0,88.5,89.1,96.4,98.8
EIUIZ315                      ,EIUIZ315                      ,"Monthly import price index for NAICS 315, Apparel manufacturing, not seasonally adjusted",Index base: 2005.12=100,2005-M12,2021-M11,100.0,99.8,99.8,100.0,99.9,100.5,101.0,102.1,102.2,102.4,102.1,101.8,102.4,102.6,102.2,101.9,100.9,101.5,101.3,101.7,103.3,105.7,109.0,111.2,111.4,112.1,111.9,111.1,110.9,110.6,110.5,110.4,110.6,110.5,111.0,112.0,112.1,112.2,112.0,111.7,111.4,111.5,111.3,111.2,111.1,111.1,110.9,111.2,110.8,111.3,111.7,111.9,112.0,112.1,112.1,112.4,112.5,112.6,113.0,112.9,112.7,113.0,113.2,113.9
EIUIZ3152                     ,EIUIZ3152                     ,"Monthly import price index for NAICS 3152, Cut and sew apparel manufacturing, not seasonally adjusted",Index base: 2009.12=100,2009-M12,2021-M11,,,,,,,,,,,,,,,,,100.0,100.7,100.4,100.9,102.5,105.0,108.4,110.8,111.0,111.7,111.3,110.4,110.1,109.8,109.8,109.8,109.8,109.7,110.1,111.2,111.2,111.4,111.2,110.9,110.7,110.8,110.7,110.7,110.6,110.6,110.4,110.6,110.2,110.7,111.0,111.3,111.5,111.6,111.7,112.2,112.2,112.2,112.3,112.1,112.1,112.4,112.6,113.3
EIUIZ31522                    ,EIUIZ31522                    ,"Monthly import price index for NAICS 31522, Men and boys cut and sew apparel manufacturing, not seasonally adjusted",Index base: 2005.12=100,2005-M12,2021-M11,100.0,99.5,99.8,99.4,99.4,99.6,99.8,99.5,99.3,99.5,99.8,100.0,100.3,100.9,101.0,100.9,100.7,100.0,100.1,100.5,101.1,104.0,108.7,111.5,112.2,113.6,113.6,113.0,111.7,112.1,111.7,111.6,110.9,111.9,112.4,113.7,113.5,114.4,114.0,113.5,113.1,113.3,113.2,113.4,113.3,113.5,113.6,113.5,113.1,114.2,114.7,114.8,114.8,115.1,115.4,115.3,115.1,116.1,116.4,116.4,116.8,117.3,118.0,120.0
EIUIZ31524                    ,EIUIZ31524                    ,"Monthly import price index for NAICS 31524, Women, girls, and infants cut and sew apparel manufacturing, not seasonally adjusted",Index base: 2013.12=100,2013-M12,2021-M11,,,,,,,,,,,,,,,,,,,,,,,,,,,,,,,,,100.0,99.2,99.3,100.2,100.4,100.2,100.1,100.0,100.0,100.1,99.9,99.8,99.7,99.5,99.2,99.6,99.3,99.4,99.5,99.9,100.3,100.3,100.3,101.0,101.3,100.7,100.7,100.4,100.1,100.2,100.2,100.0
EIUIZ3159                     ,EIUIZ3159                     ,"Monthly import price index for NAICS 3159, Apparel accessories and other apparel manufacturing, not seasonally adjusted",Index base: 2005.12=100,2005-M12,2021-M11,100.0,99.1,98.6,99.2,99.4,99.7,100.7,101.3,104.5,106.1,107.4,104.9,108.0,106.9,108.5,107.8,108.0,107.9,107.4,107.3,108.8,110.1,112.5,113.0,112.7,112.7,114.8,116.0,117.8,118.4,116.0,115.1,116.7,117.6,118.7,119.4,119.3,118.7,119.2,118.8,117.3,116.4,116.1,114.9,115.1,115.1,114.5,115.0,115.0,116.0,117.4,116.3,116.3,115.4,114.6,113.3,113.0,115.4,119.7,120.9,118.3,118.8,118.0,119.1
EIUIZ316                      ,EIUIZ316                      ,"Monthly import price index for NAICS 316, Leather and allied product manufacturing, not seasonally adjusted",Index base: 2005.12=100,2005-M12,2021-M11,100.0,100.0,100.6,100.9,101.1,101.3,101.5,102.6,103.3,103.9,105.1,105.7,106.5,107.6,107.5,107.2,107.0,106.4,107.0,108.2,108.6,109.9,113.2,114.5,116.9,119.2,119.5,120.7,120.9,121.4,121.8,121.5,121.8,122.9,123.4,123.7,124.0,124.2,124.4,124.6,124.4,123.7,123.3,123.0,123.1,122.9,123.1,122.6,122.9,122.8,123.4,123.3,123.8,123.5,123.2,123.0,123.7,124.2,124.1,123.9,123.4,123.9,125.1,127.6
EIUIZ3162                     ,EIUIZ3162                     ,"Monthly import price index for NAICS 3162, Footwear manufacturing, not seasonally adjusted",Index base: 2005.12=100,2005-M12,2021-M11,100.0,99.9,100.2,100.4,100.4,100.6,100.4,101.2,101.8,102.5,103.8,104.4,105.0,106.8,106.8,106.2,105.9,104.8,105.6,107.1,107.4,108.6,111.6,112.8,115.5,117.1,117.4,119.3,119.6,120.0,120.4,119.9,120.2,120.5,121.3,121.6,122.0,122.0,122.3,122.8,122.5,122.1,121.9,121.4,121.5,121.4,121.4,120.6,121.0,120.7,121.0,121.2,122.0,121.3,121.2,121.1,122.1,122.5,122.6,122.7,121.7,122.1,123.1,124.8
EIUIZ32                       ,EIUIZ32                       ,"Monthly import price index for NAICS 32, Manufacturing, part 2, not seasonally adjusted",Index base: 2005.12=100,2005-M12,2021-M11,100.0,100.8,105.8,103.9,102.4,105.4,109.6,111.0,116.7,123.7,135.2,131.9,107.5,106.8,114.5,115.1,118.3,122.0,122.0,121.4,127.4,136.5,138.2,140.1,139.8,140.9,136.5,139.8,137.0,139.6,136.3,136.3,135.9,139.2,138.9,136.5,129.2,123.5,123.8,118.4,116.0,112.3,116.3,115.3,117.1,120.4,120.2,121.9,124.2,125.6,129.0,129.2,126.3,126.5,125.8,125.8,125.0,122.1,118.7,122.9,123.7,131.9,141.5,137.9
EIUIZ321                      ,EIUIZ321                      ,"Monthly import price index for NAICS 321, Wood product manufacturing, not seasonally adjusted",Index base: 2019.12=100,2019-M12,2021-M11,,,,,,,,,,,,,,,,,,,,,,,,,,,,,,,,,,,,,,,,,,,,,,,,,,,,,,,,,100.0,106.5,104.7,158.4,143.3,192.7,259.8,127.9
EIUIZ322                      ,EIUIZ322                      ,"Monthly import price index for NAICS 322, Paper manufacturing, not seasonally adjusted",Index base: 2005.12=100,2005-M12,2021-M11,100.0,101.4,103.8,105.4,105.3,104.2,103.7,104.0,103.4,108.6,111.5,114.2,109.9,105.4,102.3,99.0,101.0,103.8,108.8,110.3,110.6,110.9,113.1,112.3,111.7,111.4,111.2,110.5,110.1,110.1,110.4,110.6,111.1,110.0,110.8,111.1,111.3,109.6,108.4,107.1,105.9,105.7,105.6,104.5,104.5,104.2,105.1,105.3,106.2,107.6,111.9,115.9,116.4,116.0,113.2,110.5,108.1,107.2,108.0,106.9,107.3,109.4,115.1,118.9
EIUIZ3221                     ,EIUIZ3221                     ,"Monthly import price index for NAICS 3221, Pulp, paper, and paperboard mills, not seasonally adjusted",Index base: 2005.12=100,2005-M12,2021-M11,100.0,101.3,104.3,105.9,105.4,104.0,102.8,103.6,101.9,107.3,110.2,112.5,106.8,100.8,96.6,93.1,96.0,99.3,106.5,108.6,109.1,108.2,111.1,109.4,108.5,107.7,107.7,106.5,105.7,106.1,106.7,107.1,107.6,106.8,107.5,107.1,106.7,105.5,104.0,102.8,101.3,100.5,100.3,98.2,99.1,98.1,99.7,100.0,102.3,104.7,110.5,117.0,118.1,117.3,112.9,106.7,101.8,99.8,101.4,98.3,98.9,102.8,113.7,121.3
EIUIZ3222                     ,EIUIZ3222                     ,"Monthly import price index for NAICS 3222, Converted paper product manufacturing, not seasonally adjusted",Index base: 2005.12=100,2005-M12,2021-M11,100.0,101.7,102.4,104.1,105.0,104.6,105.5,104.9,106.7,111.5,114.4,118.1,116.5,114.8,113.9,110.8,111.2,113.0,113.8,113.9,114.1,116.4,117.4,118.3,118.3,118.5,118.1,118.4,118.5,117.9,117.7,117.8,118.1,116.6,117.5,118.9,119.7,117.4,116.5,115.0,114.1,114.6,114.6,114.7,113.6,114.0,114.3,114.4,114.1,114.5,117.7,119.6,119.6,119.6,118.0,118.1,117.9,117.8,118.0,118.4,118.7,119.4,121.0,121.7
EIUIZ32222                    ,EIUIZ32222                    ,"Monthly import price index for NAICS 32222, Paper bag and coated and treated paper manufacturing, not seasonally adjusted",Index base: 2006.12=100,2006-M12,2021-M11,,,,,100.0,99.2,99.2,99.4,101.2,101.9,105.3,108.0,105.7,100.9,98.9,100.0,100.8,103.6,105.3,105.5,105.5,107.5,109.0,111.5,112.1,113.0,111.9,112.6,113.2,112.8,112.3,112.2,112.7,111.0,112.5,116.0,117.8,113.3,111.5,109.4,107.7,106.5,107.0,107.2,105.3,105.9,107.3,107.9,107.3,106.9,112.1,115.0,114.6,114.7,111.7,111.8,111.8,111.5,111.8,113.3,113.8,113.7,114.3,115.6
EIUIZ324                      ,EIUIZ324                      ,"Monthly import price index for NAICS 324, Petroleum and coal products manufacturing, not seasonally adjusted",Index base: 2005.12=100,2005-M12,2021-M11,100.0,99.9,120.2,106.9,98.3,107.4,119.3,119.3,137.8,151.0,194.2,165.6,70.3,79.6,111.5,116.6,123.4,128.9,123.1,120.8,140.5,176.1,175.6,181.6,178.9,181.9,157.3,175.1,160.6,169.4,157.1,163.1,159.7,166.9,165.8,156.1,118.0,99.4,102.5,82.1,74.3,56.7,76.4,73.8,80.0,83.8,81.4,90.1,94.7,93.9,104.1,104.6,95.4,98.9,100.5,102.2,98.9,84.1,71.1,73.6,75.7,94.7,109.6,116.5
EIUIZ325                      ,EIUIZ325                      ,"Monthly import price index for NAICS 325, Chemical manufacturing, not seasonally adjusted",Index base: 2005.12=100,2005-M12,2021-M11,100.0,101.3,101.1,103.6,106.0,107.9,110.5,112.5,115.4,123.1,125.4,129.9,124.0,118.8,120.3,119.2,122.0,125.3,126.1,126.4,129.4,130.2,133.0,133.6,134.3,134.5,135.5,134.4,134.8,136.3,135.2,133.2,133.7,137.7,137.6,136.8,137.5,134.4,134.3,132.5,131.1,130.4,130.8,129.8,131.2,135.6,135.7,135.2,137.6,139.5,140.6,141.6,140.5,139.8,138.8,138.5,138.3,137.5,135.6,136.7,138.7,142.5,148.5,150.5
EIUIZ3251                     ,EIUIZ3251                     ,"Monthly import price index for NAICS 3251, Basic chemical manufacturing, not seasonally adjusted",Index base: 2005.12=100,2005-M12,2021-M11,100.0,105.4,106.9,112.3,118.3,122.3,129.3,133.6,138.0,152.4,153.8,159.5,149.5,142.2,142.4,142.2,144.8,144.6,145.4,145.5,153.7,163.8,171.6,172.3,167.5,171.3,168.0,166.6,163.5,163.6,161.9,156.8,158.0,158.9,155.1,153.5,155.0,147.0,148.0,143.2,138.4,133.1,134.6,133.7,136.5,141.0,141.6,141.9,147.2,150.7,155.6,154.5,152.4,150.4,149.2,145.2,145.6,143.7,137.7,138.7,146.2,158.1,173.1,177.8
EIUIZ32518                    ,EIUIZ32518                    ,"Monthly import price index for NAICS 32518, Other basic inorganic chemical manufacturing, not seasonally adjusted",Index base: 2008.12=100,2008-M12,2021-M11,,,,,,,,,,,,,100.0,93.5,83.8,78.5,75.3,75.9,76.2,75.2,82.0,91.0,94.3,92.8,90.3,89.3,87.8,85.9,81.3,78.2,78.8,73.1,71.0,68.8,68.1,66.2,73.3,72.2,71.6,67.0,64.5,56.6,58.7,55.7,57.6,59.3,62.2,62.2,65.1,66.0,69.5,68.5,71.1,71.2,68.3,63.3,63.5,58.5,56.4,55.3,59.1,69.0,81.4,84.3
EIUIZ32519                    ,EIUIZ32519                    ,"Monthly import price index for NAICS 32519, Other basic organic chemical manufacturing, not seasonally adjusted",Index base: 2005.12=100,2005-M12,2021-M11,100.0,104.7,104.1,105.8,110.5,108.4,103.6,106.4,114.8,121.6,120.6,121.4,108.6,105.7,106.1,106.9,108.5,106.8,105.2,105.4,109.2,112.5,115.3,117.0,114.7,116.8,117.0,117.6,119.2,120.3,119.0,117.8,120.0,121.3,118.0,117.3,115.8,109.1,110.7,108.7,105.2,104.4,104.3,104.6,106.6,109.1,108.4,109.3,113.3,116.2,119.0,117.7,114.4,112.6,112.9,111.9,112.2,112.9,107.8,108.9,115.1,122.1,131.1,134.5
EIUIZ325199                   ,EIUIZ325199                   ,"Monthly import price index for NAICS 325199, All other basic organic chemical manufacturing, not seasonally adjusted",Index base: 2019.12=100,2019-M12,2021-M11,,,,,,,,,,,,,,,,,,,,,,,,,,,,,,,,,,,,,,,,,,,,,,,,,,,,,,,,,100.0,100.5,98.3,98.4,102.9,107.8,113.0,117.6
EIUIZ3253                     ,EIUIZ3253                     ,"Monthly import price index for NAICS 3253, Pesticide, fertilizer, and other agricultural chemical manufacturing, not seasonally adjusted",Index base: 2007.12=100,2007-M12,2021-M11,,,,,,,,,100.0,127.4,143.9,178.8,140.8,95.1,104.5,98.4,120.2,138.6,136.8,141.1,167.5,188.6,205.7,213.4,215.1,189.8,234.1,221.3,218.0,215.7,198.1,168.7,168.5,183.6,188.5,184.9,190.7,174.8,169.8,163.3,151.6,136.4,131.5,124.0,126.5,146.7,132.4,120.3,149.1,148.1,145.6,154.9,168.3,154.9,143.0,141.4,144.5,142.2,135.2,141.5,155.8,200.7,253.7,297.1
EIUIZ32531                    ,EIUIZ32531                    ,"Monthly import price index for NAICS 32531, Fertilizer manufacturing, not seasonally adjusted",Index base: 2019.12=100,2019-M12,2021-M11,,,,,,,,,,,,,,,,,,,,,,,,,,,,,,,,,,,,,,,,,,,,,,,,,,,,,,,,,100.0,100.1,95.2,100.7,112.3,151.1,194.7,227.6
EIUIZ3254                     ,EIUIZ3254                     ,"Monthly import price index for NAICS 3254, Pharmaceutical and medicine manufacturing, not seasonally adjusted",Index base: 2005.12=100,2005-M12,2021-M11,100.0,100.3,99.8,100.1,101.8,102.5,102.8,103.6,104.5,107.7,108.3,108.1,107.8,109.0,108.8,108.9,110.3,113.4,113.9,114.2,112.5,108.1,107.3,107.3,110.3,109.8,110.8,110.6,112.4,114.2,114.5,114.9,114.8,119.2,120.1,120.1,120.6,120.4,120.6,121.3,122.4,125.8,125.7,124.4,125.9,130.0,130.6,130.0,129.9,131.0,131.9,133.8,132.4,133.2,132.6,134.1,133.8,133.7,133.6,134.2,133.9,132.3,132.5,131.5
EIUIZ325412                   ,EIUIZ325412                   ,"Monthly import price index for NAICS 325412, Pharmaceutical preparation manufacturing, not seasonally adjusted",Index base: 2019.12=100,2019-M12,2021-M11,,,,,,,,,,,,,,,,,,,,,,,,,,,,,,,,,,,,,,,,,,,,,,,,,,,,,,,,,100.0,97.6,97.1,97.2,96.8,96.1,96.1,95.1
EIUIZ325414                   ,EIUIZ325414                   ,"Monthly import price index for NAICS 325414, Biological product (except diagnostic) manufacturing, not seasonally adjusted",Index base: 2019.12=100,2019-M12,2021-M11,,,,,,,,,,,,,,,,,,,,,,,,,,,,,,,,,,,,,,,,,,,,,,,,,,,,,,,,,100.0,105.6,106.5,107.9,107.8,105.3,105.3,105.2
EIUIZ3259                     ,EIUIZ3259                     ,"Monthly import price index for NAICS 3259, Other chemical product and preparation manufacturing, not seasonally adjusted",Index base: 2006.12=100,2006-M12,2021-M11,,,,,100.0,100.1,106.3,108.0,110.1,113.0,120.0,125.0,133.6,130.0,126.8,124.0,121.1,122.1,129.7,122.7,128.5,136.1,139.7,141.9,144.6,154.7,150.0,148.6,148.1,149.1,146.9,149.4,161.6,161.4,164.2,162.3,159.9,159.0,157.8,156.0,155.1,153.1,154.3,156.6,155.9,155.5,153.6,155.4,155.0,157.6,155.5,153.3,151.1,148.2,147.9,145.3,143.2,142.3,143.1,141.5,142.4,144.0,145.2,149.1
EIUIZ32599                    ,EIUIZ32599                    ,"Monthly import price index for NAICS 32599, All other chemical product and preparation manufacturing, not seasonally adjusted",Index base: 2016.12=100,2016-M12,2021-M11,,,,,,,,,,,,,,,,,,,,,,,,,,,,,,,,,,,,,,,,,,,,,100.0,99.7,97.9,99.6,99.2,100.2,98.1,95.7,93.0,89.3,86.6,83.9,83.6,82.6,82.3,80.3,79.9,81.8,83.7,87.3
EIUIZ326                      ,EIUIZ326                      ,"Monthly import price index for NAICS 326, Plastics and rubber products manufacturing, not seasonally adjusted",Index base: 2005.12=100,2005-M12,2021-M11,100.0,100.6,101.6,103.2,103.5,103.5,103.3,104.4,105.8,108.7,111.2,114.1,113.2,112.9,112.3,112.0,113.3,114.0,115.4,116.1,116.5,120.1,123.4,125.2,125.8,127.2,127.6,127.5,127.5,127.0,125.4,124.6,124.4,123.2,122.9,121.8,121.9,120.4,119.5,118.8,118.3,117.1,117.2,117.6,116.7,117.7,117.8,118.4,118.3,119.1,119.6,119.5,120.1,119.4,119.2,118.6,119.2,118.7,118.8,121.6,122.8,123.7,123.7,127.9
EIUIZ3261                     ,EIUIZ3261                     ,"Monthly import price index for NAICS 3261, Plastics product manufacturing, not seasonally adjusted",Index base: 2005.12=100,2005-M12,2021-M11,100.0,100.4,101.0,101.7,102.2,101.8,101.8,103.2,104.6,108.7,111.6,114.9,112.8,109.9,109.4,108.9,111.1,111.0,111.7,111.9,112.0,114.8,117.1,118.1,118.2,118.4,119.1,118.7,119.0,119.9,119.6,120.3,120.2,119.7,119.6,119.7,119.1,118.9,118.3,117.9,117.8,116.5,116.4,116.1,114.8,116.3,116.1,117.9,117.9,118.9,119.5,119.9,121.0,119.9,119.7,119.4,120.0,119.3,119.6,124.0,125.6,126.4,126.0,129.1
EIUIZ32611                    ,EIUIZ32611                    ,"Monthly import price index for NAICS 32611, Plastics packaging materials and unlaminated film and sheet manufacturing, not seasonally adjusted",Index base: 2019.12=100,2019-M12,2021-M11,,,,,,,,,,,,,,,,,,,,,,,,,,,,,,,,,,,,,,,,,,,,,,,,,,,,,,,,,100.0,99.1,98.5,99.0,99.7,101.5,107.4,111.8
EIUIZ326113                   ,EIUIZ326113                   ,"Monthly import price index for NAICS 326113, Unlaminated plastics film and sheet (except packaging) manufacturing, not seasonally adjusted",Index base: 2020.12=100,2020-M12,2021-M11,,,,,,,,,,,,,,,,,,,,,,,,,,,,,,,,,,,,,,,,,,,,,,,,,,,,,,,,,,,,,100.0,101.8,108.2,112.9
EIUIZ32619                    ,EIUIZ32619                    ,"Monthly import price index for NAICS 32619, Other plastics product manufacturing, not seasonally adjusted",Index base: 2005.12=100,2005-M12,2021-M11,100.0,99.9,100.3,101.1,101.8,101.2,101.0,102.7,103.4,107.8,110.4,112.4,112.5,112.8,112.6,111.2,111.9,111.2,111.3,111.8,110.5,112.8,114.4,115.8,116.1,116.8,117.1,117.1,117.5,117.9,117.6,118.7,118.2,116.7,116.6,116.9,117.1,116.9,116.8,116.6,116.5,116.6,116.5,116.1,114.7,116.8,116.3,118.6,118.5,119.3,119.0,118.9,121.2,120.8,120.6,121.1,122.4,121.6,122.2,128.4,130.4,131.0,127.7,130.5
EIUIZ3262                     ,EIUIZ3262                     ,"Monthly import price index for NAICS 3262, Rubber product manufacturing, not seasonally adjusted",Index base: 2005.12=100,2005-M12,2021-M11,100.0,101.0,102.4,105.5,105.5,106.2,105.5,106.3,107.5,108.7,110.7,113.1,113.8,117.0,116.4,116.4,116.6,118.2,120.6,121.8,122.8,127.6,132.4,135.3,136.9,139.8,139.9,140.1,139.8,137.2,134.1,131.2,130.9,128.8,128.2,125.5,126.7,123.2,122.1,120.9,119.9,119.0,119.2,120.5,120.1,120.5,121.0,120.1,119.8,120.2,120.6,119.8,119.4,119.5,119.5,118.3,118.9,118.6,118.4,118.8,119.5,120.6,121.3,127.2
EIUIZ32621                    ,EIUIZ32621                    ,"Monthly import price index for NAICS 32621, Tire manufacturing, not seasonally adjusted",Index base: 2005.12=100,2005-M12,2021-M11,100.0,101.4,103.2,107.6,107.8,108.6,108.7,109.6,111.2,112.2,114.4,117.2,119.0,122.2,121.7,121.6,121.5,123.6,127.0,128.4,129.5,135.0,140.9,145.6,148.4,152.7,152.3,152.5,151.7,147.8,145.2,141.1,140.7,137.5,136.0,132.2,134.2,129.7,128.7,127.4,125.8,124.2,124.2,125.9,125.4,126.5,127.3,125.9,125.1,125.8,127.1,126.4,126.0,125.4,125.6,124.2,125.3,124.9,124.5,123.6,123.3,124.1,123.6,131.4
EIUIZ327                      ,EIUIZ327                      ,"Monthly import price index for NAICS 327, Nonmetallic mineral product manufacturing, not seasonally adjusted",Index base: 2005.12=100,2005-M12,2021-M11,100.0,100.6,103.2,103.6,103.4,104.8,105.5,107.4,109.5,110.9,112.1,115.4,117.6,119.2,120.3,119.6,119.3,120.5,120.9,122.2,123.5,126.1,127.6,128.0,128.5,129.5,129.9,130.3,129.1,128.9,129.3,129.7,129.9,130.3,130.6,130.4,130.1,130.3,131.1,130.2,130.4,130.0,129.7,129.3,128.9,128.5,128.3,128.3,129.1,130.1,131.1,131.3,130.8,131.0,131.2,130.7,131.4,131.2,131.2,130.6,131.0,132.0,133.7,134.5
EIUIZ3279                     ,EIUIZ3279                     ,"Monthly import price index for NAICS 3279, Other nonmetallic mineral product manufacturing, not seasonally adjusted",Index base: 2019.12=100,2019-M12,2021-M11,,,,,,,,,,,,,,,,,,,,,,,,,,,,,,,,,,,,,,,,,,,,,,,,,,,,,,,,,100.0,99.4,99.4,97.9,98.7,99.7,103.1,103.6
EIUIZ32799                    ,EIUIZ32799                    ,"Monthly import price index for NAICS 32799, All other nonmetallic mineral product manufacturing, not seasonally adjusted",Index base: 2019.12=100,2019-M12,2021-M11,,,,,,,,,,,,,,,,,,,,,,,,,,,,,,,,,,,,,,,,,,,,,,,,,,,,,,,,,100.0,99.3,99.3,98.8,99.7,100.2,103.9,103.8
EIUIZ33                       ,EIUIZ33                       ,"Monthly import price index for NAICS 33, Manufacturing, part 3, not seasonally adjusted",Index base: 2005.12=100,2005-M12,2021-M11,100.0,100.8,102.9,103.3,103.7,103.8,104.9,104.9,106.0,107.9,110.2,109.5,105.4,104.0,104.4,105.5,106.3,106.1,106.5,106.5,107.4,109.0,110.1,110.6,109.9,110.5,109.8,109.7,109.8,109.6,108.5,108.0,107.8,107.9,108.2,107.9,107.1,105.9,105.3,104.4,103.5,103.2,103.3,103.5,103.2,103.4,103.6,104.2,104.1,105.1,105.1,104.5,104.4,104.2,103.6,103.5,103.2,103.6,103.5,104.7,105.2,106.9,108.5,109.3
EIUIZ331                      ,EIUIZ331                      ,"Monthly import price index for NAICS 331, Primary metal manufacturing, not seasonally adjusted",Index base: 2005.12=100,2005-M12,2021-M11,100.0,109.9,132.9,135.1,136.0,138.9,151.4,144.3,149.6,168.0,186.2,175.3,130.2,120.4,121.9,135.5,146.1,153.9,161.0,160.6,173.7,187.2,191.5,196.5,181.8,186.0,173.9,169.5,173.1,172.7,160.1,156.4,155.0,157.2,157.9,159.6,152.3,143.8,138.4,128.2,120.5,121.4,126.2,132.0,131.7,141.8,142.1,149.2,148.4,157.9,162.3,153.5,155.2,157.0,153.8,157.7,154.3,162.9,155.2,175.9,186.6,214.7,232.6,229.6
EIUIZ3311                     ,EIUIZ3311                     ,"Monthly import price index for NAICS 3311, Iron and steel mills and ferroalloy manufacturing, not seasonally adjusted",Index base: 2005.12=100,2005-M12,2021-M11,100.0,100.6,109.3,122.7,117.2,121.8,132.5,136.4,139.1,161.8,214.4,220.3,153.1,126.5,114.0,126.2,130.4,146.5,161.6,153.2,154.3,175.2,178.3,177.4,168.1,165.9,164.9,154.0,145.7,147.5,146.2,144.1,148.1,150.2,149.5,150.0,146.3,134.2,123.8,118.8,109.4,103.9,115.5,117.2,119.4,132.9,134.9,137.0,139.1,149.1,155.7,156.1,153.8,149.8,149.5,145.0,135.1,135.0,128.4,132.0,140.9,166.6,191.1,204.1
EIUIZ3313                     ,EIUIZ3313                     ,"Monthly import price index for NAICS 3313, Alumina and aluminum production and processing, not seasonally adjusted",Index base: 2005.12=100,2005-M12,2021-M11,100.0,117.0,131.8,119.5,125.1,124.9,126.4,120.7,120.6,128.5,135.3,131.0,96.8,78.4,84.3,102.6,104.9,110.8,111.8,113.2,121.5,129.3,134.4,128.3,118.0,120.0,114.4,108.4,112.0,115.1,111.5,109.5,108.3,109.2,116.1,119.0,115.8,108.3,104.2,97.2,93.5,92.2,91.5,90.3,93.5,101.1,101.0,105.8,106.7,114.9,119.4,112.3,109.5,108.0,105.3,101.1,101.1,99.9,95.7,107.8,123.7,133.0,150.6,160.0
EIUIZ331313                   ,EIUIZ331313                   ,"Monthly import price index for NAICS 331313, Alumina refining and primary aluminum production, not seasonally adjusted",Index base: 2019.12=100,2019-M12,2021-M11,,,,,,,,,,,,,,,,,,,,,,,,,,,,,,,,,,,,,,,,,,,,,,,,,,,,,,,,,100.0,100.4,92.6,104.0,120.1,136.6,150.4,162.2
EIUIZ3314                     ,EIUIZ3314                     ,"Monthly import price index for NAICS 3314, Nonferrous metal (except aluminum) production and processing, not seasonally adjusted",Index base: 2005.12=100,2005-M12,2021-M11,100.0,116.1,158.6,160.4,163.3,167.3,190.7,173.4,184.7,210.6,211.9,174.7,121.2,129.5,148.0,171.8,195.3,198.7,205.6,207.2,240.4,259.5,262.9,280.6,254.1,265.3,237.9,239.0,252.3,249.1,219.1,212.5,206.2,209.1,208.2,211.1,195.3,189.0,188.1,168.6,159.3,170.9,170.0,187.0,181.5,189.8,188.1,204.2,198.0,208.1,210.0,189.9,198.7,211.1,204.2,226.7,228.3,256.3,243.4,294.2,303.5,354.1,367.0,334.2
EIUIZ33141                    ,EIUIZ33141                    ,"Monthly import price index for NAICS 33141, Nonferrous metal (except aluminum) smelting and refining, not seasonally adjusted",Index base: 2005.12=100,2005-M12,2021-M11,100.0,113.5,142.4,135.4,133.5,141.5,145.1,142.4,168.4,202.8,196.5,170.7,133.6,167.9,172.9,178.1,209.3,202.9,221.8,221.8,264.6,275.5,304.4,342.5,322.0,326.3,290.3,296.6,319.0,302.0,255.3,244.6,231.3,234.4,233.1,236.8,217.2,210.0,209.5,186.7,176.0,192.0,190.8,212.7,204.7,213.8,211.3,231.7,222.2,234.4,234.6,209.8,219.0,233.9,226.0,255.7,255.6,295.8,274.4,337.8,349.5,416.0,454.7,423.6
EIUIZ332                      ,EIUIZ332                      ,"Monthly import price index for NAICS 332, Fabricated metal product manufacturing, not seasonally adjusted",Index base: 2005.12=100,2005-M12,2021-M11,100.0,101.9,103.0,104.8,105.5,106.7,108.3,109.6,111.6,114.9,119.8,121.8,119.1,116.9,116.3,115.7,116.4,116.6,118.3,119.1,121.4,123.3,125.9,129.2,129.2,129.7,129.4,130.2,130.1,129.4,128.1,126.7,126.3,126.4,126.9,127.7,127.4,126.4,126.2,125.7,123.9,122.7,122.1,122.1,121.2,121.3,122.7,125.0,126.1,128.2,128.3,127.9,126.9,126.6,126.3,126.7,126.7,126.0,126.0,126.6,127.4,132.1,137.3,142.6
EIUIZ3322                     ,EIUIZ3322                     ,"Monthly import price index for NAICS 3322, Cutlery and handtool manufacturing, not seasonally adjusted",Index base: 2005.12=100,2005-M12,2021-M11,100.0,101.8,102.3,101.9,102.2,101.1,101.3,101.7,103.0,105.8,106.6,108.2,107.9,108.7,108.3,107.4,109.1,109.5,109.8,110.5,111.6,112.8,114.7,115.6,115.4,116.7,116.7,117.1,116.6,117.4,116.8,116.3,116.4,116.3,116.9,117.1,117.2,117.3,117.5,116.4,115.1,115.3,114.7,115.1,114.5,115.2,115.3,115.2,115.3,116.3,116.9,117.4,117.9,118.0,118.0,117.9,118.8,116.5,116.4,116.2,116.2,117.6,119.1,120.1
EIUIZ332215                   ,EIUIZ332215                   ,"Monthly import price index for NAICS 332215, Metal kitchen cookware, utensil, cutlery, and flatware (except precious) manufacturing, not seasonally adjusted",Index base: 2020.12=100,2020-M12,2021-M11,,,,,,,,,,,,,,,,,,,,,,,,,,,,,,,,,,,,,,,,,,,,,,,,,,,,,,,,,,,,,100.0,101.2,102.2,102.6
EIUIZ3325                     ,EIUIZ3325                     ,"Monthly import price index for NAICS 3325, Hardware manufacturing, not seasonally adjusted",Index base: 2020.12=100,2020-M12,2021-M11,,,,,,,,,,,,,,,,,,,,,,,,,,,,,,,,,,,,,,,,,,,,,,,,,,,,,,,,,,,,,100.0,102.4,104.6,107.1
EIUIZ3327                     ,EIUIZ3327                     ,"Monthly import price index for NAICS 3327, Machine shops; turned product; and screw, nut, and bolt manufacturing, not seasonally adjusted",Index base: 2012.12=100,2012-M12,2021-M11,,,,,,,,,,,,,,,,,,,,,,,,,,,,,100.0,99.6,98.3,96.3,95.8,95.5,94.7,95.5,94.6,92.6,91.0,89.8,88.6,87.7,88.4,88.7,88.3,89.9,96.9,99.6,101.2,103.3,104.5,105.3,97.6,95.9,95.3,95.7,94.9,94.9,94.9,95.5,96.2,100.4,105.6,118.0
EIUIZ3329                     ,EIUIZ3329                     ,"Monthly import price index for NAICS 3329, Other fabricated metal product manufacturing, not seasonally adjusted",Index base: 2005.12=100,2005-M12,2021-M11,100.0,101.6,102.6,105.8,106.9,107.6,109.9,111.5,112.5,114.8,118.5,119.5,117.9,116.4,115.7,115.2,116.2,116.5,117.5,118.5,120.7,121.5,124.7,131.2,131.2,130.6,129.5,130.3,130.9,129.3,127.2,125.5,124.7,125.1,125.4,125.6,125.4,124.5,124.2,124.2,121.9,120.7,119.3,119.2,118.1,117.7,118.0,120.1,121.0,122.9,122.8,121.8,121.3,121.5,121.4,122.2,122.0,121.4,121.4,122.1,122.7,124.7,127.7,129.3
EIUIZ33291                    ,EIUIZ33291                    ,"Monthly import price index for NAICS 33291, Metal valve manufacturing, not seasonally adjusted",Index base: 2005.12=100,2005-M12,2021-M11,100.0,102.4,103.6,106.5,107.8,108.0,111.7,114.1,115.3,116.7,119.6,119.0,116.3,114.9,112.9,112.8,112.9,112.7,113.8,113.1,115.2,116.2,117.7,120.6,121.1,121.8,121.9,122.3,122.8,122.1,121.3,118.7,120.1,120.3,120.6,121.1,121.2,120.4,119.9,119.9,116.3,114.9,112.3,111.9,111.2,111.2,111.7,113.2,114.6,116.0,116.6,115.4,114.9,114.7,114.8,114.8,114.3,114.2,114.3,115.1,115.8,117.6,119.5,120.9
EIUIZ332911                   ,EIUIZ332911                   ,"Monthly import price index for NAICS 332911, Industrial valve manufacturing, not seasonally adjusted",Index base: 2019.12=100,2019-M12,2021-M11,,,,,,,,,,,,,,,,,,,,,,,,,,,,,,,,,,,,,,,,,,,,,,,,,,,,,,,,,100.0,100.1,100.0,100.8,101.2,102.0,103.8,103.8
EIUIZ33299                    ,EIUIZ33299                    ,"Monthly import price index for NAICS 33299, All other fabricated metal product manufacturing, not seasonally adjusted",Index base: 2005.12=100,2005-M12,2021-M11,100.0,100.7,101.5,105.0,105.9,107.2,107.8,108.6,109.5,112.8,117.5,120.4,120.2,118.4,119.2,118.4,120.5,121.3,122.1,125.0,127.4,127.9,133.0,143.5,142.8,140.6,138.1,139.5,140.2,137.3,133.7,133.1,129.5,130.2,130.7,130.3,129.7,128.6,128.7,128.6,128.5,127.5,128.1,128.5,126.7,125.8,125.8,128.6,128.7,131.3,130.5,129.8,129.3,130.0,129.6,131.4,131.7,130.3,130.3,130.9,131.2,133.6,138.1,140.0
EIUIZ333                      ,EIUIZ333                      ,"Monthly import price index for NAICS 333, Machinery manufacturing, not seasonally adjusted",Index base: 2005.12=100,2005-M12,2021-M11,100.0,101.1,102.2,102.4,103.1,104.5,105.6,106.3,106.9,108.7,110.8,111.3,110.5,111.1,111.5,112.5,113.2,113.2,113.0,113.7,114.8,117.2,118.4,119.4,119.5,121.0,121.1,121.6,122.0,121.6,121.2,120.9,121.0,121.5,121.6,121.1,120.2,119.4,119.0,118.6,117.7,116.5,116.5,116.5,116.2,116.1,116.5,117.8,117.7,118.8,118.6,118.5,118.4,118.8,118.6,119.0,118.7,119.3,119.3,120.0,120.3,121.1,122.2,123.0
EIUIZ3331                     ,EIUIZ3331                     ,"Monthly import price index for NAICS 3331, Agriculture, construction, and mining machinery manufacturing, not seasonally adjusted",Index base: 2005.12=100,2005-M12,2021-M11,100.0,101.9,102.0,102.8,103.0,105.2,105.2,105.5,106.0,108.1,110.1,112.2,113.0,113.7,112.5,112.8,113.0,112.4,112.4,113.1,113.2,115.5,115.5,116.4,116.6,119.5,119.4,120.8,121.0,118.8,117.9,117.3,117.4,116.8,115.9,115.9,115.8,115.9,116.0,113.9,113.2,112.4,113.3,113.5,113.1,112.7,112.9,114.4,114.5,114.9,114.5,114.6,114.6,115.4,114.7,114.6,114.4,115.0,115.0,115.6,115.8,117.3,118.6,120.1
EIUIZ33311                    ,EIUIZ33311                    ,"Monthly import price index for NAICS 33311, Agricultural implement manufacturing, not seasonally adjusted",Index base: 2016.12=100,2016-M12,2021-M11,,,,,,,,,,,,,,,,,,,,,,,,,,,,,,,,,,,,,,,,,,,,,100.0,100.1,100.9,101.6,101.6,102.3,101.6,101.6,101.5,100.7,100.6,100.0,99.8,100.1,99.9,100.6,100.8,101.3,102.1,102.6
EIUIZ333111                   ,EIUIZ333111                   ,"Monthly import price index for NAICS 333111, Farm machinery and equipment manufacturing, not seasonally adjusted",Index base: 2020.12=100,2020-M12,2021-M11,,,,,,,,,,,,,,,,,,,,,,,,,,,,,,,,,,,,,,,,,,,,,,,,,,,,,,,,,,,,,100.0,100.4,101.2,101.8
EIUIZ33312                    ,EIUIZ33312                    ,"Monthly import price index for NAICS 33312, Construction machinery manufacturing, not seasonally adjusted",Index base: 2005.12=100,2005-M12,2021-M11,100.0,102.2,102.2,103.2,103.1,105.0,105.4,105.7,105.9,108.0,109.2,110.2,110.8,111.8,111.9,112.2,111.6,111.8,112.7,113.3,113.2,114.9,116.2,117.9,118.4,119.2,120.5,123.3,123.7,122.5,121.0,120.4,120.0,120.8,119.7,119.9,120.1,120.0,120.0,119.5,118.7,117.2,117.3,117.8,117.4,116.7,116.5,118.4,118.7,118.6,118.6,118.9,119.1,120.9,119.7,119.8,119.7,120.5,120.6,121.2,121.4,123.4,124.8,126.8
EIUIZ3332                     ,EIUIZ3332                     ,"Monthly import price index for NAICS 3332, Industrial machinery manufacturing, not seasonally adjusted",Index base: 2005.12=100,2005-M12,2021-M11,100.0,100.5,102.7,102.3,103.4,104.1,104.9,106.3,108.9,112.1,117.0,117.4,115.6,116.7,118.1,119.9,122.2,121.2,120.4,121.3,124.4,126.1,127.9,129.9,128.9,128.4,127.3,129.5,131.1,131.9,130.1,130.5,130.8,131.2,131.8,129.6,127.0,123.4,121.5,124.4,124.6,122.6,122.3,124.6,121.9,122.5,123.7,125.7,125.2,128.0,126.9,126.5,124.7,125.1,124.5,128.4,127.8,131.5,131.2,133.0,135.0,135.5,137.4,137.4
EIUIZ333249                   ,EIUIZ333249                   ,"Monthly import price index for NAICS 333249, Other industrial machinery manufacturing, not seasonally adjusted",Index base: 2020.12=100,2020-M12,2021-M11,,,,,,,,,,,,,,,,,,,,,,,,,,,,,,,,,,,,,,,,,,,,,,,,,,,,,,,,,,,,,100.0,100.8,100.2,99.1
EIUIZ3333                     ,EIUIZ3333                     ,"Monthly import price index for NAICS 3333, Commercial and service industry machinery manufacturing, not seasonally adjusted",Index base: 2005.12=100,2005-M12,2021-M11,100.0,100.0,100.4,100.1,100.4,100.7,100.7,101.0,101.6,101.9,102.5,101.8,100.6,101.3,102.5,103.6,104.9,105.3,104.5,106.7,107.4,108.4,112.1,112.2,113.8,115.9,115.8,116.5,116.4,116.0,115.8,115.3,115.0,114.8,114.8,114.6,112.1,113.5,112.3,112.4,109.3,108.5,107.7,106.9,106.4,103.9,103.9,103.8,103.7,105.4,105.4,105.5,105.3,104.3,104.3,104.4,104.2,104.9,104.5,104.9,104.9,105.4,106.8,106.9
EIUIZ333318                   ,EIUIZ333318                   ,"Monthly import price index for NAICS 333318, Other commercial and service industry manufacturing, not seasonally adjusted",Index base: 2020.12=100,2020-M12,2021-M11,,,,,,,,,,,,,,,,,,,,,,,,,,,,,,,,,,,,,,,,,,,,,,,,,,,,,,,,,,,,,100.0,100.9,102.6,102.8
EIUIZ3334                     ,EIUIZ3334                     ,"Monthly import price index for NAICS 3334, Ventilation, heating, air-conditioning, and commercial refrigeration equipment manufacturing, not seasonally adjusted",Index base: 2005.12=100,2005-M12,2021-M11,100.0,102.7,103.0,103.2,105.9,107.2,107.0,107.3,108.0,112.1,112.9,113.6,114.1,115.5,114.4,114.9,114.6,118.3,119.7,119.5,120.2,123.3,123.2,124.4,124.0,125.3,127.3,126.8,126.4,126.4,126.2,126.9,126.5,126.6,126.1,126.8,126.4,125.4,124.5,124.4,123.5,120.8,121.7,121.4,121.5,121.3,121.4,121.4,121.4,122.2,122.1,122.3,122.9,123.3,122.8,122.7,122.3,122.4,121.7,122.0,121.8,124.0,124.8,126.1
EIUIZ333415                   ,EIUIZ333415                   ,"Monthly import price index for NAICS 333415, Air-conditioning and warm air heating equipment and commercial and industrial refrigeration equipment manufacturing, not seasonally adjusted",Index base: 2020.12=100,2020-M12,2021-M11,,,,,,,,,,,,,,,,,,,,,,,,,,,,,,,,,,,,,,,,,,,,,,,,,,,,,,,,,,,,,100.0,101.5,101.8,102.8
EIUIZ3335                     ,EIUIZ3335                     ,"Monthly import price index for NAICS 3335, Metalworking machinery manufacturing, not seasonally adjusted",Index base: 2020.12=100,2020-M12,2021-M11,,,,,,,,,,,,,,,,,,,,,,,,,,,,,,,,,,,,,,,,,,,,,,,,,,,,,,,,,,,,,100.0,100.8,101.4,102.7
EIUIZ333517                   ,EIUIZ333517                   ,"Monthly import price index for NAICS 333517, Machine tool manufacturing, not seasonally adjusted",Index base: 2020.12=100,2020-M12,2021-M11,,,,,,,,,,,,,,,,,,,,,,,,,,,,,,,,,,,,,,,,,,,,,,,,,,,,,,,,,,,,,100.0,99.9,100.1,101.9
EIUIZ3336                     ,EIUIZ3336                     ,"Monthly import price index for NAICS 3336, Engine, turbine, and power transmission equipment manufacturing, not seasonally adjusted",Index base: 2005.12=100,2005-M12,2021-M11,100.0,100.5,102.4,102.9,103.9,104.9,105.5,106.2,108.2,110.6,112.4,113.8,115.5,117.0,116.8,117.5,118.3,118.1,117.4,118.2,119.2,124.6,125.1,125.0,124.5,124.7,125.1,124.1,123.7,124.0,125.0,123.5,123.4,125.1,125.5,124.3,123.5,122.5,121.9,121.8,120.9,119.2,119.7,118.8,119.2,119.6,120.4,125.0,124.7,125.5,124.7,123.5,124.1,124.3,124.5,124.3,123.8,123.4,124.0,124.9,125.5,125.4,125.6,126.3
EIUIZ333618                   ,EIUIZ333618                   ,"Monthly import price index for NAICS 333618, Other engine equipment manufacturing, not seasonally adjusted",Index base: 2019.12=100,2019-M12,2021-M11,,,,,,,,,,,,,,,,,,,,,,,,,,,,,,,,,,,,,,,,,,,,,,,,,,,,,,,,,100.0,99.3,99.7,100.6,101.0,100.9,100.8,101.2
EIUIZ3339                     ,EIUIZ3339                     ,"Monthly import price index for NAICS 3339, Other general purpose machinery manufacturing, not seasonally adjusted",Index base: 2005.12=100,2005-M12,2021-M11,100.0,101.3,103.4,103.6,104.1,106.5,110.9,111.9,110.5,111.9,113.1,111.9,108.9,107.3,108.8,110.5,111.0,110.8,110.0,110.5,111.1,113.2,114.0,115.6,115.8,117.4,117.7,118.0,118.9,118.8,118.7,118.6,119.0,119.2,119.8,119.5,119.2,118.6,119.0,118.5,117.7,117.0,116.1,116.0,116.3,116.2,116.0,116.5,116.8,117.5,118.1,117.9,117.9,118.6,118.8,118.4,118.2,118.2,118.4,118.9,118.9,119.1,120.4,120.7
EIUIZ33391                    ,EIUIZ33391                    ,"Monthly import price index for NAICS 33391, Pump and compressor manufacturing, not seasonally adjusted",Index base: 2013.12=100,2013-M12,2021-M11,,,,,,,,,,,,,,,,,,,,,,,,,,,,,,,,,100.0,100.1,100.9,99.7,99.6,99.0,100.0,99.5,97.7,95.4,95.8,96.2,95.3,95.3,94.8,95.7,96.1,97.0,97.7,98.0,97.8,98.5,97.6,98.4,98.0,97.3,97.3,97.3,97.6,97.4,97.6,97.1
EIUIZ333914                   ,EIUIZ333914                   ,"Monthly import price index for NAICS 333914, Measuring, dispensing, and other pumping equipment manufacturing, not seasonally adjusted",Index base: 2019.12=100,2019-M12,2021-M11,,,,,,,,,,,,,,,,,,,,,,,,,,,,,,,,,,,,,,,,,,,,,,,,,,,,,,,,,100.0,99.6,99.5,100.1,100.0,101.1,102.1,102.7
EIUIZ33392                    ,EIUIZ33392                    ,"Monthly import price index for NAICS 33392, Material handling equipment manufacturing, not seasonally adjusted",Index base: 2005.12=100,2005-M12,2021-M11,100.0,102.1,110.1,111.9,113.8,117.4,129.6,131.8,120.1,125.4,128.9,124.1,118.4,114.7,118.8,123.0,122.3,125.7,126.2,127.5,129.9,132.1,132.9,132.2,133.8,134.9,136.0,137.2,139.9,144.5,144.9,142.7,142.6,143.2,145.4,144.8,145.3,145.8,144.5,142.4,141.2,141.6,141.2,141.5,141.7,141.9,143.2,145.0,145.1,146.4,146.7,146.2,147.0,147.7,148.4,148.8,148.0,147.5,148.5,148.8,148.6,148.5,151.1,152.9
EIUIZ333924                   ,EIUIZ333924                   ,"Monthly import price index for NAICS 333924, Industrial truck, tractor, trailer, and stacker manufacturing, not seasonally adjusted",Index base: 2019.12=100,2019-M12,2021-M11,,,,,,,,,,,,,,,,,,,,,,,,,,,,,,,,,,,,,,,,,,,,,,,,,,,,,,,,,100.0,99.5,99.9,100.2,100.0,100.2,101.5,102.5
EIUIZ33399                    ,EIUIZ33399                    ,"Monthly import price index for NAICS 33399, All other general purpose machinery manufacturing, not seasonally adjusted",Index base: 2005.12=100,2005-M12,2021-M11,100.0,101.2,102.4,102.1,102.1,103.9,106.6,107.1,108.0,108.4,111.0,110.5,107.4,106.6,107.6,109.1,109.8,109.8,108.0,108.9,109.2,111.6,111.9,113.7,113.9,115.9,116.2,116.4,117.2,116.2,116.0,115.5,115.9,116.0,116.2,116.4,115.8,114.9,115.5,115.3,115.0,114.8,113.4,113.0,113.8,113.6,113.1,113.1,113.4,113.8,114.4,114.1,114.0,114.7,115.2,114.1,114.1,114.5,114.7,115.5,115.3,115.8,117.1,117.6
EIUIZ333999                   ,EIUIZ333999                   ,"Monthly import price index for NAICS 333999, All other miscellaneous general purpose manufacturing, not seasonally adjusted",Index base: 2019.12=100,2019-M12,2021-M11,,,,,,,,,,,,,,,,,,,,,,,,,,,,,,,,,,,,,,,,,,,,,,,,,,,,,,,,,100.0,100.5,101.4,101.8,101.3,103.5,103.7,103.9
EIUIZ334                      ,EIUIZ334                      ,"Monthly import price index for NAICS 334, Computer and electronic product manufacturing, not seasonally adjusted",Index base: 2005.12=100,2005-M12,2021-M11,100.0,99.1,98.1,97.6,97.4,95.6,94.8,94.9,94.5,93.5,93.1,92.1,90.7,88.9,89.0,89.0,88.6,87.8,87.3,86.3,85.1,84.5,83.7,83.1,82.9,82.8,82.2,82.4,81.8,81.2,81.0,80.6,80.5,80.0,80.2,79.6,79.2,78.5,78.0,77.6,77.3,76.9,76.5,76.3,76.0,75.8,75.9,75.7,75.6,75.6,75.1,74.9,74.5,73.8,72.7,72.1,71.7,71.8,72.1,71.8,71.6,71.9,72.4,73.1
EIUIZ3341                     ,EIUIZ3341                     ,"Monthly import price index for NAICS 3341, Computer and peripheral equipment manufacturing, not seasonally adjusted",Index base: 2005.12=100,2005-M12,2021-M11,100.0,98.5,96.4,95.1,94.8,91.9,91.7,91.9,90.9,90.2,88.7,86.3,85.0,82.8,82.8,82.9,81.8,81.1,81.1,80.3,79.4,77.9,76.0,75.5,75.1,75.2,75.0,75.6,75.0,74.8,74.6,74.3,74.0,73.3,74.0,73.8,73.8,73.2,72.1,71.7,71.4,71.0,70.8,70.7,70.0,70.4,70.5,70.2,70.3,70.2,69.6,69.2,68.8,67.9,66.6,66.4,64.9,65.0,65.4,64.9,64.5,64.6,64.9,65.7
EIUIZ334118                   ,EIUIZ334118                   ,"Monthly import price index for NAICS 334118, Computer terminal and other computer peripheral equipment manufacturing, not seasonally adjusted",Index base: 2019.12=100,2019-M12,2021-M11,,,,,,,,,,,,,,,,,,,,,,,,,,,,,,,,,,,,,,,,,,,,,,,,,,,,,,,,,100.0,99.8,100.5,100.4,100.5,101.2,102.1,103.7
EIUIZ3342                     ,EIUIZ3342                     ,"Monthly import price index for NAICS 3342, Communications equipment manufacturing, not seasonally adjusted",Index base: 2005.12=100,2005-M12,2021-M11,100.0,99.7,99.0,98.7,98.4,98.1,98.2,98.2,98.0,97.7,98.7,98.2,95.8,94.8,94.8,94.3,94.0,93.7,93.2,93.0,90.7,90.4,90.4,90.3,90.5,90.2,89.6,89.1,89.0,88.5,87.6,86.9,86.5,85.9,86.5,85.2,84.5,83.5,83.4,83.5,83.3,82.9,82.5,82.0,82.1,81.5,81.2,80.1,79.5,79.0,78.3,78.0,77.7,76.8,76.1,76.1,75.9,76.0,76.0,76.1,76.1,76.0,76.2,76.5
EIUIZ3343                     ,EIUIZ3343                     ,"Monthly import price index for NAICS 3343, Audio and video equipment manufacturing, not seasonally adjusted",Index base: 2005.12=100,2005-M12,2021-M11,100.0,98.4,97.3,96.9,96.0,94.2,93.3,92.4,92.3,92.2,91.4,91.3,89.0,86.0,85.8,86.3,86.0,85.3,84.7,78.7,76.9,77.0,75.0,74.1,73.0,73.2,72.8,73.0,71.6,70.5,70.2,68.7,68.6,68.6,67.7,67.0,65.8,65.0,64.9,64.8,64.3,63.3,63.0,62.7,62.7,62.5,62.6,62.6,62.1,61.7,61.3,60.6,60.1,59.6,59.4,59.2,59.0,58.2,57.7,57.8,59.1,59.4,60.4,62.6
EIUIZ3344                     ,EIUIZ3344                     ,"Monthly import price index for NAICS 3344, Semiconductor and other electronic component manufacturing, not seasonally adjusted",Index base: 2005.12=100,2005-M12,2021-M11,100.0,99.5,99.0,99.2,99.4,97.3,94.4,95.0,94.8,91.0,90.6,90.2,89.4,87.7,87.8,87.7,87.3,85.4,84.6,86.1,85.3,84.7,85.5,83.8,84.0,83.7,82.3,82.3,81.4,80.8,80.9,81.1,81.8,81.4,81.8,81.1,80.7,80.2,79.6,78.6,78.1,77.7,76.8,76.5,76.3,76.4,76.9,77.7,78.2,78.7,79.0,79.6,79.4,78.9,77.0,74.6,75.2,75.1,76.1,75.2,74.0,74.8,76.4,77.2
EIUIZ334413                   ,EIUIZ334413                   ,"Monthly import price index for NAICS 334413, Semiconductor and related device manufacturing, not seasonally adjusted",Index base: 2020.12=100,2020-M12,2021-M11,,,,,,,,,,,,,,,,,,,,,,,,,,,,,,,,,,,,,,,,,,,,,,,,,,,,,,,,,,,,,100.0,100.6,100.6,101.0
EIUIZ334418                   ,EIUIZ334418                   ,"Monthly import price index for NAICS 334418,  Printed circuit assembly (electronic assembly) manufacturing, not seasonally adjusted",Index base: 2020.12=100,2020-M12,2021-M11,,,,,,,,,,,,,,,,,,,,,,,,,,,,,,,,,,,,,,,,,,,,,,,,,,,,,,,,,,,,,100.0,102.8,113.2,116.6
EIUIZ3345                     ,EIUIZ3345                     ,"Monthly import price index for NAICS 3345, Navigational, measuring, electromedical, and control instruments manufacturing, not seasonally adjusted",Index base: 2005.12=100,2005-M12,2021-M11,100.0,99.6,100.4,100.6,101.4,99.9,101.0,101.0,101.1,103.3,104.8,104.8,104.5,104.5,104.7,104.7,105.1,104.0,103.4,103.4,103.8,104.1,104.3,104.8,104.8,105.2,105.4,105.7,105.8,105.6,105.2,105.4,105.4,105.1,104.9,104.6,104.4,103.9,103.7,103.4,103.1,103.2,103.1,103.3,102.7,101.6,101.7,102.4,102.4,103.5,102.4,102.1,102.2,103.2,102.7,102.9,103.0,104.0,104.0,104.4,104.8,104.9,104.7,104.4
EIUIZ334510                   ,EIUIZ334510                   ,"Monthly import price index for NAICS 334510, Electromedical and electrotherapeutic apparatus manufacturing, not seasonally adjusted",Index base: 2019.12=100,2019-M12,2021-M11,,,,,,,,,,,,,,,,,,,,,,,,,,,,,,,,,,,,,,,,,,,,,,,,,,,,,,,,,100.0,100.1,100.2,100.4,100.3,100.2,100.0,99.7
EIUIZ334515                   ,EIUIZ334515                   ,"Monthly import price index for NAICS 334515, Instrument manufacturing for measuring and testing electricity and electrical signals, not seasonally adjusted",Index base: 2019.12=100,2019-M12,2021-M11,,,,,,,,,,,,,,,,,,,,,,,,,,,,,,,,,,,,,,,,,,,,,,,,,,,,,,,,,100.0,99.9,100.2,100.4,100.4,100.7,100.7,101.8
EIUIZ334516                   ,EIUIZ334516                   ,"Monthly import price index for NAICS 334516, Analytical laboratory instrument manufacturing, not seasonally adjusted",Index base: 2020.12=100,2020-M12,2021-M11,,,,,,,,,,,,,,,,,,,,,,,,,,,,,,,,,,,,,,,,,,,,,,,,,,,,,,,,,,,,,100.0,101.5,100.7,100.0
EIUIZ334519                   ,EIUIZ334519                   ,"Monthly import price index for NAICS 334519, Other measuring and controlling device manufacturing, not seasonally adjusted",Index base: 2019.12=100,2019-M12,2021-M11,,,,,,,,,,,,,,,,,,,,,,,,,,,,,,,,,,,,,,,,,,,,,,,,,,,,,,,,,100.0,105.5,104.7,104.6,105.4,106.8,109.0,108.1
EIUIZ3346                     ,EIUIZ3346                     ,"Monthly import price index for NAICS 3346, Manufacturing and reproducing magnetic and optical media, not seasonally adjusted",Index base: 2005.12=100,2005-M12,2021-M11,100.0,97.8,94.3,88.5,86.0,84.8,83.5,83.6,84.5,77.3,73.1,68.8,65.7,60.6,67.1,68.5,70.0,69.1,65.9,67.0,64.9,61.9,59.3,57.3,57.4,56.0,51.2,50.7,50.7,46.0,50.3,47.5,47.8,47.1,44.4,46.5,45.5,44.8,43.4,42.8,41.9,41.4,40.6,40.6,40.6,41.5,41.3,41.3,41.4,43.4,42.3,40.7,37.9,35.4,32.0,30.2,30.6,30.7,31.4,30.4,30.1,31.8,32.5,32.9
EIUIZ334613                   ,EIUIZ334613                   ,"Monthly import price index for NAICS 334613, Blank magnetic and optical recording media manufacturing, not seasonally adjusted",Index base: 2019.12=100,2019-M12,2021-M11,,,,,,,,,,,,,,,,,,,,,,,,,,,,,,,,,,,,,,,,,,,,,,,,,,,,,,,,,100.0,100.4,103.1,99.3,97.8,103.7,106.3,107.7
EIUIZ335                      ,EIUIZ335                      ,"Monthly import price index for NAICS 335, Electrical equipment, appliance, and component manufacturing, not seasonally adjusted",Index base: 2005.12=100,2005-M12,2021-M11,100.0,100.8,102.5,103.2,103.8,105.2,106.3,107.4,108.6,109.9,113.0,114.2,114.0,112.3,112.4,112.6,112.9,111.9,112.4,112.9,113.6,114.5,115.4,116.4,117.5,118.1,118.3,118.6,119.7,119.8,119.4,119.3,118.7,118.3,118.8,119.3,119.0,118.6,117.5,117.1,116.1,115.8,114.5,114.5,114.7,114.1,114.5,115.2,115.2,115.6,115.9,116.1,116.4,116.8,117.5,117.5,117.4,117.9,118.0,117.9,117.8,117.8,118.7,120.1
EIUIZ3351                     ,EIUIZ3351                     ,"Monthly import price index for NAICS 3351, Electric lighting equipment manufacturing, not seasonally adjusted",Index base: 2005.12=100,2005-M12,2021-M11,100.0,100.1,100.4,101.6,103.3,104.0,103.9,104.3,105.4,107.2,109.6,111.3,112.0,112.3,112.3,112.1,112.1,110.6,110.8,110.9,111.2,110.7,112.2,113.8,114.9,122.6,122.3,123.4,123.1,120.4,120.0,120.4,119.8,118.8,118.0,121.0,121.0,119.6,118.1,116.8,116.3,117.4,117.1,117.8,117.1,116.8,116.7,117.3,118.3,119.3,118.9,119.3,120.0,120.4,119.6,118.7,119.5,119.1,119.5,119.2,119.4,119.7,120.8,122.0
EIUIZ33512                    ,EIUIZ33512                    ,"Monthly import price index for NAICS 33512, Lighting fixture manufacturing, not seasonally adjusted",Index base: 2005.12=100,2005-M12,2021-M11,100.0,100.9,101.1,102.6,104.8,105.2,105.0,105.4,106.6,108.9,111.9,113.6,114.6,115.1,115.4,115.3,115.1,114.7,115.0,114.9,115.3,115.2,116.2,117.9,119.4,127.4,127.2,127.4,127.3,124.2,124.1,124.8,125.0,125.0,124.3,126.9,126.8,126.9,126.1,125.7,125.1,125.3,124.8,124.4,124.5,124.2,123.7,124.6,125.7,126.9,126.5,127.0,127.8,128.3,127.4,126.9,127.8,127.4,127.8,127.5,127.8,128.1,129.4,130.5
EIUIZ335129                   ,EIUIZ335129                   ,"Monthly import price index for NAICS 335129, Other lighting equipment manufacturing, not seasonally adjusted",Index base: 2020.12=100,2020-M12,2021-M11,,,,,,,,,,,,,,,,,,,,,,,,,,,,,,,,,,,,,,,,,,,,,,,,,,,,,,,,,,,,,100.0,101.1,102.1,102.9
EIUIZ3352                     ,EIUIZ3352                     ,"Monthly import price index for NAICS 3352, Household appliance manufacturing, not seasonally adjusted",Index base: 2005.12=100,2005-M12,2021-M11,100.0,100.7,102.3,102.8,103.5,104.6,104.8,105.4,106.1,106.6,108.1,109.4,110.2,110.8,110.4,108.7,107.5,105.3,106.1,105.6,105.5,105.9,105.9,107.8,109.3,108.7,109.2,109.1,111.7,113.3,112.2,112.0,110.7,109.7,108.9,109.4,108.9,109.6,108.9,109.2,108.4,108.6,104.9,104.3,103.5,101.7,102.2,102.7,102.5,101.9,102.7,102.4,102.5,103.2,103.3,103.4,102.3,101.3,101.5,101.3,100.8,100.6,101.5,104.6
EIUIZ33521                    ,EIUIZ33521                    ,"Monthly import price index for NAICS 33521, Small electrical appliance manufacturing, not seasonally adjusted",Index base: 2005.12=100,2005-M12,2021-M11,100.0,100.4,102.2,103.1,104.0,105.0,105.2,106.2,106.9,107.5,108.7,110.6,112.4,111.6,111.6,111.1,110.8,110.4,110.9,110.2,110.7,111.7,112.0,115.1,116.3,115.2,114.8,115.4,121.0,122.6,122.2,122.5,122.7,120.5,120.9,120.6,120.2,119.0,119.0,118.9,117.3,116.9,116.3,115.8,115.6,115.3,115.2,115.2,114.7,115.1,115.7,115.8,116.0,115.8,115.8,115.9,115.6,114.7,114.4,113.9,112.6,113.4,115.2,116.8
EIUIZ33522                    ,EIUIZ33522                    ,"Monthly import price index for NAICS 33522, Major appliance manufacturing, not seasonally adjusted",Index base: 2020.12=100,2020-M12,2021-M11,,,,,,,,,,,,,,,,,,,,,,,,,,,,,,,,,,,,,,,,,,,,,,,,,,,,,,,,,,,,,100.0,98.9,99.3,103.8
EIUIZ3353                     ,EIUIZ3353                     ,"Monthly import price index for NAICS 3353, Electrical equipment manufacturing, not seasonally adjusted",Index base: 2017.12=100,2017-M12,2021-M11,,,,,,,,,,,,,,,,,,,,,,,,,,,,,,,,,,,,,,,,,,,,,,,,,100.0,99.5,100.6,101.3,101.0,100.9,102.7,102.5,102.9,103.9,104.2,104.4,104.2,104.7,104.6,105.3
EIUIZ335312                   ,EIUIZ335312                   ,"Monthly import price index for NAICS 335312, Motor and generator manufacturing, not seasonally adjusted",Index base: 2019.12=100,2019-M12,2021-M11,,,,,,,,,,,,,,,,,,,,,,,,,,,,,,,,,,,,,,,,,,,,,,,,,,,,,,,,,100.0,100.2,100.3,100.3,100.4,101.0,101.8,103.7
EIUIZ33592                    ,EIUIZ33592                    ,"Monthly import price index for NAICS 33592, Communication and energy wire and cable manufacturing, not seasonally adjusted",Index base: 2020.12=100,2020-M12,2021-M11,,,,,,,,,,,,,,,,,,,,,,,,,,,,,,,,,,,,,,,,,,,,,,,,,,,,,,,,,,,,,100.0,104.0,106.2,107.3
EIUIZ335929                   ,EIUIZ335929                   ,"Monthly import price index for NAICS 335929, Other communication and energy wire manufacturing, not seasonally adjusted",Index base: 2020.12=100,2020-M12,2021-M11,,,,,,,,,,,,,,,,,,,,,,,,,,,,,,,,,,,,,,,,,,,,,,,,,,,,,,,,,,,,,100.0,104.5,107.2,109.3
EIUIZ33599                    ,EIUIZ33599                    ,"Monthly import price index for NAICS 33599, All other electrical equipment and component manufacturing, not seasonally adjusted",Index base: 2005.12=100,2005-M12,2021-M11,100.0,100.6,102.7,102.6,102.0,102.7,103.7,104.7,107.9,108.4,111.4,113.7,114.2,113.9,111.6,112.0,112.3,112.6,112.3,111.9,112.3,113.4,113.9,114.5,117.7,116.9,117.8,117.5,118.3,118.9,119.3,118.1,117.8,117.9,120.7,121.1,120.0,119.5,119.1,118.4,117.9,117.2,117.3,117.4,118.4,119.1,119.6,120.3,120.2,121.2,120.4,120.7,121.2,121.7,122.3,123.9,124.3,126.4,125.9,125.8,124.6,122.4,124.9,125.0
EIUIZ335999                   ,EIUIZ335999                   ,"Monthly import price index for NAICS 335999, All other miscellaneous electrical equipment and component manufacturing, not seasonally adjusted",Index base: 2019.12=100,2019-M12,2021-M11,,,,,,,,,,,,,,,,,,,,,,,,,,,,,,,,,,,,,,,,,,,,,,,,,,,,,,,,,100.0,101.8,101.4,101.3,100.2,99.4,101.5,101.3
EIUIZ336                      ,EIUIZ336                      ,"Monthly import price index for NAICS 336, Transportation equipment manufacturing, not seasonally adjusted",Index base: 2005.12=100,2005-M12,2021-M11,100.0,99.9,100.3,100.5,100.7,100.9,101.3,101.9,103.5,104.1,104.8,105.1,104.8,104.8,105.4,106.0,106.1,105.5,105.7,106.2,106.4,107.4,110.0,109.8,110.0,110.9,111.5,111.9,112.4,112.6,111.9,111.7,111.7,111.7,111.9,111.4,111.3,110.3,110.2,110.1,109.6,109.5,109.8,109.6,109.8,109.4,109.4,109.3,109.3,109.7,109.5,109.5,109.6,109.2,109.2,108.9,108.9,109.5,109.8,110.3,110.3,111.0,111.7,112.3
EIUIZ3361                     ,EIUIZ3361                     ,"Monthly import price index for NAICS 3361, Motor vehicle manufacturing, not seasonally adjusted",Index base: 2005.12=100,2005-M12,2021-M11,100.0,99.8,99.9,99.9,100.2,100.2,100.6,101.0,102.5,102.8,103.0,103.0,102.2,102.2,102.8,103.2,103.1,102.6,102.9,103.0,102.9,103.5,106.7,106.0,105.3,106.2,106.9,107.2,107.6,107.6,107.1,107.0,106.9,107.0,107.2,106.2,106.1,105.3,105.6,105.8,105.3,105.3,105.4,105.0,105.4,105.2,105.8,105.2,105.1,105.9,105.5,105.6,105.5,105.0,104.8,104.5,104.5,105.3,106.2,106.4,106.4,106.9,107.1,107.3
EIUIZ33611                    ,EIUIZ33611                    ,"Monthly import price index for NAICS 33611, Automobile and light duty motor vehicle manufacturing, not seasonally adjusted",Index base: 2005.12=100,2005-M12,2021-M11,100.0,99.8,99.8,99.9,100.2,100.2,100.5,101.0,102.6,102.9,103.1,103.0,102.0,102.1,102.7,103.2,103.1,102.5,102.6,102.7,102.6,103.2,106.9,106.6,105.7,106.6,107.3,107.5,108.1,108.0,107.5,107.3,107.3,107.4,107.6,106.4,106.3,105.4,105.7,105.9,105.4,105.4,105.5,105.0,105.4,105.1,105.7,105.0,104.9,105.6,105.3,105.2,105.1,104.6,104.4,103.9,103.9,104.8,105.7,106.0,106.0,106.5,106.7,106.8
EIUIZ336111                   ,EIUIZ336111                   ,"Monthly import price index for NAICS 336111, Automobile manufacturing, not seasonally adjusted",Index base: 2019.12=100,2019-M12,2021-M11,,,,,,,,,,,,,,,,,,,,,,,,,,,,,,,,,,,,,,,,,,,,,,,,,,,,,,,,,100.0,101.0,102.0,101.5,101.5,101.9,102.1,102.1
EIUIZ33612                    ,EIUIZ33612                    ,"Monthly import price index for NAICS 33612, Heavy duty truck manufacturing, not seasonally adjusted",Index base: 2015.12=100,2015-M12,2021-M11,,,,,,,,,,,,,,,,,,,,,,,,,,,,,,,,,,,,,,,,,100.0,100.6,100.6,100.9,100.9,102.1,102.1,102.7,102.7,104.1,104.1,106.4,106.4,106.5,106.5,108.0,108.2,108.2,108.2,108.2,108.2,108.2,108.2,109.8
EIUIZ3363                     ,EIUIZ3363                     ,"Monthly import price index for NAICS 3363, Motor vehicle parts manufacturing, not seasonally adjusted",Index base: 2005.12=100,2005-M12,2021-M11,100.0,99.8,100.9,101.3,101.0,101.3,101.5,102.0,103.9,105.0,105.8,106.5,106.3,106.3,106.4,107.1,107.8,106.9,107.1,108.6,109.1,109.8,111.9,112.5,112.6,112.6,113.1,114.0,113.8,114.1,112.9,112.4,112.2,112.2,112.5,112.5,112.2,110.3,109.5,108.9,108.3,107.7,108.7,109.0,108.7,107.7,107.5,108.1,108.0,107.9,108.0,107.8,107.9,107.3,107.4,107.0,107.0,107.8,107.5,108.5,108.3,109.1,110.2,111.7
EIUIZ33631                    ,EIUIZ33631                    ,"Monthly import price index for NAICS 33631, Motor vehicle gasoline engine and engine parts manufacturing, not seasonally adjusted",Index base: 2005.12=100,2005-M12,2021-M11,100.0,99.8,100.3,100.2,100.0,100.0,100.4,100.8,101.5,101.4,102.3,102.3,102.0,101.7,102.6,102.0,103.4,102.5,102.3,102.3,102.9,105.3,104.0,101.2,101.1,101.3,102.8,105.7,105.6,104.6,103.6,102.8,102.7,102.6,102.7,102.7,100.9,100.0,100.1,100.0,99.2,100.7,101.5,101.9,101.8,101.6,100.0,99.6,99.5,99.2,98.7,99.8,101.4,98.5,98.4,97.6,97.9,97.4,97.3,98.1,97.7,98.2,98.7,98.7
EIUIZ33632                    ,EIUIZ33632                    ,"Monthly import price index for NAICS 33632, Motor vehicle electrical and electronic equipment manufacturing, not seasonally adjusted",Index base: 2005.12=100,2005-M12,2021-M11,100.0,101.7,102.4,102.5,102.3,103.5,103.3,103.3,104.0,104.7,104.5,108.2,109.8,108.3,107.7,108.7,109.9,110.9,110.2,111.6,109.3,107.5,107.8,106.3,107.7,107.3,106.2,106.6,107.1,105.6,103.0,101.3,101.3,103.2,104.5,104.7,104.2,100.8,100.2,99.2,99.3,97.9,99.6,100.1,101.0,96.8,96.8,98.5,98.2,97.5,97.2,96.1,96.3,96.1,96.0,95.8,95.9,95.9,95.8,95.3,95.8,96.4,96.9,99.3
EIUIZ33634                    ,EIUIZ33634                    ,"Monthly import price index for NAICS 33634, Motor vehicle brake system manufacturing, not seasonally adjusted",Index base: 2005.12=100,2005-M12,2021-M11,100.0,99.2,100.2,99.3,99.7,100.0,98.6,99.4,100.5,102.0,103.6,104.1,102.4,103.2,102.2,101.0,101.9,101.4,101.1,101.8,103.2,103.1,104.4,104.5,104.8,105.5,104.4,104.9,103.0,105.6,103.9,103.9,103.3,102.7,102.1,102.3,100.3,96.7,95.6,95.2,94.6,95.0,94.9,94.3,93.0,92.7,93.7,94.2,93.0,92.1,92.4,93.7,93.8,93.6,94.7,94.3,95.9,96.1,96.6,97.4,97.8,98.8,100.5,102.8
EIUIZ33635                    ,EIUIZ33635                    ,"Monthly import price index for NAICS 33635, Motor vehicle transmission and power train parts manufacturing, not seasonally adjusted",Index base: 2005.12=100,2005-M12,2021-M11,100.0,101.7,102.1,102.9,101.6,101.8,102.6,103.6,108.0,112.1,112.1,110.7,114.1,115.1,115.0,114.9,115.6,115.1,114.8,116.1,117.3,118.3,125.3,130.5,132.7,133.2,134.8,135.4,134.3,135.9,134.8,134.9,134.6,132.3,132.3,132.5,132.1,131.1,129.0,126.4,125.6,123.7,125.5,123.2,122.2,121.9,121.7,122.5,122.7,122.9,122.8,122.3,122.0,122.0,123.0,123.4,123.9,124.1,122.4,124.0,122.8,123.1,124.7,128.0
EIUIZ33639                    ,EIUIZ33639                    ,"Monthly import price index for NAICS 33639, Other motor vehicle parts manufacturing, not seasonally adjusted",Index base: 2005.12=100,2005-M12,2021-M11,100.0,99.4,100.8,101.3,101.1,101.8,102.4,102.7,105.5,105.6,106.9,107.6,104.4,103.7,104.2,106.5,106.5,104.3,105.9,108.5,109.3,110.2,113.0,113.6,114.0,113.8,114.4,115.1,115.1,115.5,114.9,114.6,114.4,114.3,114.4,113.8,113.4,112.5,112.4,112.0,111.5,110.6,111.3,112.2,111.2,111.1,111.2,111.6,111.9,112.4,112.6,112.0,111.8,111.5,111.0,110.5,109.9,112.5,112.1,113.7,114.3,115.6,118.1,119.2
EIUIZ3364                     ,EIUIZ3364                     ,"Monthly import price index for NAICS 3364, Aerospace product and parts manufacturing, not seasonally adjusted",Index base: 2005.12=100,2005-M12,2021-M11,100.0,100.9,101.7,102.1,102.9,103.9,104.8,107.2,108.5,109.2,111.5,112.0,114.0,114.4,116.3,117.0,116.4,115.6,115.4,115.6,115.9,119.1,120.4,120.7,124.5,127.8,128.3,128.3,129.3,130.3,130.3,130.6,130.7,131.0,130.6,131.6,131.5,131.5,131.7,131.7,131.7,132.2,131.5,131.2,131.5,131.6,129.8,129.7,130.3,130.8,130.1,129.8,129.9,131.1,132.2,132.2,130.4,130.5,130.6,131.2,132.1,133.8,134.2,134.5
EIUIZ336412                   ,EIUIZ336412                   ,"Monthly import price index for NAICS 336412, Aircraft engine and engine parts manufacturing, not seasonally adjusted",Index base: 2020.12=100,2020-M12,2021-M11,,,,,,,,,,,,,,,,,,,,,,,,,,,,,,,,,,,,,,,,,,,,,,,,,,,,,,,,,,,,,100.0,101.9,102.4,102.8
EIUIZ336413                   ,EIUIZ336413                   ,"Monthly import price index for NAICS 336413, Other aircraft parts and auxiliary equipment manufacturing, not seasonally adjusted",Index base: 2019.12=100,2019-M12,2021-M11,,,,,,,,,,,,,,,,,,,,,,,,,,,,,,,,,,,,,,,,,,,,,,,,,,,,,,,,,100.0,100.4,99.7,100.1,100.4,101.5,101.6,101.8
EIUIZ3369                     ,EIUIZ3369                     ,"Monthly import price index for NAICS 3369, Other transportation equipment manufacturing, not seasonally adjusted",Index base: 2005.12=100,2005-M12,2021-M11,100.0,99.5,100.4,100.1,100.1,100.1,100.2,101.4,102.2,102.1,104.7,107.6,107.5,107.4,109.6,111.5,112.4,112.2,111.3,112.7,113.5,115.2,116.2,116.1,115.8,121.2,119.2,120.5,123.0,122.7,122.6,120.9,122.5,122.6,122.8,123.2,122.6,120.7,120.6,119.5,119.0,118.7,119.5,119.8,119.4,120.1,120.9,121.5,122.3,122.7,122.9,122.8,123.1,122.9,122.7,121.7,122.1,122.6,122.5,123.0,123.7,124.1,125.4,126.2
EIUIZ336991                   ,EIUIZ336991                   ,"Monthly import price index for NAICS 336991, Motorcycle, bicycle, and parts manufacturing, not seasonally adjusted",Index base: 2019.12=100,2019-M12,2021-M11,,,,,,,,,,,,,,,,,,,,,,,,,,,,,,,,,,,,,,,,,,,,,,,,,,,,,,,,,100.0,100.4,100.2,100.8,101.6,102.1,103.5,104.4
EIUIZ337                      ,EIUIZ337                      ,"Monthly import price index for NAICS 337, Furniture and related product manufacturing, not seasonally adjusted",Index base: 2005.12=100,2005-M12,2021-M11,100.0,100.0,100.3,100.6,100.7,101.1,101.3,101.8,102.5,105.9,109.8,111.5,110.3,110.4,109.1,109.1,108.0,105.8,106.0,106.4,107.3,108.9,110.9,112.3,112.9,113.2,114.1,114.1,113.8,114.3,114.2,114.0,114.6,115.2,116.0,116.7,116.1,116.1,116.1,115.6,115.1,115.1,115.3,114.9,114.6,115.2,115.3,115.7,115.8,116.7,117.2,117.4,117.7,117.5,117.0,116.3,115.5,115.3,114.6,114.8,115.4,116.6,118.2,119.2
EIUIZ3371                     ,EIUIZ3371                     ,"Monthly import price index for NAICS 3371, Household and institutional furniture and kitchen cabinet manufacturing, not seasonally adjusted",Index base: 2005.12=100,2005-M12,2021-M11,100.0,99.9,100.3,100.5,100.8,100.9,101.3,101.6,102.1,104.5,108.0,110.6,111.5,111.5,111.2,110.5,108.9,106.8,106.6,107.8,108.7,110.4,112.6,113.8,114.7,115.0,115.7,115.1,115.1,116.0,116.0,115.7,116.5,117.1,117.3,117.6,117.5,117.4,117.3,116.9,116.3,116.2,116.7,116.4,115.8,116.2,116.5,116.8,116.9,117.5,117.4,117.6,118.0,117.7,117.4,116.9,116.0,115.7,115.4,115.7,116.0,117.2,119.2,120.5
EIUIZ337121                   ,EIUIZ337121                   ,"Monthly import price index for NAICS 337121, Upholstered household furniture manufacturing, not seasonally adjusted",Index base: 2019.12=100,2019-M12,2021-M11,,,,,,,,,,,,,,,,,,,,,,,,,,,,,,,,,,,,,,,,,,,,,,,,,,,,,,,,,100.0,99.0,98.8,98.9,99.2,100.2,101.8,102.1
EIUIZ337122                   ,EIUIZ337122                   ,"Monthly import price index for NAICS 337122, Nonupholstered wood household furniture manufacturing, not seasonally adjusted",Index base: 2019.12=100,2019-M12,2021-M11,,,,,,,,,,,,,,,,,,,,,,,,,,,,,,,,,,,,,,,,,,,,,,,,,,,,,,,,,100.0,100.1,99.7,100.4,100.4,101.2,103.1,103.3
EIUIZ3372                     ,EIUIZ3372                     ,"Monthly import price index for NAICS 3372, Office furniture (including fixtures) manufacturing, not seasonally adjusted",Index base: 2005.12=100,2005-M12,2021-M11,100.0,100.4,100.3,101.3,100.8,101.8,102.4,103.5,104.5,112.3,118.4,117.1,108.5,109.2,104.4,106.7,105.5,102.7,104.0,101.7,103.5,105.2,106.3,108.0,107.8,107.9,108.4,109.2,108.5,107.5,107.7,107.8,107.4,107.7,110.8,112.7,110.7,110.9,111.7,110.9,110.4,110.9,110.2,109.9,110.0,111.9,111.6,111.9,112.0,113.8,116.5,116.7,116.8,116.9,115.8,114.0,113.9,113.6,111.2,111.7,112.8,113.8,115.8,116.5
EIUIZ339                      ,EIUIZ339                      ,"Monthly import price index for NAICS 339, Miscellaneous manufacturing, not seasonally adjusted",Index base: 2005.12=100,2005-M12,2021-M11,100.0,100.6,102.3,104.1,105.3,105.9,106.2,107.2,108.3,109.6,110.9,111.0,110.7,110.0,111.7,111.9,112.5,112.2,112.3,112.8,114.3,118.4,121.0,122.5,123.2,122.3,122.4,120.9,120.7,120.9,120.8,120.9,120.9,122.2,122.1,122.1,121.2,120.5,120.1,119.2,118.9,119.8,119.8,119.8,117.8,117.6,117.5,117.9,117.5,118.8,118.8,118.3,119.0,118.5,118.2,118.6,119.1,117.3,117.6,120.0,120.6,120.2,120.5,120.5
EIUIZ3391                     ,EIUIZ3391                     ,"Monthly import price index for NAICS 3391, Medical equipment and supplies manufacturing, not seasonally adjusted",Index base: 2005.12=100,2005-M12,2021-M11,100.0,100.0,101.0,101.0,101.2,101.3,101.6,100.7,101.8,101.2,102.0,102.9,102.4,101.8,102.7,103.5,103.6,102.3,101.9,102.4,104.5,110.8,111.7,112.3,112.7,107.4,106.5,105.3,103.8,103.6,104.5,104.9,105.1,106.2,106.9,106.2,105.9,105.5,105.2,104.7,104.7,105.9,106.3,105.9,104.7,104.5,105.0,105.6,105.0,108.0,106.8,105.5,105.9,103.9,103.6,103.6,104.2,102.5,103.4,107.0,109.1,107.5,104.6,102.5
EIUIZ339112                   ,EIUIZ339112                   ,"Monthly import price index for NAICS 339112, Surgical and medical instrument manufacturing, not seasonally adjusted",Index base: 2019.12=100,2019-M12,2021-M11,,,,,,,,,,,,,,,,,,,,,,,,,,,,,,,,,,,,,,,,,,,,,,,,,,,,,,,,,100.0,100.4,100.6,101.3,101.3,100.5,99.0,98.7
EIUIZ339113                   ,EIUIZ339113                   ,"Monthly import price index for NAICS 339113, Surgical appliance and supplies manufacturing, not seasonally adjusted",Index base: 2019.12=100,2019-M12,2021-M11,,,,,,,,,,,,,,,,,,,,,,,,,,,,,,,,,,,,,,,,,,,,,,,,,,,,,,,,,100.0,95.6,97.6,106.0,111.2,108.3,102.8,98.3
EIUIZ3399                     ,EIUIZ3399                     ,"Monthly import price index for NAICS 3399, Other miscellaneous manufacturing, not seasonally adjusted",Index base: 2005.12=100,2005-M12,2021-M11,100.0,100.8,102.7,105.0,106.4,107.2,107.4,108.9,110.0,111.8,113.3,113.2,112.9,112.2,114.2,114.1,114.9,115.0,115.2,115.8,117.1,120.2,123.5,125.4,126.1,127.1,127.7,126.1,126.3,126.7,126.2,126.1,126.1,127.4,127.0,127.3,126.1,125.4,125.0,123.8,123.4,124.2,123.9,124.1,121.7,121.6,121.2,121.5,121.3,121.6,122.3,122.1,123.0,123.3,123.0,123.6,124.0,122.2,122.2,123.9,123.6,124.0,126.4,127.6
EIUIZ33991                    ,EIUIZ33991                    ,"Monthly import price index for NAICS 33991, Jewelry and silverware manufacturing, not seasonally adjusted",Index base: 2005.12=100,2005-M12,2021-M11,100.0,101.4,105.4,109.9,112.0,113.1,113.0,115.9,117.7,120.3,122.5,121.0,119.8,117.1,120.7,120.1,122.7,122.3,123.2,124.1,126.8,133.5,140.1,144.4,144.6,146.1,145.9,143.1,142.9,143.3,141.9,141.7,141.4,145.1,143.7,144.7,141.5,141.0,140.1,138.3,137.8,139.3,138.6,139.5,134.5,135.1,135.2,135.8,134.9,135.4,135.9,134.5,136.1,138.0,137.4,139.0,138.2,134.1,134.5,138.3,138.5,138.3,142.2,144.0
EIUIZ33992                    ,EIUIZ33992                    ,"Monthly import price index for NAICS 33992, Sporting and athletic goods manufacturing, not seasonally adjusted",Index base: 2005.12=100,2005-M12,2021-M11,100.0,100.6,100.3,101.3,102.0,102.4,103.8,105.5,105.5,110.2,111.2,114.5,113.9,114.3,114.4,113.4,113.1,114.3,114.0,113.2,112.2,113.3,114.8,116.8,116.9,117.2,118.6,118.9,119.3,119.3,119.7,119.4,119.4,119.5,120.6,120.7,120.7,120.5,119.9,119.2,119.2,118.7,118.3,117.4,118.2,118.2,118.9,119.6,120.0,119.4,119.4,122.3,123.7,123.8,124.3,124.7,124.8,124.3,124.4,124.5,124.4,126.5,127.7,128.8
EIUIZ33993                    ,EIUIZ33993                    ,"Monthly import price index for NAICS 33993, Doll, toy, and game manufacturing, not seasonally adjusted",Index base: 2005.12=100,2005-M12,2021-M11,100.0,100.5,99.9,100.2,100.9,101.6,101.7,101.9,101.9,102.0,102.1,102.6,102.8,104.2,103.4,103.8,102.9,102.9,102.5,102.7,103.3,103.6,104.7,104.9,106.5,107.0,107.3,106.1,106.8,107.1,107.0,107.1,107.3,107.3,107.5,107.5,107.7,106.4,106.3,105.7,105.4,105.2,105.5,105.2,105.2,104.1,102.0,101.7,102.0,102.5,103.5,103.5,103.5,102.3,101.5,100.7,101.3,101.1,100.7,100.6,99.4,98.8,98.8,99.1
EIUIZ33999                    ,EIUIZ33999                    ,"Monthly import price index for NAICS 33999, All other miscellaneous manufacturing, not seasonally adjusted",Index base: 2005.12=100,2005-M12,2021-M11,100.0,99.9,101.1,102.2,103.3,103.2,103.6,103.7,105.3,106.4,108.0,108.8,109.8,109.3,113.8,115.0,115.0,115.4,115.4,116.8,117.3,120.0,122.3,122.9,123.6,124.3,125.8,124.9,125.0,125.6,126.2,126.2,126.3,126.1,125.5,125.4,125.3,124.9,125.0,124.4,123.8,125.1,124.8,124.1,123.1,122.6,122.7,122.9,122.8,123.5,124.4,125.3,125.3,125.0,125.5,126.6,129.0,129.2,128.9,129.8,129.9,131.6,135.8,137.4
EIUIZ339999                   ,EIUIZ339999                   ,"Monthly import price index for NAICS 339999, All other miscellaneous manufacturing, not seasonally adjusted",Index base: 2019.12=100,2019-M12,2021-M11,,,,,,,,,,,,,,,,,,,,,,,,,,,,,,,,,,,,,,,,,,,,,,,,,,,,,,,,,100.0,99.7,99.7,99.5,99.5,99.7,102.5,103.4
EIUIZMANU                     ,EIUIZMANU                     ,"Monthly import price index for NAICS, Manufacturing, not seasonally adjusted",Index base: 2005.12=100,2005-M12,2021-M11,100.0,100.8,103.3,103.2,103.1,104.0,105.7,106.2,108.3,111.2,115.3,114.2,106.1,105.0,106.8,107.7,108.9,109.7,110.1,110.2,112.4,115.9,117.4,118.4,117.9,118.7,117.4,117.7,117.3,117.6,116.2,115.9,115.7,116.5,116.7,116.2,114.3,112.3,111.8,110.2,109.0,108.1,109.0,108.9,109.0,109.8,110.0,110.7,111.0,112.0,112.6,112.2,111.7,111.6,111.0,110.9,110.6,110.4,109.7,111.3,111.9,114.8,118.2,118.2
EIUIZNONMANU                  ,EIUIZNONMANU                  ,"Monthly import price index for NAICS, Nonmanufacturing, not seasonally adjusted",Index base: 2005.12=100,2005-M12,2021-M11,100.0,99.2,111.2,106.4,101.3,101.9,114.8,121.9,141.3,161.5,206.1,169.5,83.1,84.3,110.8,113.0,123.9,130.7,123.0,124.6,142.4,169.0,176.8,169.6,174.5,181.8,157.4,167.7,162.0,171.2,164.5,173.2,161.5,176.3,175.0,160.6,119.1,96.3,110.7,86.3,76.1,68.4,86.6,86.1,93.9,95.2,92.6,99.4,110.7,110.0,120.3,119.4,95.3,119.1,116.8,111.4,113.4,77.6,78.4,88.7,96.0,120.8,130.7,137.3
