index,Index,Label,unit,start,last,1965,1966,1967,1968,1969,1970,1971,1972,1973,1974,1975,1976,1977,1978,1979,1980,1981,1982,1983,1984,1985,1986,1987,1988,1989,1990,1991,1992,1993,1994,1995,1996,1997,1998,1999,2000,2001,2002,2003,2004,2005,2006,2007,2008,2009,2010,2011,2012,2013,2014,2015,2016,2017,2018,2019,2020,2021
PCU315---315---               ,PCU315---315---               ,"PPI industry sub-sector data for Apparel manufacturing, not seasonally adjusted",Index base: 2003.12 = 100,2003-M12,2022-M01,,,,,,,,,,,,,,,,,,,,,,,,,,,,,,,,,,,,,,,,100.0,100.0,100.5,101.5,102.4,103.5,103.4,105.7,107.6,109.6,110.8,111.5,112.2,113.2,114.2,116.3,116.9,117.775
PCU3151--3151--               ,PCU3151--3151--               ,"PPI industry group data for Apparel knitting mills, not seasonally adjusted",Index base: 1984.12 = 100,1984-M12,2022-M01,,,,,,,,,,,,,,,,,,,,,100.6,101.3,103.3,105.5,107.4,109.9,110.9,112.8,113.3,113.0,115.7,116.6,117.0,116.6,114.0,113.9,113.7,112.7,111.6,110.3,109.6,110.5,110.9,112.9,113.9,115.3,121.4,123.2,125.2,125.6,128.1,129.2,129.9,130.1,130.9,131.1,131.956
PCU31511-31511-               ,PCU31511-31511-               ,"PPI industry data for Hosiery and sock mills, not seasonally adjusted",Index base: 1984.12 = 100,1984-M12,2022-M01,,,,,,,,,,,,,,,,,,,,,100.6,101.3,103.3,105.5,107.4,109.9,110.9,112.8,113.3,113.0,115.7,116.6,117.0,116.6,114.0,113.9,113.7,112.7,111.6,111.4,110.9,112.0,111.9,113.2,114.1,116.0,123.5,126.3,127.4,126.9,131.1,132.9,133.3,133.6,134.0,134.2,135.312
PCU315110315110               ,PCU315110315110               ,"PPI industry data for Hosiery and sock mills, not seasonally adjusted",Index base: 2010.12 = 100,2010-M12,2022-M01,,,,,,,,,,,,,,,,,,,,,,,,,,,,,,,,,,,,,,,,,,,,,,,104.0,106.4,107.3,106.9,110.4,111.9,112.2,112.5,112.8,113.0,113.929
PCU3151103151100              ,PCU3151103151100              ,"PPI industry data for Hosiery and sock mills-Hosiery and socks, not seasonally adjusted",Index base: 2020.05 = 100,2020-M05,2022-M01,,,,,,,,,,,,,,,,,,,,,,,,,,,,,,,,,,,,,,,,,,,,,,,,,,,,,,,,,100.844
PCU315110315110P              ,PCU315110315110P              ,"PPI industry data for Hosiery and sock mills-Primary products, not seasonally adjusted",Index base: 2010.12 = 100,2010-M12,2022-M01,,,,,,,,,,,,,,,,,,,,,,,,,,,,,,,,,,,,,,,,,,,,,,,103.8,104.8,105.0,104.3,106.8,107.6,107.8,108.1,108.4,108.6,109.533
PCU31519-31519-               ,PCU31519-31519-               ,"PPI industry data for Other apparel knitting mills, not seasonally adjusted",Index base: 2006.12 = 100,2006-M12,2022-M01,,,,,,,,,,,,,,,,,,,,,,,,,,,,,,,,,,,,,,,,,,,100.8,103.5,104.7,105.2,108.9,108.9,112.1,113.9,113.6,113.4,114.5,114.5,115.9,116.0,116.478
PCU315190315190               ,PCU315190315190               ,"PPI industry data for Other apparel knitting mills, not seasonally adjusted",Index base: 2011.12 = 100,2011-M12,2022-M01,,,,,,,,,,,,,,,,,,,,,,,,,,,,,,,,,,,,,,,,,,,,,,,,99.3,102.2,103.9,103.6,103.4,104.4,104.5,105.7,105.8,106.242
PCU3151903151903              ,PCU3151903151903              ,"PPI industry data for Other apparel knitting mills-Outerwear, made in knitting mills, not seasonally adjusted",Index base: 1984.12 = 100,1984-M12,2016-M05,,,,,,,,,,,,,,,,,,,,,101.0,102.4,107.2,108.5,110.0,112.1,112.5,114.2,114.1,115.0,117.4,118.8,119.7,119.2,116.0,116.8,116.4,112.1,101.0,98.0,96.9,97.4,98.1,99.1,99.9,100.6,101.1,101.6,105.2,107.5,108.5,,,,,,
PCU31519031519031             ,PCU31519031519031             ,"PPI industry data for Other apparel knitting mills-Men's and boys' sweaters, made in knitting mills, not seasonally adjusted",Index base: 1984.12 = 100,1984-M12,2015-M06,,,,,,,,,,,,,,,,,,,,,103.0,104.2,108.4,116.1,120.3,122.8,124.8,127.6,127.5,128.3,128.7,128.8,132.6,132.2,132.3,133.2,132.5,131.5,129.0,129.0,129.0,130.8,131.7,131.9,134.6,137.5,137.5,137.5,142.0,140.9,,,,,,,
PCU31519031519033             ,PCU31519031519033             ,"PPI industry data for Other apparel knitting mills-Women's, girls', and infants' sweaters, made in knitting mills, not seasonally adjusted",Index base: 1984.12 = 100,1984-M12,2012-M04,,,,,,,,,,,,,,,,,,,,,98.5,100.9,102.2,104.0,106.5,,101.1,102.9,103.3,103.0,102.9,104.2,105.1,105.0,106.1,114.3,111.1,97.3,87.4,85.7,83.7,86.8,86.8,89.2,91.4,91.4,91.4,,,,,,,,,,
PCU31519031519035             ,PCU31519031519035             ,"PPI industry data for Other apparel knitting mills-Men's and boys' knit dress and sport shirts, made in knitting mills, not seasonally adjusted",Index base: 1984.12 = 100,1984-M12,2012-M04,,,,,,,,,,,,,,,,,,,,,102.0,104.5,111.0,110.9,113.4,118.9,120.3,123.0,122.5,122.6,125.8,127.7,128.7,126.6,121.2,120.8,121.3,118.3,104.9,101.6,99.4,98.7,98.7,98.7,98.9,98.9,98.9,,,,,,,,,,
PCU3151903151903F             ,PCU3151903151903F             ,"PPI industry data for Other apparel knitting mills-Hats, mufflers, scarves, and other knitting mill apparel products, made in knitting mills, not seasonally adjusted",Index base: 2006.12 = 100,2006-M12,2015-M09,,,,,,,,,,,,,,,,,,,,,,,,,,,,,,,,,,,,,,,,,,,100.6,106.7,108.2,113.5,125.6,130.8,132.7,,,,,,,,
PCU315190315190P              ,PCU315190315190P              ,"PPI industry data for Other apparel knitting mills-Primary products, not seasonally adjusted",Index base: 2011.12 = 100,2011-M12,2022-M01,,,,,,,,,,,,,,,,,,,,,,,,,,,,,,,,,,,,,,,,,,,,,,,,99.1,101.4,103.0,103.3,103.7,105.0,105.1,107.3,107.6,108.387
PCU315190315190S              ,PCU315190315190S              ,"PPI industry data for Other apparel knitting mills-Secondary products, not seasonally adjusted",Index base: 2011.12 = 100,2011-M12,2014-M10,,,,,,,,,,,,,,,,,,,,,,,,,,,,,,,,,,,,,,,,,,,,,,,,100.0,105.0,,,,,,,,
PCU3152--3152--               ,PCU3152--3152--               ,"PPI industry group data for Cut and sew apparel manufacturing, not seasonally adjusted",Index base: 2003.12 = 100,2003-M12,2022-M01,,,,,,,,,,,,,,,,,,,,,,,,,,,,,,,,,,,,,,,,100.2,100.2,100.6,101.7,102.4,103.5,103.3,104.9,106.7,108.7,110.0,110.4,111.0,112.0,112.9,114.9,115.3,115.738
PCU31521-31521-               ,PCU31521-31521-               ,"PPI industry data for Cut and sew apparel contractors, not seasonally adjusted",Index base: 2003.12 = 100,2003-M12,2022-M01,,,,,,,,,,,,,,,,,,,,,,,,,,,,,,,,,,,,,,,,100.2,103.0,105.3,105.9,106.3,106.3,106.1,105.0,105.7,106.1,106.5,107.2,107.7,107.8,108.2,113.4,115.6,116.019
PCU315210315210               ,PCU315210315210               ,"PPI industry data for Cut and sew apparel contractors, not seasonally adjusted",Index base: 2011.12 = 100,2011-M12,2022-M01,,,,,,,,,,,,,,,,,,,,,,,,,,,,,,,,,,,,,,,,,,,,,,,,100.8,101.2,101.6,102.2,102.8,102.8,103.2,108.1,110.3,110.655
PCU3152103152102              ,PCU3152103152102              ,"PPI industry data for Cut and sew apparel contractors-Contract receipts for women's, girls', and infants' apparel, not seasonally adjusted",Index base: 2003.12 = 100,2003-M12,2022-M01,,,,,,,,,,,,,,,,,,,,,,,,,,,,,,,,,,,,,,,,100.1,102.5,104.0,104.3,104.5,104.0,103.3,101.8,102.9,102.9,103.1,103.3,103.9,104.0,104.3,108.7,111.1,111.296
PCU31521031521021             ,PCU31521031521021             ,"PPI industry data for Cut and sew apparel contractors-Contract receipts for women's, girls', and infants' shirts and blouses, not seasonally adjusted",Index base: 2007.06 = 100,2007-M06,2019-M05,,,,,,,,,,,,,,,,,,,,,,,,,,,,,,,,,,,,,,,,,,,,100.3,99.8,99.7,99.7,99.7,99.7,99.8,100.1,100.6,100.6,100.6,,,
PCU31521031521023             ,PCU31521031521023             ,"PPI industry data for Cut and sew apparel contractors-Contract receipts for women's, girls', and infants' dresses, not seasonally adjusted",Index base: 2007.06 = 100,2007-M06,2019-M05,,,,,,,,,,,,,,,,,,,,,,,,,,,,,,,,,,,,,,,,,,,,100.8,100.5,100.4,100.4,100.4,100.4,100.4,100.4,100.4,,100.7,,,
PCU31521031521027             ,PCU31521031521027             ,"PPI industry data for Cut and sew apparel contractors-Contract receipts for women's, girls', & infants' nontailored coats, jackets, & other outerwear, not seasonally adjusted",Index base: 2007.06 = 100,2007-M06,2021-M13,,,,,,,,,,,,,,,,,,,,,,,,,,,,,,,,,,,,,,,,,,,,99.8,98.8,97.6,95.9,98.9,98.8,99.2,,,,101.9,102.0,105.5,105.492
PCU3152103152102T             ,PCU3152103152102T             ,"PPI industry data for Cut and sew apparel contractors-Contract rcpts. women's/girls'/infants' skirts, tailored suits/coats, underwear/nightwear, etc., not seasonally adjusted",Index base: 2007.06 = 100,2007-M06,2020-M05,,,,,,,,,,,,,,,,,,,,,,,,,,,,,,,,,,,,,,,,,,,,100.4,100.8,99.6,94.7,94.9,94.9,94.9,94.9,94.9,,95.5,100.8,,
PCU3152103152104              ,PCU3152103152104              ,"PPI industry data for Cut and sew apparel contractors-Contract receipts for men's and boys' (including unisex) apparel, not seasonally adjusted",Index base: 2003.12 = 100,2003-M12,2022-M01,,,,,,,,,,,,,,,,,,,,,,,,,,,,,,,,,,,,,,,,100.4,105.1,109.4,111.3,112.4,114.2,115.2,115.1,115.1,115.6,116.0,116.7,118.3,118.7,119.4,126.9,129.1,129.733
PCU31521031521048             ,PCU31521031521048             ,"PPI industry data for Cut and sew apparel contractors-Contract receipts for men's and boys' pants, work apparel, and other outerwear, not seasonally adjusted",Index base: 2007.06 = 100,2007-M06,2022-M01,,,,,,,,,,,,,,,,,,,,,,,,,,,,,,,,,,,,,,,,,,,,100.3,100.5,100.7,101.9,102.9,103.1,103.6,,105.9,106.0,106.4,106.7,107.4,108.332
PCU3152103152104T             ,PCU3152103152104T             ,"PPI industry data for Cut and sew apparel contractors-Contract receipts for men's & boys' shirts, tailored suits/coats/jackets, & underwear/nightwear, not seasonally adjusted",Index base: 2007.06 = 100,2007-M06,2020-M09,,,,,,,,,,,,,,,,,,,,,,,,,,,,,,,,,,,,,,,,,,,,101.3,105.5,107.6,105.0,104.4,104.7,,,,,107.5,125.3,,
PCU315210315210P              ,PCU315210315210P              ,"PPI industry data for Cut and sew apparel contractors-Primary products, not seasonally adjusted",Index base: 2011.12 = 100,2011-M12,2022-M01,,,,,,,,,,,,,,,,,,,,,,,,,,,,,,,,,,,,,,,,,,,,,,,,101.0,101.1,101.3,101.6,102.3,102.5,102.9,108.1,110.3,110.632
PCU315210315210S              ,PCU315210315210S              ,"PPI industry data for Cut and sew apparel contractors-Secondary products, not seasonally adjusted",Index base: 2003.12 = 100,2003-M12,2012-M11,,,,,,,,,,,,,,,,,,,,,,,,,,,,,,,,,,,,,,,,100.0,100.0,100.0,,,100.6,100.9,,,,,,,,,,,
PCU31522-31522-               ,PCU31522-31522-               ,"PPI industry data for Men's and boys' cut and sew apparel mfg, not seasonally adjusted",Index base: 2003.12 = 100,2003-M12,2022-M01,,,,,,,,,,,,,,,,,,,,,,,,,,,,,,,,,,,,,,,,99.9,98.4,98.0,98.2,99.2,101.6,102.5,107.5,112.2,115.1,118.0,117.5,117.8,118.9,119.9,122.6,123.8,126.529
PCU315220315220               ,PCU315220315220               ,"PPI industry data for Men's and boys' cut and sew apparel manufacturing, not seasonally adjusted",Index base: 2011.12 = 100,2011-M12,2022-M01,,,,,,,,,,,,,,,,,,,,,,,,,,,,,,,,,,,,,,,,,,,,,,,,102.1,104.7,107.2,106.7,107.0,108.0,108.9,111.3,112.4,114.907
PCU3152203152201              ,PCU3152203152201              ,"PPI industry data for Men's and boys' cut and sew apparel manufacturing-Men's and boys' nightwear, robes, and underwear, made from purchased fabrics, not seasonally adjusted",Index base: 2003.12 = 100,2003-M12,2022-M01,,,,,,,,,,,,,,,,,,,,,,,,,,,,,,,,,,,,,,,,100.1,102.2,104.3,103.6,103.0,109.2,112.2,117.9,123.6,,127.5,135.4,137.9,141.7,145.9,147.7,149.3,153.357
PCU3152203152202              ,PCU3152203152202              ,"PPI industry data for Men's and boys' cut and sew apparel manufacturing-Men's and boys' suits, coats, and overcoats, not seasonally adjusted",Index base: 1980.12 = 100,1980-M12,2021-M10,,,,,,,,,,,,,,,,,103.0,109.4,113.2,116.7,120.3,122.1,125.6,131.9,140.5,146.0,149.6,152.1,152.2,154.1,155.5,157.4,159.3,166.0,167.4,167.6,164.7,161.6,164.5,165.6,165.2,164.6,166.7,171.1,175.9,176.8,179.9,179.7,180.1,181.0,181.8,180.1,180.7,180.9,181.9,183.1,
PCU31522031522022             ,PCU31522031522022             ,"PPI industry data for Men's and boys' cut and sew apparel manufacturing-Men's and boys' tailored suits, including dress uniforms (firefighter, military, police, etc.), not seasonally adjusted",Index base: 2002.06 = 100,2002-M06,2021-M09,,,,,,,,,,,,,,,,,,,,,,,,,,,,,,,,,,,,,,,100.6,101.1,100.7,99.6,100.5,103.0,106.5,107.5,109.6,108.5,108.4,108.7,109.3,107.9,108.3,108.6,109.3,109.7,
PCU31522031522029             ,PCU31522031522029             ,"PPI industry data for Men's and boys' cut and sew apparel manufacturing-Men's and boys' tailored overcoats (incl. water-repellent), dress and sport coats, and vests, not seasonally adjusted",Index base: 2008.12 = 100,2008-M12,2020-M13,,,,,,,,,,,,,,,,,,,,,,,,,,,,,,,,,,,,,,,,,,,,,100.0,99.9,101.4,103.1,103.9,105.0,105.0,105.1,105.2,104.9,105.3,106.8,
PCU315220315220294            ,PCU315220315220294            ,"PPI industry data for Men's and boys' cut and sew apparel manufacturing-Men's and boys' tailored overcoats, topcoats, & car and suburban coats (incl. water-repellent), not seasonally adjusted",Index base: 2002.06 = 100,2002-M06,2008-M11,,,,,,,,,,,,,,,,,,,,,,,,,,,,,,,,,,,,,,,100.0,103.0,104.5,,,,,,,,,,,,,,,,
PCU315220315220296            ,PCU315220315220296            ,"PPI industry data for Men's and boys' cut and sew apparel manufacturing-Men's and boys' tailored dress and sport coats and vests, made from purchased fabrics, not seasonally adjusted",Index base: 2002.06 = 100,2002-M06,2008-M13,,,,,,,,,,,,,,,,,,,,,,,,,,,,,,,,,,,,,,,99.2,99.7,99.5,99.5,99.6,102.8,,,,,,,,,,,,,
PCU3152203152206              ,PCU3152203152206              ,"PPI industry data for Men's and boys' cut and sew apparel manufacturing-Men's and boys' shirts, except work shirts, not seasonally adjusted",Index base: 1983.06 = 100,1965-M01,2022-M01,42.6,43.6,44.5,45.8,48.0,49.3,50.0,50.2,53.1,60.7,64.0,70.4,79.0,80.5,86.3,91.0,93.2,95.7,99.2,97.5,100.3,100.9,102.7,107.3,110.7,114.1,117.8,122.9,125.6,125.6,126.4,126.7,125.6,121.9,120.5,120.2,118.1,113.4,110.5,109.9,109.7,110.0,110.8,111.6,114.2,117.0,142.5,165.4,178.9,181.5,164.5,164.2,164.5,162.9,166.1,168.0,174.446
PCU31522031522061             ,PCU31522031522061             ,"PPI industry data for Men's and boys' cut and sew apparel manufacturing-Men's and boys' knit dress and sport shirts, made from purchased fabrics, not seasonally adjusted",Index base: 1983.06 = 100,1983-M06,2022-M01,,,,,,,,,,,,,,,,,,,,94.5,95.8,95.8,99.4,102.5,106.0,109.9,113.2,116.5,117.2,116.9,116.9,116.1,115.1,110.2,108.1,107.1,103.3,97.0,92.7,91.2,90.0,89.5,89.8,90.1,,,,149.9,168.4,168.2,144.3,143.3,143.3,143.2,147.4,149.3,151.815
PCU31522031522063             ,PCU31522031522063             ,"PPI industry data for Men's and boys' cut and sew apparel manufacturing-Men's and  boys' woven dress and sport shirts, made from purchased fabrics, not seasonally adjusted",Index base: 1983.06 = 100,1965-M01,2021-M10,42.1,43.2,44.2,45.3,47.8,49.3,49.9,49.8,52.6,60.7,64.7,69.7,78.4,78.6,86.0,90.4,92.4,96.7,99.7,99.5,102.4,102.8,103.6,109.5,113.5,116.3,119.3,122.9,127.7,127.8,128.5,129.6,127.8,127.8,128.7,130.9,133.4,132.5,132.6,135.4,138.8,141.9,144.5,147.3,150.3,151.9,153.9,156.7,,163.5,166.3,167.8,168.8,165.6,167.5,169.1,
PCU315220315220A              ,PCU315220315220A              ,"PPI industry data for Men's and boys' cut and sew apparel manufacturing-Men's and boys' pants, except work pants, not seasonally adjusted",Index base: 1981.12 = 100,1981-M12,2020-M08,,,,,,,,,,,,,,,,,,102.7,102.5,104.3,106.0,109.3,111.1,114.0,118.2,121.6,124.0,126.3,127.1,128.8,130.1,132.3,132.6,136.4,137.5,137.3,137.4,133.9,131.0,128.9,128.5,126.3,126.8,127.1,127.3,127.4,132.5,137.2,137.6,137.2,136.6,136.6,137.4,138.9,138.9,,
PCU315220315220A1             ,PCU315220315220A1             ,"PPI industry data for Men's and boys' cut and sew apparel manufacturing-Men's and boys' separate dress and sport trousers, pants, & slacks, made from purchased fabrics, not seasonally adjusted",Index base: 1981.12 = 100,1965-M01,2016-M09,55.1,55.9,56.1,57.2,58.6,59.7,61.6,59.8,60.2,65.3,69.3,76.3,79.6,82.4,87.1,94.0,99.9,103.3,102.6,104.1,102.8,106.3,108.5,111.2,116.2,119.4,121.8,124.1,124.2,125.7,128.4,130.3,132.2,135.3,137.2,136.7,137.0,130.7,129.4,128.4,125.6,123.0,123.6,123.5,123.9,,,,,146.3,144.4,,,,,,
PCU315220315220A3             ,PCU315220315220A3             ,"PPI industry data for Men's and boys' cut and sew apparel manufacturing-Men's and boys' jeans and jean-cut casual slacks, made from purchased fabrics, not seasonally adjusted",Index base: 1981.12 = 100,1981-M12,2016-M11,,,,,,,,,,,,,,,,,,99.6,100.1,102.8,103.7,104.7,106.0,111.0,111.9,114.0,116.8,123.5,126.2,127.9,128.7,131.3,131.4,135.9,137.0,136.8,136.9,135.0,130.5,127.4,128.8,126.8,,,,,,,,130.2,130.2,,,,,,
PCU315220315220C              ,PCU315220315220C              ,"PPI industry data for Men's and boys' cut and sew apparel manufacturing-Men's and boys' work clothing, not seasonally adjusted",Index base: 1981.12 = 100,1981-M12,2022-M01,,,,,,,,,,,,,,,,,,99.9,100.7,103.5,104.5,105.5,106.7,111.4,113.1,115.5,118.8,124.3,128.6,130.6,133.4,136.5,137.4,138.4,140.3,140.8,139.1,135.4,134.9,135.3,134.2,129.2,130.5,132.0,137.5,136.1,141.7,145.5,146.3,149.4,152.4,153.9,159.4,161.4,164.7,165.3,165.545
PCU315220315220C1             ,PCU315220315220C1             ,"PPI industry data for Men's and boys' cut and sew apparel manufacturing-Men's and boys' work shirts, made from purchased fabrics, not seasonally adjusted",Index base: 1981.12 = 100,1981-M12,2020-M05,,,,,,,,,,,,,,,,,,98.9,99.5,102.7,104.5,104.6,,,,,,,125.9,128.9,131.9,134.9,131.6,131.7,132.1,132.2,129.6,125.1,125.2,124.6,129.8,126.1,126.3,129.1,134.4,123.8,125.9,126.4,127.0,129.7,132.4,132.5,138.9,142.3,148.6,,
PCU315220315220C3             ,PCU315220315220C3             ,"PPI industry data for Men's and boys' cut and sew apparel manufacturing-Men's and boys' work clothing and washable service apparel (excl. work shirts and jeans), mfpm, not seasonally adjusted",Index base: 1981.12 = 100,1981-M12,2022-M01,,,,,,,,,,,,,,,,,,100.5,102.3,106.6,107.4,108.4,109.0,113.4,116.8,119.7,123.2,124.4,127.6,129.4,132.3,135.7,137.5,138.5,141.3,142.0,140.4,136.6,135.8,136.6,133.1,127.7,129.4,130.5,135.9,137.8,144.6,149.8,150.6,153.9,156.9,158.8,164.0,165.6,168.1,168.7,168.854
PCU315220315220E              ,PCU315220315220E              ,"PPI industry data for Men's and boys' cut and sew apparel manufacturing-Men's and boys' other outerwear, not seasonally adjusted",Index base: 1983.12 = 100,1983-M12,2022-M01,,,,,,,,,,,,,,,,,,,,102.4,103.7,104.2,105.4,108.1,112.6,116.6,118.7,120.9,122.6,123.8,124.4,125.3,126.7,127.3,128.6,129.8,130.2,131.5,131.5,132.8,121.8,123.0,123.6,125.7,134.2,143.4,143.3,151.1,156.3,156.9,160.3,163.0,166.0,168.9,171.1,173.7,176.752
PCU315220315220E1             ,PCU315220315220E1             ,"PPI industry data for Men's and boys' cut and sew apparel manufacturing-Men's and boys' nontailored coats, jackets, and vests (excl. ski apparel & work jackets), mfpm, not seasonally adjusted",Index base: 1983.12 = 100,1983-M12,2022-M01,,,,,,,,,,,,,,,,,,,,102.3,103.7,104.0,105.0,107.9,111.9,114.5,117.6,119.1,120.4,121.5,120.7,120.4,121.0,121.4,123.5,125.5,126.4,128.5,128.4,128.8,122.5,124.9,125.6,128.6,141.4,158.0,158.5,164.7,170.7,171.4,175.2,178.4,181.8,185.7,188.0,190.8,195.132
PCU315220315220E11            ,PCU315220315220E11            ,"PPI industry data for Men's and boys' cut and sew apparel manufacturing-Men's and boys' heavyweight nontailored coats, jackets, and vests (excl. ski apparel & work), not seasonally adjusted",Index base: 2007.06 = 100,2007-M06,2022-M01,,,,,,,,,,,,,,,,,,,,,,,,,,,,,,,,,,,,,,,,,,,,102.6,115.3,132.8,133.3,137.0,,142.0,145.7,150.0,154.1,157.8,158.7,160.7,164.116
PCU315220315220E12            ,PCU315220315220E12            ,"PPI industry data for Men's and boys' cut and sew apparel manufacturing-Men's and boys' lightweight nontailored coats, jackets, and vests (excl. ski apparel & work), not seasonally adjusted",Index base: 2007.06 = 100,2007-M06,2022-M01,,,,,,,,,,,,,,,,,,,,,,,,,,,,,,,,,,,,,,,,,,,,103.2,105.9,106.1,106.2,107.2,110.6,112.2,114.0,114.0,114.7,116.6,119.0,121.1,124.087
PCU315220315220E3             ,PCU315220315220E3             ,"PPI industry data for Men's and boys' cut and sew apparel manufacturing-Men's and boys' shorts (including dress and athletic) and swimwear, made from purchased fabrics, not seasonally adjusted",Index base: 1983.12 = 100,1983-M12,2013-M11,,,,,,,,,,,,,,,,,,,,101.1,102.2,103.3,107.1,110.2,111.7,121.1,121.8,123.6,124.3,124.4,124.5,124.9,125.2,125.2,126.1,126.7,127.1,128.8,128.8,,,,,103.9,103.9,99.1,95.4,102.6,,,,,,,,,
PCU315220315220E5             ,PCU315220315220E5             ,"PPI industry data for Men's and boys' cut and sew apparel manufacturing-Men's and boys' sweaters, sweatpants, jogging suits, beachwear (excl. swimsuits), & ski apparel, not seasonally adjusted",Index base: 1983.12 = 100,1983-M12,2019-M07,,,,,,,,,,,,,,,,,,,,102.9,104.2,104.7,105.4,107.9,113.5,116.0,117.9,120.6,123.7,125.4,128.4,130.2,132.9,132.8,134.0,135.7,136.1,137.3,137.4,139.9,142.2,142.7,143.6,145.1,152.2,157.9,160.2,162.0,159.8,160.5,164.4,165.8,167.4,169.6,,,
PCU315220315220M              ,PCU315220315220M              ,"PPI industry data for Men's and boys' cut and sew apparel manufacturing-Miscellaneous receipts, not seasonally adjusted",Index base: 2011.12 = 100,2011-M12,2019-M03,,,,,,,,,,,,,,,,,,,,,,,,,,,,,,,,,,,,,,,,,,,,,,,,,,110.0,110.4,110.6,110.8,112.9,,,
PCU315220315220P              ,PCU315220315220P              ,"PPI industry data for Men's and boys' cut and sew apparel manufacturing-Primary products, not seasonally adjusted",Index base: 2011.12 = 100,2011-M12,2022-M01,,,,,,,,,,,,,,,,,,,,,,,,,,,,,,,,,,,,,,,,,,,,,,,,103.1,105.7,106.8,105.6,105.9,107.4,108.2,109.7,110.6,113.464
PCU315220315220S              ,PCU315220315220S              ,"PPI industry data for Men's and boys' cut and sew apparel manufacturing-Secondary products, not seasonally adjusted",Index base: 2011.12 = 100,2011-M12,2022-M01,,,,,,,,,,,,,,,,,,,,,,,,,,,,,,,,,,,,,,,,,,,,,,,,100.0,98.9,99.2,100.8,101.7,102.4,103.2,107.4,110.8,113.371
PCU31524-31524-               ,PCU31524-31524-               ,"PPI industry data for Women's & girls' cut & sew apparel mfg., not seasonally adjusted",Index base: 2003.12 = 100,2003-M12,2022-M01,,,,,,,,,,,,,,,,,,,,,,,,,,,,,,,,,,,,,,,,100.4,100.8,101.0,102.2,102.6,103.1,102.2,102.1,102.6,105.0,105.8,106.3,106.9,108.2,109.2,109.5,108.8,107.826
PCU315240315240               ,PCU315240315240               ,"PPI industry data for Women's, girls', and infants' cut and sew apparel manufacturing, not seasonally adjusted",Index base: 2011.12 = 100,2011-M12,2022-M01,,,,,,,,,,,,,,,,,,,,,,,,,,,,,,,,,,,,,,,,,,,,,,,,100.5,102.9,103.7,104.1,104.7,105.9,106.8,107.1,106.4,105.444
PCU3152403152401              ,PCU3152403152401              ,"PPI industry data for Women's, girls', and infants' cut and sew apparel manufacturing-Women's and girls' lingerie and nightwear, not seasonally adjusted",Index base: 2003.12 = 100,2003-M12,2022-M01,,,,,,,,,,,,,,,,,,,,,,,,,,,,,,,,,,,,,,,,101.3,103.4,104.6,106.1,106.1,108.4,109.9,111.1,113.7,114.5,114.7,116.2,116.3,117.0,117.2,117.4,117.5,117.515
PCU31524031524011             ,PCU31524031524011             ,"PPI industry data for Women's, girls', and infants' cut and sew apparel manufacturing-Women's and girls' underwear, excluding foundation garments, made from purchased fabrics, not seasonally adjusted",Index base: 2003.12 = 100,2003-M12,2022-M01,,,,,,,,,,,,,,,,,,,,,,,,,,,,,,,,,,,,,,,,100.4,104.5,105.5,104.0,103.8,105.3,106.4,107.7,109.3,109.7,109.9,110.0,110.1,111.7,113.2,113.4,113.7,113.696
PCU31524031524013             ,PCU31524031524013             ,"PPI industry data for Women's, girls', and infants' cut and sew apparel manufacturing-Women's and girls' nightwear, excluding robes and dressing gowns, made from purchased fabrics, not seasonally adjusted",Index base: 2003.12 = 100,2003-M12,2022-M01,,,,,,,,,,,,,,,,,,,,,,,,,,,,,,,,,,,,,,,,100.1,99.1,96.4,97.6,97.9,99.3,103.1,107.2,111.0,116.4,117.0,117.1,117.1,117.3,117.3,117.4,117.4,117.439
PCU31524031524017             ,PCU31524031524017             ,"PPI industry data for Women's, girls', and infants' cut and sew apparel manufacturing-Women's and girls' brassieres, bandeaux, corsets (exc. surgical), girdles, & combinations, mfpm, not seasonally adjusted",Index base: 1982.06 = 100,1975-M12,2021-M02,,,,,,,,,,,,70.8,72.8,75.7,78.9,84.4,90.8,100.7,103.7,107.0,111.2,114.2,117.8,122.5,125.8,125.2,127.6,130.3,133.2,135.2,135.7,136.2,137.4,139.1,141.5,143.2,143.9,144.0,143.4,144.9,148.6,151.1,153.6,153.5,157.9,159.2,160.3,163.5,163.5,,167.7,167.8,168.1,168.1,168.3,168.4,
PCU31524031524019             ,PCU31524031524019             ,"PPI industry data for Women's, girls', and infants' cut and sew apparel manufacturing-Women's and girls' robes and dressing gowns, made from purchased fabrics, not seasonally adjusted",Index base: 2003.12 = 100,2003-M12,2018-M13,,,,,,,,,,,,,,,,,,,,,,,,,,,,,,,,,,,,,,,,100.0,100.3,105.2,111.5,110.4,104.6,110.4,110.6,114.1,117.0,117.0,117.1,117.1,117.1,117.1,,,
PCU3152403152402              ,PCU3152403152402              ,"PPI industry data for Women's, girls', and infants' cut and sew apparel manufacturing-Women's and girls' blouses and shirts, not seasonally adjusted",Index base: 1983.06 = 100,1983-M06,2022-M01,,,,,,,,,,,,,,,,,,,,102.6,111.0,114.2,115.8,118.6,121.5,126.3,129.6,132.4,131.9,133.2,134.7,134.3,132.3,133.8,134.9,135.7,138.4,138.4,136.1,138.8,140.2,141.7,145.1,145.8,146.3,142.6,145.7,141.4,142.3,142.9,144.7,149.3,156.3,159.5,159.6,164.3,171.334
PCU31524031524021             ,PCU31524031524021             ,"PPI industry data for Women's, girls', and infants' cut and sew apparel manufacturing-Women's and girls' knit shirts and blouses, made from purchased fabrics, not seasonally adjusted",Index base: 1993.06 = 100,1993-M06,2022-M01,,,,,,,,,,,,,,,,,,,,,,,,,,,,,,102.0,105.1,105.0,105.0,107.4,107.7,109.2,110.8,108.0,103.1,107.9,109.9,111.2,114.9,114.0,114.5,109.2,115.9,114.9,114.8,115.4,117.1,117.6,123.4,127.7,127.7,131.4,136.676
PCU31524031524023             ,PCU31524031524023             ,"PPI industry data for Women's, girls', and infants' cut and sew apparel manufacturing-Women's and girls' woven shirts and blouses, made from purchased fabrics, not seasonally adjusted",Index base: 1983.06 = 100,1983-M06,2022-M01,,,,,,,,,,,,,,,,,,,,108.2,120.3,122.7,125.9,131.5,136.9,144.5,149.7,155.7,159.0,161.9,162.5,161.5,156.1,156.1,159.1,159.4,164.6,168.7,167.1,166.9,166.9,168.7,170.6,174.3,174.7,174.3,,161.4,163.6,164.0,165.7,177.4,185.1,185.8,186.2,191.7,201.885
PCU3152403152403              ,PCU3152403152403              ,"PPI industry data for Women's, girls', and infants' cut and sew apparel manufacturing-Women's and girls' dresses, made from purchased fabrics, not seasonally adjusted",Index base: 1980.12 = 100,1980-M12,2022-M01,,,,,,,,,,,,,,,,,104.5,106.8,108.9,108.9,109.6,111.8,114.6,118.2,123.8,127.4,130.9,131.7,132.1,128.8,126.5,126.2,126.0,126.1,125.2,124.6,122.1,120.7,121.5,123.6,120.8,119.7,117.6,120.0,121.2,120.1,121.5,123.5,126.3,128.6,130.2,130.3,133.0,135.1,135.0,132.2,131.977
PCU3152403152404              ,PCU3152403152404              ,"PPI industry data for Women's, girls', and infants' cut and sew apparel manufacturing-Women's and girls' suits, coats, and skirts, not seasonally adjusted",Index base: 1982.12 = 100,1982-M12,2022-M01,,,,,,,,,,,,,,,,,,,101.0,101.9,103.0,103.4,103.0,108.3,110.8,113.4,116.1,116.2,117.6,117.5,114.5,109.5,107.5,108.7,109.6,108.4,108.0,108.7,109.1,109.0,108.9,109.2,108.7,109.1,109.4,109.5,113.6,122.0,130.9,121.2,121.8,122.4,124.5,127.1,127.3,127.3,127.364
PCU31524031524044             ,PCU31524031524044             ,"PPI industry data for Women's, girls', and infants' cut and sew apparel manufacturing-Women's and girls' tailored suits and pantsuits, including dress uniforms, mfpm, not seasonally adjusted",Index base: 1993.06 = 100,1993-M06,2012-M03,,,,,,,,,,,,,,,,,,,,,,,,,,,,,,102.1,101.4,84.3,72.4,72.1,71.4,67.6,64.9,63.6,,,,,62.8,,63.3,63.3,,,,,,,,,,,
PCU31524031524046             ,PCU31524031524046             ,"PPI industry data for Women's, girls', and infants' cut and sew apparel manufacturing-Women's and girls' skirts, made from purchased fabrics, not seasonally adjusted",Index base: 1982.12 = 100,1977-M12,2022-M01,,,,,,,,,,,,,,87.1,87.8,92.3,95.3,100.0,102.7,105.9,108.1,107.1,110.8,118.0,108.6,105.8,111.1,112.3,109.6,108.9,104.8,105.6,104.9,106.9,109.3,110.0,110.3,112.5,113.7,113.5,113.3,113.2,112.6,113.3,113.8,114.2,116.0,125.6,137.7,124.4,125.1,125.7,128.4,131.5,131.7,131.7,131.529
PCU31524031524048             ,PCU31524031524048             ,"PPI industry data for Women's, girls', and infants' cut and sew apparel manufacturing-Women's and girls' tailored jackets and vests, excluding fur and leather, mfpm, not seasonally adjusted",Index base: 1998.12 = 100,1998-M12,2021-M03,,,,,,,,,,,,,,,,,,,,,,,,,,,,,,,,,,,100.0,100.0,100.0,100.9,100.7,100.6,100.5,101.4,101.0,101.3,101.3,101.4,108.0,111.8,111.8,112.0,113.5,114.3,115.0,117.0,117.1,,
PCU3152403152408              ,PCU3152403152408              ,"PPI industry data for Women's, girls', and infants' cut and sew apparel manufacturing-Women's and girls' other outerwear, not seasonally adjusted",Index base: 1983.06 = 100,1983-M06,2022-M01,,,,,,,,,,,,,,,,,,,,97.9,97.8,98.6,100.4,102.6,104.1,106.4,108.1,108.5,108.1,107.3,108.1,110.5,114.0,114.5,116.2,116.4,114.8,113.9,115.7,115.4,116.2,114.7,119.1,117.0,118.7,118.7,119.5,119.8,120.4,120.0,118.8,118.4,118.2,119.3,120.4,114.8,104.932
PCU31524031524082             ,PCU31524031524082             ,"PPI industry data for Women's, girls', and infants' cut and sew apparel manufacturing-Women's and girls' sweaters, including sweater vests, made from purchased fabrics, not seasonally adjusted",Index base: 2006.12 = 100,2006-M12,2021-M06,,,,,,,,,,,,,,,,,,,,,,,,,,,,,,,,,,,,,,,,,,,,100.0,100.5,100.9,,100.9,102.0,102.1,102.1,89.9,87.2,88.6,88.6,97.6,
PCU31524031524084             ,PCU31524031524084             ,"PPI industry data for Women's, girls', and infants' cut and sew apparel manufacturing-Women's and girls' shorts, including tennis skirts, made from purchased fabrics, not seasonally adjusted",Index base: 1993.06 = 100,1993-M06,2022-M01,,,,,,,,,,,,,,,,,,,,,,,,,,,,,,99.6,97.5,96.3,95.8,94.9,91.8,91.1,91.5,91.5,91.5,99.1,113.4,104.8,104.8,104.8,104.8,107.9,109.5,111.1,,110.0,112.0,113.8,111.3,112.8,115.3,115.3,114.39
PCU31524031524086             ,PCU31524031524086             ,"PPI industry data for Women's, girls', and infants' cut and sew apparel manufacturing-Women's and girls' slacks, jeans, & jean-cut casual slacks (exc. sweatpants), mfpm, not seasonally adjusted",Index base: 1983.06 = 100,1983-M06,2022-M01,,,,,,,,,,,,,,,,,,,,95.0,92.8,93.7,93.5,94.0,93.8,96.0,98.3,97.2,96.0,94.6,94.4,93.9,95.4,93.8,94.5,94.3,93.4,92.3,92.2,92.2,90.8,91.0,91.1,89.9,89.4,89.0,88.8,89.0,89.3,88.8,86.6,87.0,87.5,87.7,88.3,81.3,67.176
PCU31524031524088             ,PCU31524031524088             ,"PPI industry data for Women's, girls', and infants' cut and sew apparel manufacturing-Women's and girls' sweatpants, bodysuits, warm-up suits, rompers, & beachwear (exc. swimwear), not seasonally adjusted",Index base: 2007.06 = 100,2007-M06,2021-M06,,,,,,,,,,,,,,,,,,,,,,,,,,,,,,,,,,,,,,,,,,,,101.6,102.9,103.4,106.9,109.9,,110.9,112.4,114.6,119.3,126.8,132.2,132.2,
PCU3152403152408A             ,PCU3152403152408A             ,"PPI industry data for Women's, girls', and infants' cut and sew apparel manufacturing-Women's and girls' swimwear, made from purchased fabrics, not seasonally adjusted",Index base: 1983.12 = 100,1977-M12,2022-M01,,,,,,,,,,,,,,66.0,66.8,,,,,,104.9,105.6,111.5,118.5,123.2,130.0,135.5,140.0,,,,,,,171.4,164.9,137.6,131.4,146.8,144.7,148.4,,158.7,149.3,159.5,158.3,161.6,162.0,162.5,161.6,160.9,162.4,160.3,162.1,163.0,161.3,162.501
PCU3152403152408T             ,PCU3152403152408T             ,"PPI industry data for Women's, girls', and infants' cut and sew apparel manufacturing-Women's and girls' nontailored coats, jackets, vests, and washable service apparel, mfpm, not seasonally adjusted",Index base: 2007.06 = 100,2007-M06,2022-M01,,,,,,,,,,,,,,,,,,,,,,,,,,,,,,,,,,,,,,,,,,,,100.6,100.7,100.1,99.4,98.4,99.6,100.1,100.2,100.2,100.3,100.3,100.4,90.5,88.179
PCU3152403152409              ,PCU3152403152409              ,"PPI industry data for Women's, girls', and infants' cut and sew apparel manufacturing-Infants' apparel, made from purchased fabrics, not seasonally adjusted",Index base: 2003.12 = 100,2003-M12,2021-M06,,,,,,,,,,,,,,,,,,,,,,,,,,,,,,,,,,,,,,,,100.4,100.6,103.4,103.9,103.4,,107.3,118.0,113.6,117.1,120.0,120.6,119.6,118.8,118.8,118.4,118.4,
PCU31524031524092             ,PCU31524031524092             ,"PPI industry data for Women's, girls', and infants' cut and sew apparel manufacturing-Infants' apparel, excluding underwear and nightwear, made from purchased fabrics, not seasonally adjusted",Index base: 2003.12 = 100,2003-M12,2009-M11,,,,,,,,,,,,,,,,,,,,,,,,,,,,,,,,,,,,,,,,100.6,100.9,103.8,104.4,103.8,,,,,,,,,,,,,
PCU315240315240M              ,PCU315240315240M              ,"PPI industry data for Women's, girls', and infants' cut and sew apparel manufacturing-Miscellaneous receipts, not seasonally adjusted",Index base: 2011.12 = 100,2011-M12,2016-M04,,,,,,,,,,,,,,,,,,,,,,,,,,,,,,,,,,,,,,,,,,,,,,,,100.2,104.0,106.4,106.7,,,,,,
PCU315240315240P              ,PCU315240315240P              ,"PPI industry data for Women's, girls', and infants' cut and sew apparel manufacturing-Primary products, not seasonally adjusted",Index base: 2011.12 = 100,2011-M12,2022-M01,,,,,,,,,,,,,,,,,,,,,,,,,,,,,,,,,,,,,,,,,,,,,,,,100.4,102.0,101.9,102.5,103.3,105.3,106.9,107.1,106.1,105.064
PCU315240315240S              ,PCU315240315240S              ,"PPI industry data for Women's, girls', and infants' cut and sew apparel manufacturing-Secondary products, not seasonally adjusted",Index base: 2011.12 = 100,2011-M12,2022-M01,,,,,,,,,,,,,,,,,,,,,,,,,,,,,,,,,,,,,,,,,,,,,,,,104.8,103.5,102.7,101.5,101.5,100.5,101.6,102.3,103.3,100.228
PCU31528-31528-               ,PCU31528-31528-               ,"PPI industry data for Other cut and sew apparel manufacturing, not seasonally adjusted",Index base: 2003.12 = 100,2003-M12,2022-M01,,,,,,,,,,,,,,,,,,,,,,,,,,,,,,,,,,,,,,,,100.2,102.3,107.1,111.8,114.7,116.5,117.0,121.3,123.8,125.4,128.7,131.0,133.1,134.7,136.3,138.4,140.0,144.691
PCU315280315280               ,PCU315280315280               ,"PPI industry data for Other cut and sew apparel manufacturing, not seasonally adjusted",Index base: 2003.12 = 100,2003-M12,2022-M01,,,,,,,,,,,,,,,,,,,,,,,,,,,,,,,,,,,,,,,,99.6,103.8,109.8,112.9,116.0,117.5,117.1,119.1,121.8,123.4,126.6,128.9,130.9,132.5,134.1,136.1,137.7,142.318
PCU3152803152802              ,PCU3152803152802              ,"PPI industry data for Other cut and sew apparel manufacturing-Fur and leather apparel, made from purchased materials, not seasonally adjusted",Index base: 2003.12 = 100,2003-M12,2022-M01,,,,,,,,,,,,,,,,,,,,,,,,,,,,,,,,,,,,,,,,103.0,103.9,112.1,126.3,135.7,138.8,141.7,145.9,150.6,152.5,163.6,166.9,168.2,168.7,172.3,176.6,179.3,184.182
PCU31528031528025             ,PCU31528031528025             ,"PPI industry data for Other cut and sew apparel manufacturing-Leather and sheep-lined apparel, made from purchased materials, not seasonally adjusted",Index base: 1985.12 = 100,1985-M12,2017-M01,,,,,,,,,,,,,,,,,,,,,,102.3,109.7,116.8,121.7,124.6,125.6,125.2,125.8,121.7,120.2,120.0,121.4,122.4,123.1,124.1,128.9,129.0,128.0,130.7,131.3,133.4,143.7,153.9,163.2,166.8,171.7,177.5,180.9,201.2,207.1,210.2,,,,,
PCU3152803152806              ,PCU3152803152806              ,"PPI industry data for Other cut and sew apparel manufacturing-All other cut and sew apparel, made from purchased materials, not seasonally adjusted",Index base: 2003.12 = 100,2003-M12,2021-M10,,,,,,,,,,,,,,,,,,,,,,,,,,,,,,,,,,,,,,,,100.3,105.2,114.0,117.6,120.8,122.4,121.8,123.7,125.9,127.4,128.7,130.2,131.4,133.5,135.3,137.4,139.0,
PCU31528031528065             ,PCU31528031528065             ,"PPI industry data for Other cut and sew apparel manufacturing-Team sport uniforms, men's and boys', made from purchased fabrics, not seasonally adjusted",Index base: 2006.12 = 100,2006-M12,2022-M01,,,,,,,,,,,,,,,,,,,,,,,,,,,,,,,,,,,,,,,,,,,100.7,103.4,106.6,109.1,109.5,111.1,113.2,115.0,117.5,120.0,123.4,124.9,125.7,128.0,136.367
PCU31528031528067             ,PCU31528031528067             ,"PPI industry data for Other cut and sew apparel manufacturing-Team sport uniforms, women's and girls', made from purchased fabrics, not seasonally adjusted",Index base: 2006.12 = 100,2006-M12,2019-M08,,,,,,,,,,,,,,,,,,,,,,,,,,,,,,,,,,,,,,,,,,,101.5,102.6,81.2,,,,,,,,,,,,
PCU31528031528069             ,PCU31528031528069             ,"PPI industry data for Other cut and sew apparel manufacturing-Vestments and costumes, made from purchased materials, not seasonally adjusted",Index base: 2003.12 = 100,2003-M12,2022-M01,,,,,,,,,,,,,,,,,,,,,,,,,,,,,,,,,,,,,,,,100.2,102.2,104.9,109.2,112.0,116.3,114.3,116.3,118.5,119.8,120.9,121.7,122.8,124.7,126.4,128.8,130.3,134.184
PCU315280315280M              ,PCU315280315280M              ,"PPI industry data for Other cut and sew apparel manufacturing-Miscellaneous receipts, not seasonally adjusted",Index base: 2003.12 = 100,2003-M12,2016-M04,,,,,,,,,,,,,,,,,,,,,,,,,,,,,,,,,,,,,,,,,,105.9,107.2,109.3,110.7,111.1,114.8,117.1,119.8,125.9,129.8,,,,,,
PCU315280315280P              ,PCU315280315280P              ,"PPI industry data for Other cut and sew apparel manufacturing-Primary products, not seasonally adjusted",Index base: 2003.12 = 100,2003-M12,2022-M01,,,,,,,,,,,,,,,,,,,,,,,,,,,,,,,,,,,,,,,,100.3,105.2,114.0,117.6,120.8,122.4,121.8,123.7,126.2,127.7,129.8,131.4,132.6,134.6,136.5,138.7,140.4,145.002
PCU315280315280S              ,PCU315280315280S              ,"PPI industry data for Other cut and sew apparel manufacturing-Secondary products, not seasonally adjusted",Index base: 2003.12 = 100,2003-M12,2022-M01,,,,,,,,,,,,,,,,,,,,,,,,,,,,,,,,,,,,,,,,89.5,90.5,,,75.5,,,,,,,,,,90.5,90.7,91.7,98.532
PCU3159--3159--               ,PCU3159--3159--               ,"PPI industry group data for Accessories and other apparel manufacturing, not seasonally adjusted",Index base: 2003.12 = 100,2003-M12,2022-M01,,,,,,,,,,,,,,,,,,,,,,,,,,,,,,,,,,,,,,,,100.5,101.6,102.2,103.5,106.5,106.9,106.7,110.1,114.6,117.4,118.3,119.0,120.0,122.5,126.2,132.8,134.3,140.107
PCU31599-31599-               ,PCU31599-31599-               ,"PPI industry data for Accessories and other apparel manufacturing, not seasonally adjusted",Index base: 2003.12 = 100,2003-M12,2022-M01,,,,,,,,,,,,,,,,,,,,,,,,,,,,,,,,,,,,,,,,100.5,101.6,102.2,103.5,106.5,106.9,106.7,110.1,114.6,117.4,118.3,119.0,120.0,122.5,126.2,132.8,134.3,140.104
PCU315990315990               ,PCU315990315990               ,"PPI industry data for Accessories and other apparel manufacturing, not seasonally adjusted",Index base: 2011.12 = 100,2011-M12,2022-M01,,,,,,,,,,,,,,,,,,,,,,,,,,,,,,,,,,,,,,,,,,,,,,,,103.1,105.5,106.4,107.0,107.9,110.2,113.5,119.5,120.8,126.032
PCU3159903159904              ,PCU3159903159904              ,"PPI industry data for Accessories and other apparel manufacturing-Hats, caps, and millinery products, not seasonally adjusted",Index base: 1990.12 = 100,1990-M12,2022-M01,,,,,,,,,,,,,,,,,,,,,,,,,,,102.3,106.4,109.3,112.5,113.6,115.7,117.7,118.9,120.9,123.3,125.9,128.5,129.3,129.9,135.2,135.7,138.6,142.5,146.3,151.1,160.2,171.1,174.5,176.3,179.0,181.8,192.4,210.5,216.3,204.8,222.493
PCU31599031599041             ,PCU31599031599041             ,"PPI industry data for Accessories and other apparel manufacturing-Men's and boys' fabric, straw, and felt hats, made from purchased materials, not seasonally adjusted",Index base: 1990.12 = 100,1990-M12,2022-M01,,,,,,,,,,,,,,,,,,,,,,,,,,,102.7,106.1,109.0,113.1,115.2,117.1,119.0,120.9,122.6,123.8,127.7,131.7,132.0,132.3,139.8,139.9,141.3,148.2,158.0,166.3,175.6,192.6,194.4,190.3,194.2,196.5,202.4,203.6,208.5,207.1,231.2
PCU31599031599043             ,PCU31599031599043             ,"PPI industry data for Accessories and other apparel manufacturing-Women's, girls', and infants' fabric, straw, and felt hats, made from purchased materials, not seasonally adjusted",Index base: 1990.12 = 100,1990-M12,2022-M01,,,,,,,,,,,,,,,,,,,,,,,,,,,102.7,104.1,105.7,105.9,105.9,107.6,113.6,113.9,113.9,,,,114.7,116.3,116.7,116.9,117.2,120.6,122.0,127.0,129.4,139.3,146.9,156.3,156.8,159.9,159.9,159.9,159.9,159.9,159.903
PCU31599031599045             ,PCU31599031599045             ,"PPI industry data for Accessories and other apparel manufacturing-Hat bodies and fabric caps, made from purchased materials, not seasonally adjusted",Index base: 1990.12 = 100,1990-M12,2022-M01,,,,,,,,,,,,,,,,,,,,,,,,,,,101.0,110.0,113.6,116.2,116.1,119.1,119.8,118.4,122.1,127.9,128.5,129.0,131.2,132.3,134.0,135.6,139.9,142.1,,145.2,155.3,162.5,166.5,171.9,174.0,177.3,194.0,229.4,236.7,215.3,230.627
PCU3159903159907              ,PCU3159903159907              ,"PPI industry data for Accessories and other apparel manufacturing-Gloves and mittens, made from purchased materials, not seasonally adjusted",Index base: 2003.12 = 100,2003-M12,2022-M01,,,,,,,,,,,,,,,,,,,,,,,,,,,,,,,,,,,,,,,,101.0,101.9,103.8,105.4,114.5,112.5,115.0,121.8,126.7,128.8,134.6,137.1,139.2,140.5,143.1,151.4,156.1,163.53
PCU3159903159908              ,PCU3159903159908              ,"PPI industry data for Accessories and other apparel manufacturing-Men's and boys' neckwear, made from purchased materials, not seasonally adjusted",Index base: 1983.12 = 100,1975-M12,2021-M01,,,,,,,,,,,,81.0,81.2,82.8,86.3,91.2,92.9,96.8,99.0,103.3,104.0,105.3,107.6,109.7,115.9,120.4,123.2,125.1,126.8,126.7,128.4,129.9,133.5,135.5,136.5,138.6,142.2,143.3,144.8,147.9,147.9,148.6,148.9,149.9,152.9,152.6,153.8,154.3,154.5,155.9,157.6,158.7,161.0,163.5,168.6,170.4,
PCU315990315990B              ,PCU315990315990B              ,"PPI industry data for Accessories and other apparel manufacturing-All other accessories and apparel, not seasonally adjusted",Index base: 2003.12 = 100,2003-M12,2022-M01,,,,,,,,,,,,,,,,,,,,,,,,,,,,,,,,,,,,,,,,100.0,100.3,101.1,101.9,102.5,101.2,100.9,101.9,103.1,104.4,104.6,104.9,105.1,106.4,109.1,112.8,115.4,120.467
PCU315990315990BC             ,PCU315990315990BC             ,"PPI industry data for Accessories and other apparel manufacturing-Leather belts, made from purchased materials, not seasonally adjusted",Index base: 1985.06 = 100,1985-M06,2021-M13,,,,,,,,,,,,,,,,,,,,,,96.8,102.0,106.0,110.5,122.4,126.0,127.1,129.1,131.6,136.3,139.9,142.1,144.5,144.5,144.6,145.2,145.2,145.4,145.6,145.8,146.4,147.3,148.0,145.0,143.5,143.3,146.8,149.7,150.4,150.6,151.0,152.2,154.1,154.5,154.5,163.287
PCU315990315990BE             ,PCU315990315990BE             ,"PPI industry data for Accessories and other apparel manufacturing-All other apparel accessories, made from purchased materials, not seasonally adjusted",Index base: 2011.12 = 100,2011-M12,2022-M01,,,,,,,,,,,,,,,,,,,,,,,,,,,,,,,,,,,,,,,,,,,,,,,,100.0,100.5,100.7,101.0,101.3,102.7,105.8,110.2,113.4,118.018
PCU315990315990M              ,PCU315990315990M              ,"PPI industry data for Accessories and other apparel manufacturing-Miscellaneous receipts, not seasonally adjusted",Index base: 2011.12 = 100,2011-M12,2022-M01,,,,,,,,,,,,,,,,,,,,,,,,,,,,,,,,,,,,,,,,,,,,,,,,108.6,115.0,114.9,,,,,,131.5,135.541
PCU315990315990P              ,PCU315990315990P              ,"PPI industry data for Accessories and other apparel manufacturing-Primary products, not seasonally adjusted",Index base: 2011.12 = 100,2011-M12,2022-M01,,,,,,,,,,,,,,,,,,,,,,,,,,,,,,,,,,,,,,,,,,,,,,,,101.6,102.9,104.0,105.0,105.9,108.6,113.2,117.1,117.2,122.85
PCU315990315990S              ,PCU315990315990S              ,"PPI industry data for Accessories and other apparel manufacturing-Secondary products, not seasonally adjusted",Index base: 2011.12 = 100,2011-M12,2022-M01,,,,,,,,,,,,,,,,,,,,,,,,,,,,,,,,,,,,,,,,,,,,,,,,103.7,107.3,,112.0,114.2,116.0,118.8,120.9,123.5,128.869
