index,Index,Label,unit,start,last,1947,1948,1949,1950,1951,1952,1953,1954,1955,1956,1957,1958,1959,1960,1961,1962,1963,1964,1965,1966,1967,1968,1969,1970,1971,1972,1973,1974,1975,1976,1977,1978,1979,1980,1981,1982,1983,1984,1985,1986,1987,1988,1989,1990,1991,1992,1993,1994,1995,1996,1997,1998,1999,2000,2001,2002,2003,2004,2005,2006,2007,2008,2009,2010,2011,2012,2013,2014,2015,2016,2017,2018,2019,2020,2021
PCU339---339---               ,PCU339---339---               ,"PPI industry sub-sector data for Miscellaneous mfg, not seasonally adjusted",Index base: 2003.12 = 100,2003-M12,2022-M01,,,,,,,,,,,,,,,,,,,,,,,,,,,,,,,,,,,,,,,,,,,,,,,,,,,,,,,,,,101.2,102.9,104.7,107.0,109.9,111.5,113.0,115.8,117.6,118.7,118.9,120.1,121.3,122.1,123.5,126.5,128.6,131.215
PCU3391--3391--               ,PCU3391--3391--               ,"PPI industry group data for Medical equipment & supplies mfg, not seasonally adjusted",Index base: 2003.12 = 100,2003-M12,2022-M01,,,,,,,,,,,,,,,,,,,,,,,,,,,,,,,,,,,,,,,,,,,,,,,,,,,,,,,,,,101.3,102.5,103.8,105.1,107.4,108.9,110.2,112.0,112.8,114.2,114.4,115.6,116.7,117.1,118.3,119.9,121.6,123.097
PCU33911-33911-               ,PCU33911-33911-               ,"PPI industry data for Medical equipment & supplies mfg, not seasonally adjusted",Index base: 2003.12 = 100,2003-M12,2022-M01,,,,,,,,,,,,,,,,,,,,,,,,,,,,,,,,,,,,,,,,,,,,,,,,,,,,,,,,,,101.3,102.5,103.8,105.1,107.4,108.9,110.2,112.0,112.8,114.2,114.4,115.6,116.7,117.1,118.3,119.9,121.6,123.099
PCU339112339112               ,PCU339112339112               ,"PPI industry data for Surgical and medical instrument mfg, not seasonally adjusted",Index base: 1982.06 = 100,1982-M06,2022-M01,,,,,,,,,,,,,,,,,,,,,,,,,,,,,,,,,,,,,103.8,106.4,106.8,107.5,109.3,111.4,116.3,120.0,122.2,125.3,128.0,128.6,129.7,130.9,129.0,127.9,127.4,127.2,128.7,130.8,133.1,134.6,135.2,134.0,134.5,136.3,137.4,138.7,138.2,138.3,139.0,138.4,139.9,142.0,141.8,142.3,141.9,143.5,143.47
PCU3391123391120              ,PCU3391123391120              ,"PPI industry data for Surgical and medical instrument mfg-Surgical and medical instruments, not seasonally adjusted",Index base: 1982.06 = 100,1982-M06,2022-M01,,,,,,,,,,,,,,,,,,,,,,,,,,,,,,,,,,,,,103.7,106.7,105.5,105.8,107.3,108.5,112.3,115.0,116.8,119.5,121.5,122.5,123.7,125.2,123.3,122.0,121.4,120.9,122.3,124.3,127.9,129.3,129.9,129.1,129.7,130.9,132.0,132.7,132.7,132.8,133.4,132.7,134.3,136.6,136.6,137.3,137.1,138.4,138.024
PCU33911233911201             ,PCU33911233911201             ,"PPI industry data for Surgical and medical instrument mfg-Surgical and orthopedic instruments, not seasonally adjusted",Index base: 2012.06 = 100,2012-M06,2022-M01,,,,,,,,,,,,,,,,,,,,,,,,,,,,,,,,,,,,,,,,,,,,,,,,,,,,,,,,,,,,,,,,,,,100.0,100.6,101.9,105.6,106.8,107.4,107.7,108.7,108.711
PCU33911233911202             ,PCU33911233911202             ,"PPI industry data for Surgical and medical instrument mfg-Surgical and medical diagnostic apparatus, excluding electromedical, not seasonally adjusted",Index base: 2012.06 = 100,2012-M06,2015-M03,,,,,,,,,,,,,,,,,,,,,,,,,,,,,,,,,,,,,,,,,,,,,,,,,,,,,,,,,,,,,,,,,,,101.0,101.4,,,,,,,
PCU33911233911203             ,PCU33911233911203             ,"PPI industry data for Surgical and medical instrument mfg-Surgical and medical syringes and hypodermic needles, not seasonally adjusted",Index base: 2012.06 = 100,2012-M06,2021-M08,,,,,,,,,,,,,,,,,,,,,,,,,,,,,,,,,,,,,,,,,,,,,,,,,,,,,,,,,,,,,,,,,,,99.0,98.9,98.7,100.0,98.3,99.2,98.3,,
PCU33911233911204             ,PCU33911233911204             ,"PPI industry data for Surgical and medical instrument mfg-Surgical and medical blood transfusion and IV equipment, including blood donor kits, not seasonally adjusted",Index base: 2012.06 = 100,2012-M06,2016-M02,,,,,,,,,,,,,,,,,,,,,,,,,,,,,,,,,,,,,,,,,,,,,,,,,,,,,,,,,,,,,,,,,,,104.7,104.1,112.5,,,,,,
PCU33911233911205             ,PCU33911233911205             ,"PPI industry data for Surgical and medical instrument mfg-Surgical and medical catheters, not seasonally adjusted",Index base: 1982.06 = 100,1982-M06,2022-M01,,,,,,,,,,,,,,,,,,,,,,,,,,,,,,,,,,,,,106.4,108.9,110.8,112.3,113.5,113.1,114.2,116.2,118.4,120.8,122.9,124.0,124.8,126.6,124.5,125.7,123.0,119.8,121.5,121.5,126.2,127.9,129.1,127.7,128.2,127.7,128.7,128.0,124.7,122.8,123.1,122.6,122.8,122.4,121.4,121.1,116.5,116.4,
PCU33911233911206             ,PCU33911233911206             ,"PPI industry data for Surgical and medical instrument mfg-Other surgical and medical apparatus and instruments, excluding parts, not seasonally adjusted",Index base: 2012.06 = 100,2012-M06,2022-M01,,,,,,,,,,,,,,,,,,,,,,,,,,,,,,,,,,,,,,,,,,,,,,,,,,,,,,,,,,,,,,,,,,,100.8,98.0,97.7,97.3,97.1,97.1,97.1,97.2,97.242
PCU33911233911209             ,PCU33911233911209             ,"PPI industry data for Surgical and medical instrument mfg-Parts for surgical and medical apparatus and instruments, not seasonally adjusted",Index base: 2012.06 = 100,2012-M06,2022-M01,,,,,,,,,,,,,,,,,,,,,,,,,,,,,,,,,,,,,,,,,,,,,,,,,,,,,,,,,,,,,,,,,,,101.1,102.4,105.2,106.8,108.2,110.2,112.1,113.0,109.166
PCU339112339112M              ,PCU339112339112M              ,"PPI industry data for Surgical and medical instrument mfg-Miscellaneous receipts, not seasonally adjusted",Index base: 1983.01 = 100,1983-M01,2021-M08,,,,,,,,,,,,,,,,,,,,,,,,,,,,,,,,,,,,,,99.6,,120.4,125.5,130.4,136.0,140.0,148.9,154.3,161.1,161.0,159.3,159.2,156.7,159.8,162.2,170.5,177.9,181.9,163.5,168.0,167.3,157.5,157.1,169.6,170.1,173.1,172.5,175.0,172.0,171.9,172.6,173.9,173.7,171.1,166.2,176.4,
PCU339112339112P              ,PCU339112339112P              ,"PPI industry data for Surgical and medical instrument mfg-Primary products, not seasonally adjusted",Index base: 1982.06 = 100,1982-M06,2022-M01,,,,,,,,,,,,,,,,,,,,,,,,,,,,,,,,,,,,,104.2,107.3,106.4,107.1,109.2,111.3,116.2,119.4,121.1,123.9,126.6,127.2,128.9,130.7,128.7,127.4,126.7,126.2,127.6,129.7,133.5,134.9,135.6,134.8,135.3,136.6,137.7,138.4,138.5,138.6,139.2,138.4,140.2,142.5,142.5,143.3,143.1,144.4,144.026
PCU339112339112S              ,PCU339112339112S              ,"PPI industry data for Surgical and medical instrument mfg-Secondary products, not seasonally adjusted",Index base: 1982.10 = 100,1982-M10,2021-M09,,,,,,,,,,,,,,,,,,,,,,,,,,,,,,,,,,,,,99.7,99.7,105.2,99.9,98.5,98.0,102.6,109.5,112.9,116.8,117.5,117.9,116.4,113.5,113.6,115.2,115.5,115.5,114.8,114.9,113.6,113.6,113.7,113.9,114.7,114.8,116.7,124.7,117.5,,119.7,122.9,123.2,120.9,118.8,118.2,119.1,121.4,
PCU339113339113               ,PCU339113339113               ,"PPI industry data for Surgical appliance and supplies mfg, not seasonally adjusted",Index base: 1983.06 = 100,1983-M06,2022-M01,,,,,,,,,,,,,,,,,,,,,,,,,,,,,,,,,,,,,,104.4,107.3,111.8,119.3,122.5,127.6,133.5,138.4,142.6,150.6,154.5,154.8,156.1,158.1,160.5,163.0,166.4,169.8,173.3,176.6,180.3,181.8,184.7,186.6,191.2,193.6,195.0,197.9,199.4,202.0,202.9,205.0,205.8,205.4,207.6,211.5,212.9,217.348
PCU3391133391132              ,PCU3391133391132              ,"PPI industry data for Surgical appliance and supplies mfg-Medical and surgical appliances and supplies, incl. orthopedic, prosthetic, and therapeutic, not seasonally adjusted",Index base: 1983.06 = 100,1983-M06,2022-M01,,,,,,,,,,,,,,,,,,,,,,,,,,,,,,,,,,,,,,106.4,109.3,113.3,123.2,124.6,128.9,135.0,139.7,143.9,149.8,154.3,153.5,155.6,157.5,159.2,161.9,165.7,168.9,172.5,176.6,182.4,184.0,186.9,188.7,193.2,195.5,196.7,199.7,200.6,201.9,202.6,203.6,202.4,203.2,205.7,209.0,210.8,215.035
PCU33911333911321             ,PCU33911333911321             ,"PPI industry data for Surgical appliance and supplies mfg-Artificial joints and limbs, not seasonally adjusted",Index base: 1983.06 = 100,1983-M06,2017-M10,,,,,,,,,,,,,,,,,,,,,,,,,,,,,,,,,,,,,,107.5,112.6,120.9,129.4,136.5,147.8,154.7,162.5,168.7,177.2,189.2,191.4,192.5,193.7,200.0,207.3,218.4,231.4,247.6,264.6,280.0,287.5,297.3,303.6,311.1,314.5,312.1,311.8,318.1,327.6,326.4,328.9,321.6,,,,,
PCU33911333911322             ,PCU33911333911322             ,"PPI industry data for Surgical appliance and supplies mfg-Other orthopedic and prosthetic appliances, not seasonally adjusted",Index base: 2003.12 = 100,2003-M12,2022-M01,,,,,,,,,,,,,,,,,,,,,,,,,,,,,,,,,,,,,,,,,,,,,,,,,,,,,,,,,,100.7,99.6,100.9,100.6,100.9,101.0,101.2,101.8,,101.9,102.6,100.9,98.4,95.8,97.1,97.5,97.5,98.437
PCU33911333911327             ,PCU33911333911327             ,"PPI industry data for Surgical appliance and supplies mfg-Other medical and surgical appliances and supplies, not seasonally adjusted",Index base: 2003.12 = 100,2003-M12,2022-M01,,,,,,,,,,,,,,,,,,,,,,,,,,,,,,,,,,,,,,,,,,,,,,,,,,,,,,,,,,102.9,103.6,104.4,105.4,108.7,110.0,111.5,114.6,114.6,114.4,114.9,116.1,116.8,118.3,120.1,123.4,127.4,130.397
PCU3391133391134              ,PCU3391133391134              ,"PPI industry data for Surgical appliance and supplies mfg-Hospital beds and specialized hospital furniture, not seasonally adjusted",Index base: 2011.12 = 100,2011-M12,2022-M01,,,,,,,,,,,,,,,,,,,,,,,,,,,,,,,,,,,,,,,,,,,,,,,,,,,,,,,,,,,,,,,,,,100.6,102.9,104.0,107.2,110.1,111.0,111.8,113.9,114.8,115.777
PCU3391133391136              ,PCU3391133391136              ,"PPI industry data for Surgical appliance and supplies mfg-Personal industrial and nonindustrial safety equipment and clothing, not seasonally adjusted",Index base: 1983.06 = 100,1978-M06,2022-M01,,,,,,,,,,,,,,,,,,,,,,,,,,,,,,,,,78.1,84.8,91.2,96.2,99.8,103.0,108.1,115.2,120.0,126.5,133.3,138.9,147.0,151.7,154.8,159.0,163.6,166.7,169.7,173.4,176.3,179.8,184.1,188.8,192.1,192.9,194.9,199.1,201.4,206.6,210.3,213.7,214.4,217.4,224.2,227.0,232.4,237.4,230.4,231.2,,241.0,253.774
PCU339113339113M              ,PCU339113339113M              ,"PPI industry data for Surgical appliance and supplies mfg-Miscellaneous receipts, not seasonally adjusted",Index base: 1988.07 = 100,1988-M07,2022-M01,,,,,,,,,,,,,,,,,,,,,,,,,,,,,,,,,,,,,,,,,,,,112.4,115.2,119.9,159.8,161.7,162.3,161.8,167.6,169.5,169.4,170.7,172.4,169.8,171.0,170.5,173.3,174.5,175.0,183.3,183.5,187.9,193.4,,198.9,202.7,207.1,211.7,212.8,217.3,222.6,220.2,221.718
PCU339113339113P              ,PCU339113339113P              ,"PPI industry data for Surgical appliance and supplies mfg-Primary products, not seasonally adjusted",Index base: 1983.06 = 100,1983-M06,2022-M01,,,,,,,,,,,,,,,,,,,,,,,,,,,,,,,,,,,,,,105.6,108.9,113.6,122.0,124.7,129.5,135.4,140.7,145.0,150.2,154.8,155.2,157.3,159.3,161.4,164.2,167.9,171.3,175.2,179.1,184.2,185.8,188.9,190.8,195.4,197.8,199.3,202.0,203.4,205.9,207.0,209.1,209.4,209.0,210.9,214.7,216.7,221.928
PCU339113339113S              ,PCU339113339113S              ,"PPI industry data for Surgical appliance and supplies mfg-Secondary products, not seasonally adjusted",Index base: 1983.06 = 100,1983-M06,2022-M01,,,,,,,,,,,,,,,,,,,,,,,,,,,,,,,,,,,,,,100.9,102.9,107.1,111.2,115.3,121.2,127.3,130.9,133.5,136.2,137.3,136.8,133.3,132.7,138.6,140.4,142.2,146.7,152.0,151.9,148.4,147.8,150.2,153.7,154.9,159.2,158.0,161.1,163.9,164.3,158.0,156.3,157.1,153.9,154.5,156.0,159.5,161.296
PCU339114339114               ,PCU339114339114               ,"PPI industry data for Dental equipment and supplies mfg, not seasonally adjusted",Index base: 1985.06 = 100,1985-M06,2022-M01,,,,,,,,,,,,,,,,,,,,,,,,,,,,,,,,,,,,,,,,104.7,108.9,111.6,112.9,118.8,122.1,127.2,132.3,136.0,138.4,141.9,147.8,155.7,166.5,181.8,189.2,191.1,198.7,203.2,212.0,229.8,238.0,248.9,253.4,271.4,305.4,310.3,322.9,329.0,337.5,343.8,360.8,371.1,403.1,432.0,447.443
PCU3391143391141              ,PCU3391143391141              ,"PPI industry data for Dental equipment and supplies mfg-Dental professional equipment and supplies, not seasonally adjusted",Index base: 1997.06 = 100,1997-M06,2022-M01,,,,,,,,,,,,,,,,,,,,,,,,,,,,,,,,,,,,,,,,,,,,,,,,,,,,101.6,106.2,106.6,110.0,112.0,117.7,119.3,117.9,129.3,130.5,131.8,135.4,138.1,152.2,157.1,162.9,166.4,171.8,175.0,181.4,185.1,189.4,183.4,187.35
PCU33911433911411             ,PCU33911433911411             ,"PPI industry data for Dental equipment and supplies mfg-Professional dental equipment, not seasonally adjusted",Index base: 1985.06 = 100,1985-M06,2022-M01,,,,,,,,,,,,,,,,,,,,,,,,,,,,,,,,,,,,,,,,104.9,108.7,111.1,114.6,120.7,124.1,129.0,131.6,130.5,132.8,136.1,145.0,147.1,150.4,152.4,155.9,161.0,172.7,177.4,183.4,193.8,201.2,207.9,212.8,216.5,222.4,227.4,233.9,241.0,248.2,252.5,264.2,,284.2,281.2,288.531
PCU33911433911412             ,PCU33911433911412             ,"PPI industry data for Dental equipment and supplies mfg-Professional dental supplies, not seasonally adjusted",Index base: 1985.06 = 100,1985-M06,2022-M01,,,,,,,,,,,,,,,,,,,,,,,,,,,,,,,,,,,,,,,,103.3,106.9,111.9,113.9,120.7,127.2,135.8,140.6,144.3,146.3,152.9,157.7,161.0,170.1,169.9,176.2,177.1,183.3,183.5,174.6,197.7,195.6,194.6,200.4,204.8,235.6,244.7,255.3,259.1,267.9,273.2,281.1,284.1,287.1,273.6,278.695
PCU3391143391143              ,PCU3391143391143              ,"PPI industry data for Dental equipment and supplies mfg-Dental laboratory equipment and supplies, not seasonally adjusted",Index base: 1985.06 = 100,1985-M06,2019-M02,,,,,,,,,,,,,,,,,,,,,,,,,,,,,,,,,,,,,,,,109.3,123.4,117.5,108.7,104.7,94.2,91.3,97.5,104.1,105.9,102.9,103.2,112.6,125.6,141.4,147.3,146.0,148.5,155.1,183.4,198.4,214.6,239.5,236.8,281.2,341.3,330.8,347.9,351.8,351.5,357.9,399.0,,,,
PCU339114339114M              ,PCU339114339114M              ,"PPI industry data for Dental equipment and supplies mfg-Miscellaneous receipts, not seasonally adjusted",Index base: 1985.06 = 100,1985-M06,2022-M01,,,,,,,,,,,,,,,,,,,,,,,,,,,,,,,,,,,,,,,,,,,,,,,,,,,,145.2,147.8,151.9,156.2,158.4,165.1,169.0,174.8,179.9,190.7,202.5,209.7,217.9,222.5,227.7,238.6,242.6,250.8,256.3,259.5,267.9,279.1,288.2,292.78
PCU339114339114P              ,PCU339114339114P              ,"PPI industry data for Dental equipment and supplies mfg-Primary products, not seasonally adjusted",Index base: 1985.06 = 100,1985-M06,2022-M01,,,,,,,,,,,,,,,,,,,,,,,,,,,,,,,,,,,,,,,,104.8,110.4,113.0,114.5,119.3,121.6,127.2,132.0,135.7,138.0,141.6,146.9,152.6,163.0,170.3,176.4,178.0,185.4,189.5,198.1,216.2,223.2,233.1,236.3,254.5,291.1,295.3,307.2,313.1,320.8,326.8,344.5,353.6,385.1,411.8,427.59
PCU339114339114S1             ,PCU339114339114S1             ,"PPI industry data for Dental equipment and supplies mfg-Secondary products, not seasonally adjusted",Index base: 2012.12 = 100,2012-M12,2016-M09,,,,,,,,,,,,,,,,,,,,,,,,,,,,,,,,,,,,,,,,,,,,,,,,,,,,,,,,,,,,,,,,,,,,100.4,101.3,,,,,,
PCU339115339115               ,PCU339115339115               ,"PPI industry data for Ophthalmic goods mfg, not seasonally adjusted",Index base: 1983.12 = 100,1983-M12,2022-M01,,,,,,,,,,,,,,,,,,,,,,,,,,,,,,,,,,,,,,104.4,105.5,108.1,110.2,112.1,115.1,117.0,117.6,121.0,123.4,124.9,126.4,124.7,124.2,123.6,123.5,123.2,123.3,124.2,124.6,125.4,127.2,130.9,132.1,134.5,136.5,139.6,144.4,147.3,149.4,149.4,148.8,149.2,150.5,154.1,156.3,159.4,161.976
PCU3391153391159              ,PCU3391153391159              ,"PPI industry data for Ophthalmic goods mfg-Ophthalmic fronts, temples, and focal and contact lenses, not seasonally adjusted",Index base: 2011.12 = 100,2011-M12,2022-M01,,,,,,,,,,,,,,,,,,,,,,,,,,,,,,,,,,,,,,,,,,,,,,,,,,,,,,,,,,,,,,,,,,103.3,104.6,104.4,102.5,102.6,103.6,106.0,107.3,109.4,111.336
PCU339115339115B              ,PCU339115339115B              ,"PPI industry data for Ophthalmic goods mfg-Ophthalmic goods, other types, including prescription ground eyeglass lenses, not seasonally adjusted",Index base: 1983.12 = 100,1978-M06,2021-M13,,,,,,,,,,,,,,,,,,,,,,,,,,,,,,,,,83.2,89.6,94.2,98.6,100.2,105.4,107.5,111.2,113.7,117.6,119.2,121.5,121.9,124.8,127.5,129.0,128.7,130.4,131.9,131.2,130.6,123.6,121.6,121.5,121.6,122.8,124.4,124.9,127.5,129.1,130.8,133.0,134.2,135.0,137.3,138.9,141.4,141.4,142.2,146.7,150.2,154.4,156.406
PCU339115339115M              ,PCU339115339115M              ,"PPI industry data for Ophthalmic goods mfg-Miscellaneous receipts, not seasonally adjusted",Index base: 1984.01 = 100,1984-M01,2018-M08,,,,,,,,,,,,,,,,,,,,,,,,,,,,,,,,,,,,,,,,,,,,,,,,,,133.9,,,,,,,,,,160.2,165.4,174.8,182.9,190.0,203.3,205.7,207.4,208.5,210.0,210.4,210.4,,,,
PCU339115339115P              ,PCU339115339115P              ,"PPI industry data for Ophthalmic goods mfg-Primary products, not seasonally adjusted",Index base: 1983.12 = 100,1983-M12,2022-M01,,,,,,,,,,,,,,,,,,,,,,,,,,,,,,,,,,,,,,104.4,105.1,107.5,109.2,110.7,113.3,115.3,116.5,120.2,122.9,124.7,126.5,124.3,123.8,122.9,122.8,122.5,122.5,123.5,124.2,125.0,126.1,129.4,130.4,132.2,133.7,136.6,140.8,143.6,145.6,145.9,145.0,145.1,146.3,150.1,152.6,156.0,158.499
PCU339115339115S              ,PCU339115339115S              ,"PPI industry data for Ophthalmic goods mfg-Secondary products, not seasonally adjusted",Index base: 1983.12 = 100,1983-M12,2009-M13,,,,,,,,,,,,,,,,,,,,,,,,,,,,,,,,,,,,,,103.8,106.8,108.4,112.0,117.3,123.8,126.1,119.4,,,,,,,126.9,121.9,124.5,123.4,123.1,,,,112.0,113.1,113.3,115.1,,,,,,,,,,,,
PCU339115339115SS             ,PCU339115339115SS             ,"PPI industry data for Ophthalmic goods mfg-Secondary products, not seasonally adjusted",Index base: 1983.12 = 100,1983-M12,1990-M13,,,,,,,,,,,,,,,,,,,,,,,,,,,,,,,,,,,,,,103.8,106.8,108.4,112.0,117.3,123.8,126.1,,,,,,,,,,,,,,,,,,,,,,,,,,,,,,,
PCU3399--3399--               ,PCU3399--3399--               ,"PPI industry group data for Other miscellaneous mfg, not seasonally adjusted",Index base: 1985.12 = 100,1985-M12,2022-M01,,,,,,,,,,,,,,,,,,,,,,,,,,,,,,,,,,,,,,,,101.4,103.8,107.5,111.8,114.9,117.5,119.6,121.5,123.3,125.9,127.8,129.0,129.7,130.3,130.9,132.4,133.3,133.9,135.2,138.4,142.0,146.5,151.1,153.5,155.6,160.7,164.4,165.3,165.6,167.2,169.1,170.9,173.2,180.2,183.7,189.38
PCU33991-33991-               ,PCU33991-33991-               ,"PPI industry data for Jewelry & silverware mfg, not seasonally adjusted",Index base: 1985.12 = 100,1985-M12,2022-M01,,,,,,,,,,,,,,,,,,,,,,,,,,,,,,,,,,,,,,,,102.1,108.1,112.5,115.3,119.3,121.0,121.6,123.5,124.7,126.3,128.0,128.0,127.1,126.4,127.1,128.0,129.1,131.0,134.6,138.7,146.5,152.6,161.7,165.6,178.3,201.1,214.8,214.7,200.9,198.6,206.7,212.1,210.1,214.4,225.8,234.432
PCU339910339910               ,PCU339910339910               ,"PPI industry data for Jewelry and silverware mfg, not seasonally adjusted",Index base: 2011.12 = 100,2011-M12,2022-M01,,,,,,,,,,,,,,,,,,,,,,,,,,,,,,,,,,,,,,,,,,,,,,,,,,,,,,,,,,,,,,,,,,101.3,101.2,94.8,93.7,97.5,100.0,99.1,101.1,106.5,110.56
PCU3399103399101              ,PCU3399103399101              ,"PPI industry data for Jewelry and silverware mfg-Jewelry, gold and platinum, not seasonally adjusted",Index base: 1985.12 = 100,1978-M12,2022-M01,,,,,,,,,,,,,,,,,,,,,,,,,,,,,,,,,72.4,122.1,106.3,99.8,107.9,102.7,100.4,103.3,111.3,114.8,115.6,120.2,121.4,121.2,123.0,124.3,125.3,126.9,126.8,125.8,124.2,124.4,125.4,126.8,128.4,132.1,135.7,143.8,148.8,158.0,162.3,177.3,204.9,222.8,222.6,203.9,200.9,209.4,215.6,210.3,,229.7,237.326
PCU3399103399102              ,PCU3399103399102              ,"PPI industry data for Jewelry and silverware mfg-Silverware and hollowware, precious solid or clad metal, not seasonally adjusted",Index base: 1985.06 = 100,1985-M06,2020-M11,,,,,,,,,,,,,,,,,,,,,,,,,,,,,,,,,,,,,,,,98.6,102.9,116.0,127.6,129.0,128.4,132.1,136.4,139.9,145.5,146.3,147.6,149.3,150.5,153.9,155.1,156.7,157.5,158.7,161.6,171.2,202.2,211.6,208.1,206.3,243.2,255.2,254.3,251.0,251.7,,,264.7,268.1,,
PCU3399103399104              ,PCU3399103399104              ,"PPI industry data for Jewelry and silverware mfg-Costume jewelry and novelties, not seasonally adjusted",Index base: 2003.12 = 100,2003-M12,2022-M01,,,,,,,,,,,,,,,,,,,,,,,,,,,,,,,,,,,,,,,,,,,,,,,,,,,,,,,,,,101.7,105.6,106.1,107.8,109.2,108.3,108.1,109.8,112.7,117.1,119.3,122.2,124.0,125.6,130.0,135.3,140.7,145.235
PCU3399103399105              ,PCU3399103399105              ,"PPI industry data for Jewelry and silverware mfg-Jewelers' findings and materials, precious metal, not seasonally adjusted",Index base: 1991.12 = 100,1991-M12,2021-M07,,,,,,,,,,,,,,,,,,,,,,,,,,,,,,,,,,,,,,,,,,,,,,101.7,103.2,104.4,107.5,110.0,109.0,108.0,108.8,109.6,108.7,110.8,117.3,122.2,126.4,144.3,155.8,182.8,,239.1,276.6,,,,,,,265.0,287.9,322.4,
PCU3399103399107              ,PCU3399103399107              ,"PPI industry data for Jewelry and silverware mfg-Lapidary work, except for watch jewels, not seasonally adjusted",Index base: 2016.09 = 100,2016-M09,2021-M03,,,,,,,,,,,,,,,,,,,,,,,,,,,,,,,,,,,,,,,,,,,,,,,,,,,,,,,,,,,,,,,,,,,,,,,100.2,100.4,100.6,,
PCU3399103399108              ,PCU3399103399108              ,"PPI industry data for Jewelry and silverware mfg-All other jewelry and personal goods (excluding costume), not seasonally adjusted",Index base: 2011.12 = 100,2011-M12,2022-M01,,,,,,,,,,,,,,,,,,,,,,,,,,,,,,,,,,,,,,,,,,,,,,,,,,,,,,,,,,,,,,,,,,102.9,96.9,92.4,88.2,92.2,93.8,94.5,96.3,100.0,107.556
PCU339910339910M              ,PCU339910339910M              ,"PPI industry data for Jewelry and silverware mfg-Miscellaneous receipts, not seasonally adjusted",Index base: 2011.12 = 100,2011-M12,2022-M01,,,,,,,,,,,,,,,,,,,,,,,,,,,,,,,,,,,,,,,,,,,,,,,,,,,,,,,,,,,,,,,,,,,,,,,,113.9,115.0,119.1,123.594
PCU339910339910P              ,PCU339910339910P              ,"PPI industry data for Jewelry and silverware mfg-Primary products, not seasonally adjusted",Index base: 2011.12 = 100,2011-M12,2022-M01,,,,,,,,,,,,,,,,,,,,,,,,,,,,,,,,,,,,,,,,,,,,,,,,,,,,,,,,,,,,,,,,,,101.4,100.9,93.8,92.5,96.6,99.3,98.0,100.2,105.8,109.822
PCU33992-33992-               ,PCU33992-33992-               ,"PPI industry data for Sporting & athletic goods mfg, not seasonally adjusted",Index base: 2003.12 = 100,2003-M12,2022-M01,,,,,,,,,,,,,,,,,,,,,,,,,,,,,,,,,,,,,,,,,,,,,,,,,,,,,,,,,,101.3,102.0,103.6,107.6,106.2,108.2,109.1,108.0,109.9,111.6,115.4,117.4,118.7,117.0,118.3,122.3,125.0,128.099
PCU339920339920               ,PCU339920339920               ,"PPI industry data for Sporting and athletic goods mfg, not seasonally adjusted",Index base: 1985.12 = 100,1985-M12,2022-M01,,,,,,,,,,,,,,,,,,,,,,,,,,,,,,,,,,,,,,,,101.4,103.4,106.6,110.6,114.1,116.8,119.6,120.3,122.0,123.6,125.3,127.5,129.0,128.8,127.9,127.8,126.5,125.1,124.0,124.9,126.8,131.7,130.0,132.5,133.6,132.2,134.6,136.6,141.3,143.8,145.4,143.4,144.9,149.9,153.2,156.992
PCU3399203399201              ,PCU3399203399201              ,"PPI industry data for Sporting and athletic goods mfg-Fishing tackle and equipment, not seasonally adjusted",Index base: 1985.12 = 100,1967-M01,2017-M01,,,,,,,,,,,,,,,,,,,,,50.3,50.0,52.8,55.8,,54.6,56.2,63.9,70.7,72.5,73.2,76.4,82.9,92.0,97.4,93.2,94.3,94.6,97.3,101.0,103.8,106.9,108.8,113.4,117.7,121.0,123.2,126.2,128.5,130.9,133.9,136.5,138.4,142.2,143.9,146.7,148.5,150.5,156.7,162.1,167.2,174.9,192.2,185.8,196.8,201.1,202.6,213.7,218.3,215.2,,,,,
PCU3399203399204              ,PCU3399203399204              ,"PPI industry data for Sporting and athletic goods mfg-Golf equipment, excluding apparel and shoes, not seasonally adjusted",Index base: 1985.12 = 100,1975-M12,2022-M01,,,,,,,,,,,,,,,,,,,,,,,,,,,,,,99.3,98.9,95.4,94.0,106.7,110.7,112.8,115.2,110.4,103.6,101.7,105.0,108.1,111.1,113.9,120.3,125.2,129.3,132.3,136.3,138.2,143.0,146.7,144.1,138.2,135.4,132.0,129.8,125.1,125.2,126.0,134.2,111.4,101.7,98.9,94.0,90.3,,,90.9,88.4,,78.5,77.7,77.7,78.204
PCU3399203399205              ,PCU3399203399205              ,"PPI industry data for Sporting and athletic goods mfg-Playground equipment, not seasonally adjusted",Index base: 1992.06 = 100,1992-M06,2022-M01,,,,,,,,,,,,,,,,,,,,,,,,,,,,,,,,,,,,,,,,,,,,,,,102.6,109.9,114.1,113.5,114.8,116.7,118.1,119.9,121.6,124.3,125.6,131.7,136.8,141.8,149.9,161.9,180.4,208.5,217.6,223.8,219.9,,,,,274.8,289.1,299.5,341.414
PCU3399203399207              ,PCU3399203399207              ,"PPI industry data for Sporting and athletic goods mfg-Gymnasium and exercise equipment, not seasonally adjusted",Index base: 1992.06 = 100,1992-M06,2022-M01,,,,,,,,,,,,,,,,,,,,,,,,,,,,,,,,,,,,,,,,,,,,,,,99.0,99.5,100.0,99.3,100.4,100.7,101.1,101.7,102.4,102.0,100.7,101.4,105.0,108.3,109.3,112.4,115.4,114.4,115.0,115.2,115.4,116.2,120.8,125.9,126.0,126.5,129.0,129.4,134.614
PCU339920339920A              ,PCU339920339920A              ,"PPI industry data for Sporting and athletic goods mfg-Other sporting and athletic goods, not seasonally adjusted",Index base: 1985.12 = 100,1985-M12,2022-M01,,,,,,,,,,,,,,,,,,,,,,,,,,,,,,,,,,,,,,,,100.9,102.4,106.6,111.1,114.1,115.8,118.7,117.3,118.0,119.0,121.7,122.5,123.3,124.0,124.6,125.5,125.1,123.4,121.9,121.1,122.4,125.2,129.9,133.5,133.7,129.9,134.5,135.8,136.9,136.5,138.8,138.7,141.0,145.6,148.2,155.287
PCU339920339920M              ,PCU339920339920M              ,"PPI industry data for Sporting and athletic goods mfg-Miscellaneous receipts, not seasonally adjusted",Index base: 1985.12 = 100,1985-M12,2022-M01,,,,,,,,,,,,,,,,,,,,,,,,,,,,,,,,,,,,,,,,102.7,104.5,108.4,110.3,115.8,117.0,116.6,116.8,116.8,116.0,119.4,122.5,124.4,123.9,122.8,122.8,117.1,114.4,113.7,112.5,112.2,120.3,123.1,128.2,128.1,126.0,135.9,150.2,162.7,166.2,,,175.2,,,195.025
PCU339920339920MM             ,PCU339920339920MM             ,"PPI industry data for Sporting and athletic goods mfg-Miscellaneous receipts, not seasonally adjusted",Index base: 1985.12 = 100,1985-M12,1992-M06,,,,,,,,,,,,,,,,,,,,,,,,,,,,,,,,,,,,,,,,102.7,104.5,108.4,110.3,115.8,117.0,,,,,,,,,,,,,,,,,,,,,,,,,,,,,,
PCU339920339920P              ,PCU339920339920P              ,"PPI industry data for Sporting and athletic goods mfg-Primary products, not seasonally adjusted",Index base: 1985.12 = 100,1985-M12,2022-M01,,,,,,,,,,,,,,,,,,,,,,,,,,,,,,,,,,,,,,,,101.2,103.2,106.7,110.4,113.5,116.5,119.6,120.2,122.1,124.1,125.6,127.8,129.5,129.3,128.4,128.4,127.6,126.3,125.0,126.3,128.5,132.9,130.5,132.4,133.6,132.5,133.7,133.3,136.5,138.8,140.6,137.6,138.3,140.8,142.5,148.624
PCU339920339920S              ,PCU339920339920S              ,"PPI industry data for Sporting and athletic goods mfg-Secondary products, not seasonally adjusted",Index base: 1985.12 = 100,1985-M12,2022-M01,,,,,,,,,,,,,,,,,,,,,,,,,,,,,,,,,,,,,,,,101.9,103.5,103.0,112.9,120.3,122.2,124.1,128.7,129.6,131.4,132.9,129.4,124.1,123.7,122.0,119.1,119.0,121.6,122.5,122.1,127.3,131.3,135.3,148.8,156.7,146.7,146.8,,,,,,153.9,166.9,177.9,201.099
PCU339920339920SS             ,PCU339920339920SS             ,"PPI industry data for Sporting and athletic goods mfg-Secondary products, not seasonally adjusted",Index base: 1985.12 = 100,1985-M12,1992-M06,,,,,,,,,,,,,,,,,,,,,,,,,,,,,,,,,,,,,,,,101.9,103.5,103.0,112.9,120.3,122.2,,,,,,,,,,,,,,,,,,,,,,,,,,,,,,
PCU33993-33993-               ,PCU33993-33993-               ,"PPI industry data for Doll, toy & game mfg, not seasonally adjusted",Index base: 2003.12 = 100,2003-M12,2022-M01,,,,,,,,,,,,,,,,,,,,,,,,,,,,,,,,,,,,,,,,,,,,,,,,,,,,,,,,,,100.3,101.7,102.7,104.9,107.9,113.9,112.5,117.3,117.7,117.8,118.3,121.7,121.7,121.6,123.8,125.2,127.2,138.75
PCU339930339930               ,PCU339930339930               ,"PPI industry data for Doll, toy, and game mfg, not seasonally adjusted",Index base: 1985.06 = 100,1967-M01,2022-M01,,,,,,,,,,,,,,,,,,,,,40.4,41.7,42.5,44.4,45.5,46.6,47.8,55.3,61.5,63.1,65.1,69.6,73.8,82.8,89.3,94.4,96.4,96.7,100.0,102.7,103.3,106.9,112.3,113.7,115.7,116.8,117.0,117.8,119.3,120.7,120.9,119.7,118.7,118.2,119.5,120.7,120.7,120.8,122.4,123.6,126.0,129.5,137.4,,141.9,142.1,142.3,142.9,147.0,147.0,146.9,149.6,151.3,153.7,167.587
PCU3399303399301              ,PCU3399303399301              ,"PPI industry data for Doll, toy, and game mfg-Dolls, toy animals, action figures and stuffed toys, including parts, not seasonally adjusted",Index base: 1985.12 = 100,1975-M12,2019-M04,,,,,,,,,,,,,,,,,,,,,,,,,,,,,,71.2,73.6,76.5,82.1,94.4,97.3,101.3,101.9,99.7,100.0,100.6,96.2,99.1,100.3,106.9,110.1,111.8,113.7,114.5,115.4,115.0,118.6,119.5,120.6,119.8,121.7,122.1,123.7,124.4,126.8,130.1,136.6,142.9,,,,143.3,151.1,149.8,,,150.6,154.2,,,
PCU3399303399303              ,PCU3399303399303              ,"PPI industry data for Doll, toy, and game mfg-Baby carriages and children's vehicles, excluding  bicycles with pneumatic tires, not seasonally adjusted",Index base: 1985.06 = 100,1967-M01,2015-M05,,,,,,,,,,,,,,,,,,,,,38.9,40.3,41.6,43.4,43.6,45.7,47.5,52.8,60.2,62.6,66.3,69.9,77.6,89.3,93.8,96.5,98.6,100.3,,,,,,113.7,113.4,,100.5,100.4,103.2,104.5,103.0,98.2,97.8,99.1,99.4,99.6,99.6,101.5,101.5,102.8,104.3,109.8,,111.2,112.3,116.7,118.2,117.8,,,,,,,
PCU3399303399306              ,PCU3399303399306              ,"PPI industry data for Doll, toy, and game mfg-Models (operating & static), craft kits/supply, natural science kits, & collectors' miniatures, not seasonally adjusted",Index base: 1985.06 = 100,1985-M06,2022-M01,,,,,,,,,,,,,,,,,,,,,,,,,,,,,,,,,,,,,,,,107.7,109.1,112.1,118.0,118.9,124.1,125.5,124.4,125.9,130.0,130.6,132.3,130.1,130.9,132.6,135.3,137.5,137.9,143.1,148.1,149.5,151.2,154.4,170.3,175.7,179.2,181.7,181.9,183.0,197.8,206.8,212.1,212.8,218.1,230.2,244.009
PCU3399303399307              ,PCU3399303399307              ,"PPI industry data for Doll, toy, and game mfg-Nonelectronic games and puzzles, including parts, not seasonally adjusted",Index base: 1999.06 = 100,1999-M06,2020-M11,,,,,,,,,,,,,,,,,,,,,,,,,,,,,,,,,,,,,,,,,,,,,,,,,,,,,,99.7,99.9,99.9,99.9,100.0,101.5,101.5,103.8,,,110.6,109.6,116.9,117.1,117.6,121.0,,120.8,121.3,120.7,,
PCU3399303399308              ,PCU3399303399308              ,"PPI industry data for Doll, toy, and game mfg-Other nonelectronic toys, including parts, not seasonally adjusted",Index base: 1985.06 = 100,1975-M12,2022-M01,,,,,,,,,,,,,,,,,,,,,,,,,,,,,,61.4,62.7,67.9,71.6,80.7,87.9,92.6,94.7,95.6,99.8,102.6,103.3,106.6,111.6,112.7,112.9,115.3,115.4,115.8,117.2,117.7,116.6,116.1,113.4,110.4,112.4,114.6,114.6,112.2,113.1,115.0,118.8,123.4,131.7,,138.4,142.9,,,,,133.4,139.5,139.6,141.8,166.205
PCU339930339930M              ,PCU339930339930M              ,"PPI industry data for Doll, toy, and game mfg-Miscellaneous receipts, not seasonally adjusted",Index base: 1985.11 = 100,1985-M11,2017-M03,,,,,,,,,,,,,,,,,,,,,,,,,,,,,,,,,,,,,,,,,101.4,103.5,,,115.3,,121.0,120.8,119.4,123.1,124.6,120.9,121.5,122.8,122.8,122.8,122.8,122.8,122.8,122.8,125.4,126.2,127.6,128.9,152.9,142.8,141.9,139.6,144.9,,,,,,
PCU339930339930P              ,PCU339930339930P              ,"PPI industry data for Doll, toy, and game mfg-Primary products, not seasonally adjusted",Index base: 1985.06 = 100,1985-M06,2022-M01,,,,,,,,,,,,,,,,,,,,,,,,,,,,,,,,,,,,,,,,102.9,103.9,107.4,112.6,114.3,115.9,117.0,117.0,117.8,119.7,120.8,120.5,119.5,118.2,116.9,118.3,119.7,119.7,119.9,121.7,123.0,125.3,129.3,138.1,135.8,139.1,143.8,144.1,145.3,149.2,149.5,149.3,152.4,153.2,156.4,170.082
PCU339930339930S              ,PCU339930339930S              ,"PPI industry data for Doll, toy, and game mfg-Secondary products, not seasonally adjusted",Index base: 1985.06 = 100,1985-M06,2016-M01,,,,,,,,,,,,,,,,,,,,,,,,,,,,,,,,,,,,,,,,100.3,98.4,102.3,105.8,107.3,110.7,109.8,111.0,112.7,113.2,114.5,117.8,117.8,117.9,122.0,124.5,125.9,125.5,125.5,127.3,129.1,132.7,135.9,151.6,151.7,140.7,,86.4,,,,,,,,
PCU339930339930SS             ,PCU339930339930SS             ,"PPI industry data for Doll, toy, and game mfg-Secondary products, not seasonally adjusted",Index base: 1985.06 = 100,1985-M06,1992-M13,,,,,,,,,,,,,,,,,,,,,,,,,,,,,,,,,,,,,,,,98.0,95.2,100.7,104.5,106.6,106.6,104.8,,,,,,,,,,,,,,,,,,,,,,,,,,,,,
PCU33994-33994-               ,PCU33994-33994-               ,"PPI industry data for Office supplies (exc paper) mfg, not seasonally adjusted",Index base: 1985.12 = 100,1985-M12,2022-M01,,,,,,,,,,,,,,,,,,,,,,,,,,,,,,,,,,,,,,,,100.9,102.9,106.3,110.4,114.3,118.0,120.8,121.4,123.2,127.4,130.2,129.8,130.9,132.0,132.0,131.4,132.8,132.9,133.1,135.8,136.2,139.0,141.1,144.1,143.1,145.7,147.4,149.9,150.2,151.9,156.6,157.7,161.4,166.6,167.3,170.195
PCU339940339940               ,PCU339940339940               ,"PPI industry data for Office supplies, except paper, mfg, not seasonally adjusted",Index base: 2011.12 = 100,2011-M12,2022-M01,,,,,,,,,,,,,,,,,,,,,,,,,,,,,,,,,,,,,,,,,,,,,,,,,,,,,,,,,,,,,,,,,,100.8,102.5,102.6,103.8,107.1,107.9,110.4,114.0,114.5,116.46
PCU3399403399401              ,PCU3399403399401              ,"PPI industry data for Office supplies, except paper, mfg-Pens, mechanical pencils, markers, and associated parts, not seasonally adjusted",Index base: 1985.12 = 100,1985-M12,2022-M01,,,,,,,,,,,,,,,,,,,,,,,,,,,,,,,,,,,,,,,,101.7,103.3,107.4,110.4,114.8,120.9,125.6,127.6,131.7,139.2,148.8,150.4,151.6,151.8,153.2,155.2,156.8,158.0,159.4,164.8,168.4,174.5,172.9,172.0,170.6,171.4,174.4,175.8,176.3,180.2,184.1,186.2,187.6,192.8,194.3,196.019
PCU3399403399402              ,PCU3399403399402              ,"PPI industry data for Office supplies, except paper, mfg-Lead pencils, art goods, office supplies & small office equipment, excluding paper, not seasonally adjusted",Index base: 2003.12 = 100,2003-M12,2022-M01,,,,,,,,,,,,,,,,,,,,,,,,,,,,,,,,,,,,,,,,,,,,,,,,,,,,,,,,,,100.5,101.0,99.5,100.6,102.9,106.6,105.9,106.8,106.4,109.0,110.9,113.4,116.4,117.7,120.5,122.3,123.5,127.27
PCU3399403399403              ,PCU3399403399403              ,"PPI industry data for Office supplies, except paper, mfg-Marking devices, not seasonally adjusted",Index base: 1985.12 = 100,1985-M12,2022-M01,,,,,,,,,,,,,,,,,,,,,,,,,,,,,,,,,,,,,,,,101.2,106.0,107.7,111.9,114.4,116.9,119.1,120.4,121.8,122.7,127.8,130.5,131.4,131.1,130.9,132.4,136.4,137.6,139.1,141.3,142.8,144.3,149.0,153.7,154.3,156.1,157.3,159.9,160.7,162.5,163.3,163.6,165.9,166.7,168.6,172.3
PCU3399403399404              ,PCU3399403399404              ,"PPI industry data for Office supplies, except paper, mfg-Carbon paper and inked ribbons, not seasonally adjusted",Index base: 1985.12 = 100,1975-M12,2014-M13,,,,,,,,,,,,,,,,,,,,,,,,,,,,,,93.4,95.3,97.8,110.3,123.5,128.8,130.3,129.5,135.5,112.6,99.8,99.6,104.0,108.0,110.7,112.7,112.6,111.0,110.7,113.0,114.8,114.8,115.0,115.1,112.6,116.6,117.3,115.5,112.0,112.1,109.4,108.0,105.7,104.6,103.6,113.2,120.7,124.0,122.0,,,,,,,
PCU339940339940M              ,PCU339940339940M              ,"PPI industry data for Office supplies, except paper, mfg-Miscellaneous receipts, not seasonally adjusted",Index base: 2011.12 = 100,2011-M12,2022-M01,,,,,,,,,,,,,,,,,,,,,,,,,,,,,,,,,,,,,,,,,,,,,,,,,,,,,,,,,,,,,,,,,,101.1,101.4,100.8,100.8,114.7,115.9,123.5,137.1,137.1,137.286
PCU339940339940P              ,PCU339940339940P              ,"PPI industry data for Office supplies, except paper, mfg-Primary products, not seasonally adjusted",Index base: 2011.12 = 100,2011-M12,2022-M01,,,,,,,,,,,,,,,,,,,,,,,,,,,,,,,,,,,,,,,,,,,,,,,,,,,,,,,,,,,,,,,,,,100.8,102.8,103.5,104.9,106.7,107.3,108.7,110.3,110.7,112.753
PCU339940339940S              ,PCU339940339940S              ,"PPI industry data for Office supplies, except paper, mfg-Secondary Products, not seasonally adjusted",Index base: 2011.12 = 100,2011-M12,2021-M11,,,,,,,,,,,,,,,,,,,,,,,,,,,,,,,,,,,,,,,,,,,,,,,,,,,,,,,,,,,,,,,,,,,,,97.7,101.4,102.6,105.5,107.4,111.3,
PCU33995-33995-               ,PCU33995-33995-               ,"PPI industry data for Sign mfg, not seasonally adjusted",Index base: 2003.12 = 100,2003-M12,2022-M01,,,,,,,,,,,,,,,,,,,,,,,,,,,,,,,,,,,,,,,,,,,,,,,,,,,,,,,,,,100.9,104.6,106.9,109.1,111.2,111.5,112.0,112.7,113.9,115.4,116.8,117.1,117.2,120.6,124.2,126.2,128.4,132.83
PCU339950339950               ,PCU339950339950               ,"PPI industry data for Sign mfg, not seasonally adjusted",Index base: 1985.12 = 100,1985-M12,2022-M01,,,,,,,,,,,,,,,,,,,,,,,,,,,,,,,,,,,,,,,,101.4,103.2,107.0,109.5,112.5,115.2,118.1,122.8,126.0,129.6,132.1,134.3,136.4,139.1,140.7,145.0,146.1,145.7,146.7,152.1,155.4,158.6,161.7,162.2,162.9,163.9,165.6,167.8,169.8,170.2,170.4,175.3,180.5,183.5,186.7,193.068
PCU3399503399501              ,PCU3399503399501              ,"PPI industry data for Sign mfg-Electric signs and displays, including trade show exhibits, not seasonally adjusted",Index base: 1985.12 = 100,1985-M12,2022-M01,,,,,,,,,,,,,,,,,,,,,,,,,,,,,,,,,,,,,,,,101.6,102.8,105.6,107.4,112.3,115.7,118.1,123.0,125.0,129.7,132.2,134.3,138.2,138.9,138.7,140.4,141.3,141.2,142.2,146.7,153.4,157.2,158.5,153.9,153.2,153.3,152.6,156.6,159.5,158.2,157.1,,163.7,162.5,164.8,168.831
PCU3399503399504              ,PCU3399503399504              ,"PPI industry data for Sign mfg-Nonelectric signs and displays, including trade show exhibits, not seasonally adjusted",Index base: 1985.12 = 100,1985-M12,2022-M01,,,,,,,,,,,,,,,,,,,,,,,,,,,,,,,,,,,,,,,,101.4,103.1,106.8,109.7,110.9,114.0,116.6,123.3,127.1,129.6,131.7,133.8,134.0,136.4,140.2,148.1,150.2,148.7,150.8,158.8,160.6,163.6,166.0,169.0,171.4,173.1,176.6,177.7,179.9,181.7,182.9,194.1,197.6,203.6,207.7,219.597
PCU339950339950M              ,PCU339950339950M              ,"PPI industry data for Sign mfg-Miscellaneous receipts, not seasonally adjusted",Index base: 1985.12 = 100,1985-M12,2018-M08,,,,,,,,,,,,,,,,,,,,,,,,,,,,,,,,,,,,,,,,100.8,101.7,111.2,112.0,112.8,115.8,116.6,117.7,127.3,133.5,138.0,144.2,147.7,155.9,157.4,161.8,163.2,163.1,163.6,174.9,180.9,190.2,201.5,201.2,202.3,204.8,205.8,206.5,205.9,,,,,,,
PCU339950339950P              ,PCU339950339950P              ,"PPI industry data for Sign mfg-Primary products, not seasonally adjusted",Index base: 1985.12 = 100,1985-M12,2022-M01,,,,,,,,,,,,,,,,,,,,,,,,,,,,,,,,,,,,,,,,101.3,103.0,106.3,108.9,112.2,114.6,117.7,122.9,125.5,128.6,130.8,132.7,134.6,136.8,138.4,142.7,143.8,143.0,144.2,149.1,152.2,154.8,156.9,157.0,157.5,158.3,159.9,162.3,164.7,165.1,165.2,171.1,175.8,178.0,181.2,188.842
PCU339950339950S              ,PCU339950339950S              ,"PPI industry data for Sign mfg-Secondary products, not seasonally adjusted",Index base: 1985.12 = 100,1985-M12,2017-M05,,,,,,,,,,,,,,,,,,,,,,,,,,,,,,,,,,,,,,,,108.3,114.1,118.5,122.3,123.0,134.7,138.7,139.9,141.4,152.6,155.9,155.9,157.6,157.6,159.1,160.5,162.3,172.2,170.9,171.2,171.2,,,201.4,207.5,215.0,222.3,229.3,234.5,240.1,242.6,,,,,
PCU33999-33999-               ,PCU33999-33999-               ,"PPI industry data for All other misc mfg, not seasonally adjusted",Index base: 2003.12 = 100,2003-M12,2022-M01,,,,,,,,,,,,,,,,,,,,,,,,,,,,,,,,,,,,,,,,,,,,,,,,,,,,,,,,,,101.0,103.7,106.7,110.2,115.4,116.4,116.8,119.4,121.2,121.3,122.7,124.5,125.1,126.1,127.8,135.7,137.4,141.215
PCU339991339991               ,PCU339991339991               ,"PPI industry data for Gasket, packing, and sealing device mfg, not seasonally adjusted",Index base: 1985.12 = 100,1985-M12,2022-M01,,,,,,,,,,,,,,,,,,,,,,,,,,,,,,,,,,,,,,,,100.7,102.3,104.9,108.4,112.3,117.1,119.6,123.0,124.5,126.3,129.8,132.2,134.0,135.0,137.1,138.8,139.8,140.8,144.0,148.0,150.5,155.7,159.5,162.5,165.4,172.1,180.1,182.1,183.8,185.2,186.5,187.9,191.9,194.1,197.0,204.231
PCU3399913399911              ,PCU3399913399911              ,"PPI industry data for Gasket, packing, and sealing device mfg-Compression packing, not seasonally adjusted",Index base: 1985.12 = 100,1985-M12,2022-M01,,,,,,,,,,,,,,,,,,,,,,,,,,,,,,,,,,,,,,,,100.3,103.7,109.9,110.8,117.8,120.5,123.7,125.9,126.8,129.7,131.7,135.6,138.2,141.7,176.7,172.1,172.0,176.4,180.7,182.0,182.6,185.7,180.3,186.9,189.7,200.7,212.1,216.2,216.5,221.8,,223.5,228.4,233.0,235.0,253.756
PCU3399913399912              ,PCU3399913399912              ,"PPI industry data for Gasket, packing, and sealing device mfg-Molded packing and seals, not seasonally adjusted",Index base: 2007.06 = 100,2007-M06,2022-M01,,,,,,,,,,,,,,,,,,,,,,,,,,,,,,,,,,,,,,,,,,,,,,,,,,,,,,,,,,,,,,101.3,102.3,104.5,107.9,114.2,114.8,115.0,115.6,117.7,118.1,121.3,122.0,124.6,126.843
PCU3399913399913              ,PCU3399913399913              ,"PPI industry data for Gasket, packing, and sealing device mfg-Nonmetallic gaskets and gasketing, not seasonally adjusted",Index base: 1985.12 = 100,1985-M12,2022-M01,,,,,,,,,,,,,,,,,,,,,,,,,,,,,,,,,,,,,,,,100.8,102.6,106.2,111.2,115.9,118.3,121.8,126.6,129.7,133.0,141.3,146.6,148.1,148.4,150.9,155.5,156.5,157.1,158.3,161.5,164.2,169.1,177.5,180.9,181.7,193.0,205.3,209.2,211.7,212.1,213.9,214.2,216.1,215.3,215.2,226.644
PCU3399913399917              ,PCU3399913399917              ,"PPI industry data for Gasket, packing, and sealing device mfg-Metallic gaskets and machined seals, not seasonally adjusted",Index base: 1985.12 = 100,1985-M12,2022-M01,,,,,,,,,,,,,,,,,,,,,,,,,,,,,,,,,,,,,,,,101.3,105.6,115.3,123.8,133.9,142.4,147.6,152.9,155.1,157.8,162.3,164.0,166.3,169.7,170.9,175.0,179.1,181.2,190.8,206.4,212.1,228.3,228.5,232.2,237.0,242.3,248.6,250.9,257.9,260.3,259.4,262.3,265.3,267.1,269.1,276.318
PCU3399913399919              ,PCU3399913399919              ,"PPI industry data for Gasket, packing, and sealing device mfg-Rotary oil seals, not seasonally adjusted",Index base: 1990.12 = 100,1990-M12,2022-M01,,,,,,,,,,,,,,,,,,,,,,,,,,,,,,,,,,,,,,,,,,,,,105.0,107.1,108.7,107.3,,,,104.1,105.6,107.8,109.8,109.4,108.3,109.3,111.5,113.3,118.7,119.0,119.1,121.7,122.4,126.6,126.8,127.5,128.4,128.6,131.0,135.1,138.5,139.9,153.396
PCU339991339991B              ,PCU339991339991B              ,"PPI industry data for Gasket, packing, and sealing device mfg-Axial mechanical face seals, including parts, not seasonally adjusted",Index base: 2016.05 = 100,2016-M05,2020-M13,,,,,,,,,,,,,,,,,,,,,,,,,,,,,,,,,,,,,,,,,,,,,,,,,,,,,,,,,,,,,,,,,,,,,,,103.2,107.3,112.6,118.3,
PCU339991339991M              ,PCU339991339991M              ,"PPI industry data for Gasket, packing, and sealing device mfg-Miscellaneous receipts, not seasonally adjusted",Index base: 1997.06 = 100,1997-M06,2022-M01,,,,,,,,,,,,,,,,,,,,,,,,,,,,,,,,,,,,,,,,,,,,,,,,,,,,100.8,90.5,85.0,,,,,,,,103.0,107.9,112.6,121.1,124.3,,,120.4,120.6,121.3,125.5,128.8,130.9,135.136
PCU339991339991MM             ,PCU339991339991MM             ,"PPI industry data for Gasket, packing, and sealing device mfg-Miscellaneous receipts, not seasonally adjusted",Index base: 1985.12 = 100,1985-M12,1990-M13,,,,,,,,,,,,,,,,,,,,,,,,,,,,,,,,,,,,,,,,100.0,101.4,104.0,107.6,111.5,,,,,,,,,,,,,,,,,,,,,,,,,,,,,,,
PCU339991339991P              ,PCU339991339991P              ,"PPI industry data for Gasket, packing, and sealing device mfg-Primary products, not seasonally adjusted",Index base: 1985.12 = 100,1985-M12,2022-M01,,,,,,,,,,,,,,,,,,,,,,,,,,,,,,,,,,,,,,,,100.7,102.4,105.2,108.8,112.8,116.5,119.9,123.6,125.3,127.1,131.0,133.6,135.4,136.9,139.7,143.1,144.5,145.5,148.7,153.0,155.7,162.2,164.9,167.6,170.2,176.9,185.5,187.8,189.8,191.2,192.6,194.1,197.9,200.0,202.8,210.589
PCU339991339991S              ,PCU339991339991S              ,"PPI industry data for Gasket, packing, and sealing device mfg-Secondary products, not seasonally adjusted",Index base: 1985.12 = 100,1985-M12,2022-M01,,,,,,,,,,,,,,,,,,,,,,,,,,,,,,,,,,,,,,,,101.5,101.6,101.9,104.0,106.5,107.3,106.4,107.1,107.0,109.6,110.4,,112.9,,,,,98.8,105.0,,,,110.3,113.9,117.4,120.5,,,,,,132.3,136.6,136.9,139.7,143.1
PCU339991339991SS             ,PCU339991339991SS             ,"PPI industry data for Gasket, packing, and sealing device mfg-Secondary products, not seasonally adjusted",Index base: 1985.12 = 100,1985-M12,1990-M13,,,,,,,,,,,,,,,,,,,,,,,,,,,,,,,,,,,,,,,,101.5,101.6,101.9,104.0,106.5,,,,,,,,,,,,,,,,,,,,,,,,,,,,,,,
PCU339992339992               ,PCU339992339992               ,"PPI industry data for Musical instrument mfg, not seasonally adjusted",Index base: 1985.06 = 100,1978-M12,2022-M01,,,,,,,,,,,,,,,,,,,,,,,,,,,,,,,,,80.9,88.3,94.2,99.2,101.5,103.4,101.5,103.5,106.4,110.4,115.7,119.5,123.7,128.3,134.4,140.2,147.5,152.9,157.1,161.1,163.6,166.6,170.1,173.2,175.5,177.4,182.8,189.7,190.0,192.9,196.1,198.2,202.2,207.0,211.9,219.3,225.8,227.0,230.6,238.7,242.1,244.5,252.816
PCU3399923399921              ,PCU3399923399921              ,"PPI industry data for Musical instrument mfg-Pianos (nonelectronic), not seasonally adjusted",Index base: 1985.06 = 100,1967-M01,2009-M11,,,,,,,,,,,,,,,,,,,,,37.4,38.6,39.6,40.1,41.4,42.3,44.6,52.9,,,,,75.7,83.4,89.4,94.9,99.0,101.3,100.1,103.0,105.3,110.9,119.3,125.4,133.0,137.8,141.4,150.1,159.5,164.4,172.1,179.3,182.2,187.8,192.5,199.0,202.9,206.5,212.1,214.8,221.5,229.5,,,,,,,,,,,,,
PCU3399923399925              ,PCU3399923399925              ,"PPI industry data for Musical instrument mfg-Parts for pianos (nonelectronic) and organs, excluding benches, not seasonally adjusted",Index base: 1985.06 = 100,1985-M06,2009-M11,,,,,,,,,,,,,,,,,,,,,,,,,,,,,,,,,,,,,,,,,,,,,,,137.2,153.3,164.2,170.1,171.8,174.1,175.3,177.6,177.6,177.6,180.9,183.5,191.5,194.1,199.5,201.1,,,,,,,,,,,,,
PCU3399923399926              ,PCU3399923399926              ,"PPI industry data for Musical instrument mfg-Organs, not seasonally adjusted",Index base: 1985.06 = 100,1967-M01,2003-M02,,,,,,,,,,,,,,,,,,,,,62.9,63.9,64.0,66.8,,67.1,67.5,73.3,77.3,77.9,83.1,87.0,93.4,102.1,108.8,111.9,109.8,110.2,103.8,102.3,105.0,106.9,,,,,118.3,119.5,122.0,124.3,126.9,129.7,131.2,137.4,144.4,164.9,,,,,,,,,,,,,,,,,,,
PCU3399923399927              ,PCU3399923399927              ,"PPI industry data for Musical instrument mfg-Other musical instruments and parts, not seasonally adjusted",Index base: 1985.06 = 100,1979-M01,2022-M01,,,,,,,,,,,,,,,,,,,,,,,,,,,,,,,,,75.0,81.1,86.4,92.4,96.9,99.6,100.5,104.9,108.9,114.4,120.4,125.6,130.7,133.1,139.9,144.4,151.7,158.0,162.4,166.0,169.0,170.5,172.7,174.1,175.1,176.2,180.6,188.7,187.7,189.5,192.0,192.2,195.4,199.7,204.6,212.1,217.0,217.0,219.9,226.4,228.9,230.7,238.592
PCU33999233999271             ,PCU33999233999271             ,"PPI industry data for Musical instrument mfg-Other electronic musical instruments, excluding electronic organs, not seasonally adjusted",Index base: 2009.12 = 100,2009-M12,2022-M01,,,,,,,,,,,,,,,,,,,,,,,,,,,,,,,,,,,,,,,,,,,,,,,,,,,,,,,,,,,,,,,,100.7,101.9,,,,110.7,112.9,,117.0,121.2,123.9,133.744
PCU33999233999272             ,PCU33999233999272             ,"PPI industry data for Musical instrument mfg-Other nonelectronic musical instruments, not seasonally adjusted",Index base: 1999.06 = 100,1999-M06,2021-M13,,,,,,,,,,,,,,,,,,,,,,,,,,,,,,,,,,,,,,,,,,,,,,,,,,,,,,101.3,102.5,103.3,103.8,104.4,107.5,113.0,111.6,112.1,113.4,113.5,116.3,119.7,122.1,126.5,128.7,126.4,127.0,131.6,133.0,132.8,136.475
PCU33999233999273             ,PCU33999233999273             ,"PPI industry data for Musical instrument mfg-Parts and accessories for other musical instruments, sold separately, excl. benches & cases, not seasonally adjusted",Index base: 1985.06 = 100,1985-M06,2022-M01,,,,,,,,,,,,,,,,,,,,,,,,,,,,,,,,,,,,,,,,,,,,,,,116.9,120.5,125.6,129.2,132.4,135.4,136.0,135.8,138.2,139.0,140.3,141.5,143.2,146.8,148.9,152.5,155.1,155.2,155.5,157.8,162.3,168.3,175.3,178.5,183.4,186.9,187.0,188.7,
PCU339992339992A              ,PCU339992339992A              ,"PPI industry data for Musical instrument mfg-Nonelectronic pianos, organs, and nonelectronic pianos and organ parts, excluding benches, not seasonally adjusted",Index base: 2009.12 = 100,2009-M12,2021-M13,,,,,,,,,,,,,,,,,,,,,,,,,,,,,,,,,,,,,,,,,,,,,,,,,,,,,,,,,,,,,,,,,,110.5,113.2,117.3,124.5,,132.9,141.2,145.9,148.9,152.333
PCU339992339992M              ,PCU339992339992M              ,"PPI industry data for Musical instrument mfg-Miscellaneous receipts, not seasonally adjusted",Index base: 1985.06 = 100,1985-M06,2022-M01,,,,,,,,,,,,,,,,,,,,,,,,,,,,,,,,,,,,,,,,,,,,,,,170.2,177.8,190.7,195.1,195.2,198.6,200.2,205.3,213.9,201.4,200.9,203.0,209.3,217.8,227.1,231.5,,234.4,238.0,239.9,242.4,242.8,244.7,247.9,249.5,252.6,257.7,260.3,273.286
PCU339992339992P              ,PCU339992339992P              ,"PPI industry data for Musical instrument mfg-Primary products, not seasonally adjusted",Index base: 1985.06 = 100,1985-M06,2022-M01,,,,,,,,,,,,,,,,,,,,,,,,,,,,,,,,,,,,,,,,103.1,105.9,109.9,114.8,118.7,123.1,127.4,133.3,139.1,146.4,151.9,156.5,160.5,163.1,165.9,168.9,172.9,175.3,177.2,182.5,189.3,189.4,192.1,195.3,197.2,201.2,206.0,211.1,218.8,225.2,226.3,230.1,238.2,241.4,243.8,251.761
PCU339993339993               ,PCU339993339993               ,"PPI industry data for Fastener, button, needle, and pin mfg, not seasonally adjusted",Index base: 1985.12 = 100,1985-M12,2022-M01,,,,,,,,,,,,,,,,,,,,,,,,,,,,,,,,,,,,,,,,100.8,102.9,105.1,109.7,113.4,115.3,117.2,118.2,119.3,121.4,122.9,123.0,123.1,125.4,126.9,126.9,127.1,126.8,128.1,131.6,139.3,145.2,160.3,166.7,169.8,185.5,185.5,186.3,190.6,192.2,193.0,199.0,201.0,202.2,203.2,211.93
PCU3399933399930              ,PCU3399933399930              ,"PPI industry data for Fastener, button, needle, and pin mfg-Fasteners, zippers, buttons, needles, pins, and buckles (except precious metal), not seasonally adjusted",Index base: 1985.12 = 100,1947-M01,2022-M01,39.3,39.1,33.6,33.0,37.2,33.3,32.6,33.4,31.7,32.8,33.7,33.7,33.6,33.4,33.0,33.0,33.0,33.0,33.0,33.5,33.9,32.7,33.4,35.1,36.2,36.3,37.1,45.2,50.2,54.8,58.6,62.0,64.9,74.1,90.5,97.1,98.2,99.3,99.9,100.9,102.9,105.3,109.7,113.5,115.6,117.1,118.4,119.6,121.8,123.6,123.6,123.7,126.1,127.6,127.7,127.9,127.6,129.0,132.5,140.7,146.4,162.8,169.6,173.0,190.4,190.2,191.1,196.1,198.0,198.9,205.8,207.8,209.0,210.2,218.802
PCU339993339993M              ,PCU339993339993M              ,"PPI industry data for Fastener, button, needle, and pin mfg-Miscellaneous receipts, not seasonally adjusted",Index base: 1990.12 = 100,1990-M12,2014-M02,,,,,,,,,,,,,,,,,,,,,,,,,,,,,,,,,,,,,,,,,,,,,102.9,105.7,105.6,105.4,107.5,108.4,108.4,109.4,110.6,111.5,110.2,110.2,110.2,110.2,109.8,104.2,112.2,113.6,118.6,,,120.4,,,,,,,,,
PCU339993339993P              ,PCU339993339993P              ,"PPI industry data for Fastener, button, needle, and pin mfg-Primary products, not seasonally adjusted",Index base: 1985.12 = 100,1947-M01,2022-M01,39.3,39.1,33.6,33.0,37.2,33.3,32.6,33.4,31.7,32.8,33.7,33.7,33.6,33.4,33.0,33.0,33.0,33.0,33.0,33.5,33.9,32.7,33.4,35.1,36.2,36.3,37.1,45.2,50.2,54.8,58.6,62.0,64.9,74.1,90.5,97.1,98.2,99.3,99.9,100.9,102.9,105.3,109.7,113.5,115.6,117.1,118.4,119.6,121.8,123.6,123.6,123.7,126.1,127.6,127.7,127.9,127.6,129.0,132.5,140.7,146.4,162.8,169.6,173.0,190.4,190.2,191.1,196.1,198.0,198.9,205.8,207.8,209.0,210.2,218.802
PCU339993339993S              ,PCU339993339993S              ,"PPI industry data for Fastener, button, needle, and pin mfg-Secondary products, not seasonally adjusted",Index base: 1985.12 = 100,1985-M12,2011-M06,,,,,,,,,,,,,,,,,,,,,,,,,,,,,,,,,,,,,,,,100.8,104.7,105.0,110.6,113.9,113.0,116.0,116.4,117.8,118.9,118.9,118.9,118.9,,119.1,119.2,119.2,119.2,121.4,128.6,135.8,143.9,146.5,147.5,,,,,,,,,,,,
PCU339993339993SS             ,PCU339993339993SS             ,"PPI industry data for Fastener, button, needle, and pin mfg-Secondary products, not seasonally adjusted",Index base: 1985.12 = 100,1985-M12,1990-M13,,,,,,,,,,,,,,,,,,,,,,,,,,,,,,,,,,,,,,,,100.8,104.7,105.0,110.6,113.9,,,,,,,,,,,,,,,,,,,,,,,,,,,,,,,
PCU339994339994               ,PCU339994339994               ,"PPI industry data for Broom, brush, and mop mfg, not seasonally adjusted",Index base: 1985.12 = 100,1985-M12,2022-M01,,,,,,,,,,,,,,,,,,,,,,,,,,,,,,,,,,,,,,,,100.5,102.2,105.5,109.2,111.1,113.9,115.8,119.1,121.1,126.5,131.2,134.0,134.8,135.7,137.6,138.6,140.6,142.5,144.2,148.1,154.5,156.5,160.4,165.0,166.8,169.3,170.7,172.2,174.8,177.4,178.1,179.9,182.0,186.1,187.6,193.0
PCU3399943399941              ,PCU3399943399941              ,"PPI industry data for Broom, brush, and mop mfg-Brooms, mops and dusters, not seasonally adjusted",Index base: 1985.12 = 100,1985-M12,2022-M01,,,,,,,,,,,,,,,,,,,,,,,,,,,,,,,,,,,,,,,,100.7,101.5,104.0,107.7,109.4,112.7,114.0,116.2,123.4,132.4,140.3,144.2,145.7,146.4,146.1,147.6,150.3,151.4,156.6,163.6,169.2,173.2,181.3,183.7,185.7,187.6,188.2,190.9,195.1,199.8,200.9,201.8,202.7,216.9,219.8,226.838
PCU33999433999411             ,PCU33999433999411             ,"PPI industry data for Broom, brush, and mop mfg-Brooms, not seasonally adjusted",Index base: 2007.06 = 100,2007-M06,2021-M03,,,,,,,,,,,,,,,,,,,,,,,,,,,,,,,,,,,,,,,,,,,,,,,,,,,,,,,,,,,,,,105.2,106.2,107.7,108.4,109.6,110.8,112.6,117.1,118.7,119.1,120.1,128.2,130.1,
PCU33999433999413             ,PCU33999433999413             ,"PPI industry data for Broom, brush, and mop mfg-Mops and dusters, including refills, not seasonally adjusted",Index base: 2007.06 = 100,2007-M06,2022-M01,,,,,,,,,,,,,,,,,,,,,,,,,,,,,,,,,,,,,,,,,,,,,,,,,,,,,,,,,,,,,,104.1,105.8,106.7,108.1,,109.6,,113.8,113.6,114.3,114.4,122.7,124.0,127.342
PCU3399943399943              ,PCU3399943399943              ,"PPI industry data for Broom, brush, and mop mfg-Paint and varnish brushes, paint holders, pads, roller frames and rollers, not seasonally adjusted",Index base: 1985.12 = 100,1985-M12,2022-M01,,,,,,,,,,,,,,,,,,,,,,,,,,,,,,,,,,,,,,,,100.0,101.1,106.2,110.4,112.5,113.7,116.0,122.1,123.4,127.6,130.3,131.2,131.3,131.4,135.8,136.0,136.0,136.1,136.7,143.4,150.1,149.3,148.0,155.0,155.6,155.7,155.5,153.2,,153.1,153.2,154.0,155.1,158.5,161.0,162.451
PCU33999433999431             ,PCU33999433999431             ,"PPI industry data for Broom, brush, and mop mfg-Paint and varnish brushes, not seasonally adjusted",Index base: 2007.06 = 100,2007-M06,2022-M01,,,,,,,,,,,,,,,,,,,,,,,,,,,,,,,,,,,,,,,,,,,,,,,,,,,,,,,,,,,,,,,,,,,,,108.1,108.2,109.4,111.5,112.1,114.7,115.576
PCU33999433999432             ,PCU33999433999432             ,"PPI industry data for Broom, brush, and mop mfg-Paint holders, pads, roller frames and rollers, not seasonally adjusted",Index base: 2007.06 = 100,2007-M06,2022-M01,,,,,,,,,,,,,,,,,,,,,,,,,,,,,,,,,,,,,,,,,,,,,,,,,,,,,,,,,,,,,,,,,,,,,,,96.6,95.8,98.9,100.1,101.05
PCU3399943399945              ,PCU3399943399945              ,"PPI industry data for Broom, brush, and mop mfg-Other types of brushes, not seasonally adjusted",Index base: 1985.12 = 100,1967-M01,2022-M01,,,,,,,,,,,,,,,,,,,,,43.9,45.3,46.6,48.5,49.7,50.8,52.0,57.2,63.0,65.4,68.5,72.7,77.2,85.2,92.3,96.0,97.5,99.2,100.0,101.5,103.9,107.4,111.0,112.8,117.4,119.8,121.8,124.2,129.1,135.0,139.3,140.5,142.3,143.1,144.7,147.5,150.9,151.2,152.0,159.2,161.2,166.0,170.5,173.7,178.5,181.3,184.9,187.5,189.4,190.0,192.3,195.2,197.1,197.9,200.822
PCU33999433999451             ,PCU33999433999451             ,"PPI industry data for Broom, brush, and mop mfg-Personal brushes, not seasonally adjusted",Index base: 2007.06 = 100,2007-M06,2022-M01,,,,,,,,,,,,,,,,,,,,,,,,,,,,,,,,,,,,,,,,,,,,,,,,,,,,,,,,,,,,,,,,,,,,,106.6,106.4,105.7,105.4,105.4,105.4,106.229
PCU33999433999452             ,PCU33999433999452             ,"PPI industry data for Broom, brush, and mop mfg-All other types of brushes, except personal, not seasonally adjusted",Index base: 2007.06 = 100,2007-M06,2022-M01,,,,,,,,,,,,,,,,,,,,,,,,,,,,,,,,,,,,,,,,,,,,,,,,,,,,,,,,,,,,,,,,,,,,,125.3,126.1,128.8,132.5,135.6,136.9,140.244
PCU339994339994M              ,PCU339994339994M              ,"PPI industry data for Broom, brush, and mop mfg-Miscellaneous receipts, not seasonally adjusted",Index base: 1992.12 = 100,1992-M12,2011-M13,,,,,,,,,,,,,,,,,,,,,,,,,,,,,,,,,,,,,,,,,,,,,,,99.6,99.6,104.3,106.5,108.3,108.7,109.0,109.4,109.5,110.7,112.9,114.8,118.7,121.3,123.5,126.8,132.5,132.2,134.0,,,,,,,,,,
PCU339994339994P              ,PCU339994339994P              ,"PPI industry data for Broom, brush, and mop mfg-Primary products, not seasonally adjusted",Index base: 1985.12 = 100,1985-M12,2022-M01,,,,,,,,,,,,,,,,,,,,,,,,,,,,,,,,,,,,,,,,100.9,102.6,106.6,110.4,112.3,115.5,117.7,121.2,123.8,129.0,134.0,137.1,138.0,139.1,140.9,142.1,144.2,146.2,148.1,152.1,158.6,160.4,164.4,169.0,171.2,173.9,175.1,176.7,179.1,181.3,181.9,183.3,184.8,189.8,191.4,195.0
PCU339994339994S              ,PCU339994339994S              ,"PPI industry data for Broom, brush, and mop mfg-Secondary products, not seasonally adjusted",Index base: 1985.12 = 100,1985-M12,2020-M01,,,,,,,,,,,,,,,,,,,,,,,,,,,,,,,,,,,,,,,,99.8,102.4,104.1,108.9,111.3,111.9,112.1,116.9,116.7,123.8,129.3,129.3,130.2,129.1,133.7,134.2,134.4,134.6,132.1,135.3,145.1,150.2,155.3,154.5,154.5,156.5,156.9,159.8,,164.4,166.4,175.3,179.6,181.5,,
PCU339995339995               ,PCU339995339995               ,"PPI industry data for Burial casket mfg, not seasonally adjusted",Index base: 1984.12 = 100,1976-M06,2022-M01,,,,,,,,,,,,,,,,,,,,,,,,,,,,,,,66.5,71.3,77.3,82.8,88.1,93.6,96.8,99.8,102.0,104.8,108.0,111.6,115.6,119.2,123.9,126.9,132.3,137.5,143.5,148.3,152.8,157.8,162.2,166.7,173.1,179.8,187.7,195.5,206.3,218.9,229.0,244.7,265.6,274.5,284.8,297.5,309.4,318.9,329.0,340.2,348.9,360.5,377.3,384.4,402.664
PCU3399953399951              ,PCU3399953399951              ,"PPI industry data for Burial casket mfg-Metal burial caskets and coffins, completely lined and trimmed, adult sizes only, not seasonally adjusted",Index base: 1984.12 = 100,1967-M01,2022-M01,,,,,,,,,,,,,,,,,,,,,46.3,46.7,48.0,49.8,51.6,53.1,55.1,59.3,63.2,65.1,68.3,72.4,77.7,83.1,88.0,93.7,97.2,99.7,101.8,104.7,107.5,111.1,115.4,118.9,124.8,127.3,132.5,137.4,143.4,147.9,152.4,157.5,161.6,166.4,172.9,178.8,187.6,195.5,208.6,223.1,234.8,249.3,270.1,279.6,290.5,304.2,316.1,327.8,338.1,351.1,362.4,373.5,392.3,402.0,416.703
PCU3399953399954              ,PCU3399953399954              ,"PPI industry data for Burial casket mfg-Wood burial caskets and coffins, completely lined and trimmed, adult sizes only, not seasonally adjusted",Index base: 1984.12 = 100,1967-M01,2020-M10,,,,,,,,,,,,,,,,,,,,,38.5,39.6,41.0,42.6,44.6,45.7,48.6,53.2,56.4,58.8,61.8,68.3,76.3,81.7,88.0,93.5,95.9,100.1,103.4,107.0,110.3,114.4,119.1,122.6,129.0,135.5,143.7,150.1,157.4,164.0,169.0,174.3,179.4,184.9,189.8,197.3,204.7,213.0,225.8,241.6,255.2,269.7,288.0,298.3,309.2,324.2,343.4,352.9,365.3,379.2,389.8,,421.7,,
PCU3399953399955              ,PCU3399953399955              ,"PPI industry data for Burial casket mfg-Other burial caskets and coffins, including burial boxes and vaults (except concrete and stone), not seasonally adjusted",Index base: 1984.12 = 100,1984-M12,2022-M01,,,,,,,,,,,,,,,,,,,,,,,,,,,,,,,,,,,,,,,101.5,103.0,107.1,110.2,112.2,116.3,114.8,115.0,117.3,119.6,123.1,126.0,129.3,133.1,137.6,139.8,147.3,152.9,163.8,170.2,163.7,157.5,150.5,188.5,225.3,226.7,233.1,236.3,240.1,244.4,251.3,254.9,255.6,268.6,279.4,280.8,303.412
PCU339995339995M              ,PCU339995339995M              ,"PPI industry data for Burial casket mfg-Miscellaneous receipts, not seasonally adjusted",Index base: 1993.02 = 100,1993-M02,2019-M01,,,,,,,,,,,,,,,,,,,,,,,,,,,,,,,,,,,,,,,,,,,,,,,,,,,,,,,,,,,162.6,174.0,181.2,178.1,190.2,,,,,,,,,220.6,,,
PCU339995339995P              ,PCU339995339995P              ,"PPI industry data for Burial casket mfg-Primary products, not seasonally adjusted",Index base: 1984.12 = 100,1984-M12,2022-M01,,,,,,,,,,,,,,,,,,,,,,,,,,,,,,,,,,,,,,,102.1,104.9,108.0,111.6,115.6,119.2,124.0,126.9,132.4,137.4,143.3,148.1,152.5,157.4,161.8,166.4,172.7,178.9,187.5,195.2,206.1,218.5,228.5,244.4,265.5,274.3,284.7,297.5,309.7,319.2,329.5,340.7,349.6,361.7,378.7,385.7,404.083
PCU339995339995S1             ,PCU339995339995S1             ,"PPI industry data for Burial casket mfg-Secondary products, not seasonally adjusted",Index base: 2012.06 = 100,2012-M06,2021-M09,,,,,,,,,,,,,,,,,,,,,,,,,,,,,,,,,,,,,,,,,,,,,,,,,,,,,,,,,,,,,,,,,,,,,,,,120.3,125.9,,
PCU339999339999               ,PCU339999339999               ,"PPI industry data for All other miscellaneous mfg, not seasonally adjusted",Index base: 1985.12 = 100,1985-M12,2022-M01,,,,,,,,,,,,,,,,,,,,,,,,,,,,,,,,,,,,,,,,101.0,102.7,106.4,112.1,115.4,117.9,119.6,121.2,122.5,124.5,125.0,124.6,125.0,126.1,127.3,128.6,130.0,131.4,133.4,135.9,139.1,143.8,152.2,151.0,149.9,151.5,151.6,150.1,151.3,153.6,153.8,154.4,155.4,172.7,175.0,178.409
PCU3399993399993              ,PCU3399993399993              ,"PPI industry data for All other miscellaneous mfg-Coin-operated amusement machines, excluding jukeboxes, not seasonally adjusted",Index base: 1985.12 = 100,1985-M12,2018-M01,,,,,,,,,,,,,,,,,,,,,,,,,,,,,,,,,,,,,,,,101.3,110.5,,,,128.3,128.3,128.2,128.1,128.1,128.1,,,128.3,129.3,132.5,135.3,,,,,,,,,,,137.8,139.9,147.9,147.9,147.8,,,,
PCU3399993399995              ,PCU3399993399995              ,"PPI industry data for All other miscellaneous mfg-Candles, including tapers, not seasonally adjusted",Index base: 1985.12 = 100,1985-M12,2022-M01,,,,,,,,,,,,,,,,,,,,,,,,,,,,,,,,,,,,,,,,102.0,103.4,106.0,111.6,116.9,125.6,127.5,128.1,129.2,129.3,129.4,129.9,131.7,133.4,135.8,137.5,137.2,138.0,140.6,144.4,148.5,151.1,159.0,162.2,170.3,177.9,182.1,183.7,184.8,187.4,188.6,188.6,,186.7,187.1,188.43
PCU339999339999E              ,PCU339999339999E              ,"PPI industry data for All other miscellaneous mfg-Mirror and picture frames and framed pictures, not seasonally adjusted",Index base: 1984.06 = 100,1984-M06,2022-M01,,,,,,,,,,,,,,,,,,,,,,,,,,,,,,,,,,,,,,,102.0,104.9,108.9,116.2,126.6,132.2,142.4,145.8,147.0,151.7,160.0,162.0,164.5,166.0,168.5,170.2,174.8,176.9,175.9,177.2,178.3,181.0,183.5,193.5,200.4,199.8,201.1,201.7,202.4,205.7,,,,,209.0,221.4,226.137
PCU339999339999L              ,PCU339999339999L              ,"PPI industry data for All other miscellaneous mfg-All other miscellaneous fabricated products, incl. fire extinguishers and umbrellas, not seasonally adjusted",Index base: 1985.12 = 100,1985-M12,2022-M01,,,,,,,,,,,,,,,,,,,,,,,,,,,,,,,,,,,,,,,,101.7,103.6,106.4,111.9,114.4,118.6,122.2,124.9,126.4,129.9,129.1,128.5,128.7,131.3,131.2,131.7,133.2,134.6,136.2,140.2,144.3,148.2,150.7,153.7,154.1,155.6,157.7,159.9,160.4,160.8,161.4,161.7,165.4,213.6,216.3,223.212
PCU339999339999L1             ,PCU339999339999L1             ,"PPI industry data for All other miscellaneous mfg-Fire extinguishing equipment, hand-portable and fixed-system (excl. water sprinkler systems), not seasonally adjusted",Index base: 1985.12 = 100,1975-M12,2009-M02,,,,,,,,,,,,,,,,,,,,,,,,,,,,,,68.8,70.5,72.8,77.6,87.1,98.9,108.1,104.0,99.7,100.0,98.8,96.9,99.9,110.3,116.6,120.7,125.4,132.9,141.7,145.9,148.8,149.6,149.5,152.0,156.4,162.1,168.5,173.9,178.6,185.5,201.8,213.8,248.6,,,,,,,,,,,,,
PCU339999339999M              ,PCU339999339999M              ,"PPI industry data for All other miscellaneous mfg-Miscellaneous receipts, not seasonally adjusted",Index base: 1985.12 = 100,1985-M12,2018-M01,,,,,,,,,,,,,,,,,,,,,,,,,,,,,,,,,,,,,,,,98.9,95.7,100.3,98.0,100.9,102.1,102.7,103.7,104.5,105.8,106.8,106.1,105.9,,,,,,109.2,,,,,,92.3,90.9,90.3,,,89.9,91.2,90.9,,,,
PCU339999339999MM             ,PCU339999339999MM             ,"PPI industry data for All other miscellaneous mfg-Miscellaneous receipts, not seasonally adjusted",Index base: 1985.12 = 100,1985-M12,2003-M11,,,,,,,,,,,,,,,,,,,,,,,,,,,,,,,,,,,,,,,,98.9,95.7,100.3,98.0,100.9,102.1,102.7,103.7,104.5,105.8,106.8,106.1,105.9,,,,,,,,,,,,,,,,,,,,,,,
PCU339999339999P              ,PCU339999339999P              ,"PPI industry data for All other miscellaneous mfg-Primary products, not seasonally adjusted",Index base: 1985.12 = 100,1985-M12,2022-M01,,,,,,,,,,,,,,,,,,,,,,,,,,,,,,,,,,,,,,,,101.4,103.2,107.0,113.3,116.8,119.3,121.1,122.7,124.1,126.2,126.4,126.3,126.9,128.7,129.8,131.5,133.2,134.3,136.5,138.6,142.6,146.7,155.0,158.4,157.4,159.6,159.7,157.8,159.2,162.2,161.9,162.5,163.6,184.4,186.8,190.158
PCU339999339999S              ,PCU339999339999S              ,"PPI industry data for All other miscellaneous mfg-Secondary products, not seasonally adjusted",Index base: 1985.12 = 100,1985-M12,2022-M01,,,,,,,,,,,,,,,,,,,,,,,,,,,,,,,,,,,,,,,,99.1,101.5,104.1,108.5,110.1,113.8,116.4,117.1,118.2,119.0,121.6,118.7,118.4,117.6,119.3,119.4,120.3,120.9,118.1,123.6,137.5,147.5,,,,,,,128.3,129.9,136.5,,,144.6,148.3,157.051
PCU339999339999SS             ,PCU339999339999SS             ,"PPI industry data for All other miscellaneous mfg-Secondary products, not seasonally adjusted",Index base: 1985.12 = 100,1985-M12,1990-M13,,,,,,,,,,,,,,,,,,,,,,,,,,,,,,,,,,,,,,,,99.1,101.5,104.1,108.5,110.1,,,,,,,,,,,,,,,,,,,,,,,,,,,,,,,
