index,Index,Label,unit,start,last,1926,1927,1928,1929,1930,1931,1932,1933,1934,1935,1936,1937,1938,1939,1940,1941,1942,1943,1944,1945,1946,1947,1948,1949,1950,1951,1952,1953,1954,1955,1956,1957,1958,1959,1960,1961,1962,1963,1964,1965,1966,1967,1968,1969,1970,1971,1972,1973,1974,1975,1976,1977,1978,1979,1980,1981,1982,1983,1984,1985,1986,1987,1988,1989,1990,1991,1992,1993,1994,1995,1996,1997,1998,1999,2000,2001,2002,2003,2004,2005,2006,2007,2008,2009,2010,2011,2012,2013,2014,2015,2016,2017,2018,2019,2020,2021
WPU15                         ,WPU15                         ,"PPI Commodity data for Miscellaneous products, not seasonally adjusted",Index base: 1982 = 100,1947-M01,2022-M01,,,,,,,,,,,,,,,,,,,,,,26.6,27.7,28.2,28.6,30.3,30.2,31.0,31.3,31.3,31.7,32.6,33.3,33.4,33.6,33.7,33.9,34.2,34.4,34.7,35.3,36.2,37.0,38.1,39.8,40.8,41.5,43.3,48.1,53.4,55.6,59.4,66.7,75.5,93.6,96.1,100.0,104.8,107.0,109.4,111.6,114.9,120.2,126.5,134.2,140.8,145.3,145.4,141.9,145.4,147.7,150.9,156.0,166.6,170.8,181.3,182.4,179.6,183.2,195.1,205.6,210.3,216.6,217.5,221.5,229.2,235.6,239.5,243.0,247.4,252.1,257.6,264.0,274.2,281.6,295.348
WPU151                        ,WPU151                        ,"PPI Commodity data for Miscellaneous products-Toys, sporting goods, small arms, etc., not seasonally adjusted",Index base: 1982 = 100,1947-M01,2022-M01,,,,,,,,,,,,,,,,,,,,,,35.1,36.7,36.7,38.7,42.0,41.0,41.1,40.9,41.0,42.0,42.5,43.0,42.4,42.8,43.1,43.0,43.1,43.1,43.8,44.4,45.2,46.2,47.6,49.5,50.9,51.7,53.2,59.7,65.9,67.7,70.1,73.7,79.6,89.7,95.7,100.0,101.7,102.6,104.5,106.6,107.8,111.8,116.7,119.6,122.6,124.6,125.5,127.0,129.1,130.4,131.5,132.4,132.4,132.5,133.4,133.4,132.6,132.6,134.5,136.6,141.2,144.5,148.4,149.4,150.7,153.1,153.8,156.4,159.2,160.8,158.9,161.1,164.3,167.4,177.521
WPU1511                       ,WPU1511                       ,"PPI Commodity data for Miscellaneous products-Toys, games, and children's vehicles, not seasonally adjusted",Index base: 1982 = 100,1947-M01,2022-M01,,,,,,,,,,,,,,,,,,,,,,38.6,40.4,39.9,42.5,45.0,43.8,43.4,42.5,42.4,42.6,42.7,43.5,43.0,43.3,43.7,43.6,43.3,43.3,43.5,43.7,44.2,45.4,46.5,48.5,50.0,51.1,53.0,60.4,67.1,67.8,69.7,74.0,78.9,89.2,94.9,100.0,101.7,101.4,103.8,106.3,107.2,110.8,115.6,118.1,120.2,121.4,121.5,122.4,124.3,125.3,125.2,124.4,123.1,121.9,123.4,124.8,124.9,125.1,127.0,128.5,131.0,134.3,143.1,140.7,143.9,149.7,150.6,151.8,155.5,155.5,155.1,157.6,157.8,160.4,168.868
WPU151101                     ,WPU151101                     ,"PPI Commodity data for Miscellaneous products-Toys, games, and children's vehicles, not seasonally adjusted",Index base: 1982 = 100,1991-M07,2022-M01,,,,,,,,,,,,,,,,,,,,,,,,,,,,,,,,,,,,,,,,,,,,,,,,,,,,,,,,,,,,,,,,,,,121.4,121.5,122.4,124.3,125.3,125.2,124.4,123.1,121.9,123.4,124.8,124.9,125.1,127.0,128.5,131.0,134.3,143.1,140.7,143.9,149.7,150.6,151.8,155.5,155.5,155.1,157.6,157.8,160.4,168.868
WPU15110152                   ,WPU15110152                   ,"PPI Commodity data for Miscellaneous products-Nonelectronic games and puzzles (excl. toys), and electronic toys (incl. parts), not seasonally adjusted",Index base: 1985.06 = 100,1985-M06,2022-M01,,,,,,,,,,,,,,,,,,,,,,,,,,,,,,,,,,,,,,,,,,,,,,,,,,,,,,,,,,,,,101.9,105.0,108.3,112.6,115.0,117.9,119.6,121.6,123.4,124.7,127.5,128.6,129.5,129.7,129.4,129.6,129.6,129.5,129.6,131.9,131.7,131.7,134.8,141.1,137.5,137.0,140.8,140.8,142.4,145.8,,145.8,146.3,145.8,147.2,148.23
WPU151101521                  ,WPU151101521                  ,"PPI Commodity data for Miscellaneous products-Nonelectronic games and puzzles, including parts, not seasonally adjusted",Index base: 2007.12 = 100,2007-M12,2022-M01,,,,,,,,,,,,,,,,,,,,,,,,,,,,,,,,,,,,,,,,,,,,,,,,,,,,,,,,,,,,,,,,,,,,,,,,,,,,,,,,,,,,,,,112.6,112.8,113.3,116.6,,116.3,116.8,116.3,117.4,118.274
WPU15110153                   ,WPU15110153                   ,"PPI Commodity data for Miscellaneous products-Baby carriages and children's vehicles, excl. bicycles w/pneumatic tires, not seasonally adjusted",Index base: 1985.06 = 100,1987-M08,2015-M05,,,,,,,,,,,,,,,,,,,,,,,,,,,,,,,,,,,,,,,,,,,,,,,,,,,,,,,,,,,,,,,,,113.7,113.4,,100.5,100.4,103.2,104.5,103.0,98.2,97.8,99.1,99.4,99.6,99.6,101.5,101.5,102.8,104.3,109.8,,111.2,112.3,116.7,118.2,117.8,,,,,,,
WPU15110154                   ,WPU15110154                   ,"PPI Commodity data for Miscellaneous products-Other nonelectronic toys, including parts, not seasonally adjusted",Index base: 1985.06 = 100,1985-M06,2022-M01,,,,,,,,,,,,,,,,,,,,,,,,,,,,,,,,,,,,,,,,,,,,,,,,,,,,,,,,,,,,,102.6,103.3,106.6,111.6,112.7,112.9,115.3,115.4,115.8,117.2,117.7,116.6,116.1,113.4,110.4,112.4,114.6,114.6,112.2,113.1,115.0,118.8,120.5,129.0,,136.0,147.0,148.9,,149.1,145.0,139.3,145.7,145.8,148.0,173.528
WPU15110155                   ,WPU15110155                   ,"PPI Commodity data for Miscellaneous products-Models, science & craft kits/supply, & collectors' miniatures, not seasonally adjusted",Index base: 1985.06 = 100,1985-M06,2022-M01,,,,,,,,,,,,,,,,,,,,,,,,,,,,,,,,,,,,,,,,,,,,,,,,,,,,,,,,,,,,,107.8,109.2,112.1,118.0,118.9,124.1,125.5,124.4,125.9,130.0,130.6,132.3,130.1,130.9,132.6,135.3,137.5,137.9,143.1,148.1,149.5,151.2,154.5,172.1,177.5,180.8,183.3,183.5,184.5,199.5,208.6,213.8,214.5,219.8,232.1,245.927
WPU15110156                   ,WPU15110156                   ,"PPI Commodity data for Miscellaneous products-Dolls, toy animals, action figures and stuffed toys, incl parts, not seasonally adjusted",Index base: 1985.12 = 100,1985-M12,2019-M04,,,,,,,,,,,,,,,,,,,,,,,,,,,,,,,,,,,,,,,,,,,,,,,,,,,,,,,,,,,,,100.6,96.2,99.1,100.4,106.9,110.1,111.8,113.7,114.5,115.4,115.0,118.6,119.5,120.6,119.8,121.7,122.1,123.7,124.4,126.8,130.1,136.6,142.9,,,139.0,143.3,151.1,149.8,,,150.6,154.2,,,
WPU1512                       ,WPU1512                       ,"PPI Commodity data for Miscellaneous products-Sporting and athletic goods, not seasonally adjusted",Index base: 1982 = 100,1947-M01,2022-M01,,,,,,,,,,,,,,,,,,,,,,36.1,36.5,36.2,37.8,41.5,41.2,41.8,42.6,42.5,44.1,45.2,45.5,45.0,45.5,45.1,45.1,45.5,45.5,46.5,47.7,48.8,49.4,51.1,52.7,53.8,54.2,55.6,61.9,67.5,69.8,71.7,74.0,80.6,90.6,95.8,100.0,100.2,100.2,99.7,100.6,102.3,105.9,109.8,112.6,115.3,118.2,118.6,120.1,122.0,123.3,124.7,126.2,126.2,126.1,126.3,125.5,124.0,123.4,124.6,126.1,129.9,129.8,132.2,133.9,133.0,134.4,133.7,136.3,138.5,140.0,137.2,138.0,142.3,145.8,158.392
WPU151201                     ,WPU151201                     ,"PPI Commodity data for Miscellaneous products-Sporting and athletic goods, not seasonally adjusted",Index base: 1982 = 100,1975-M01,2022-M01,,,,,,,,,,,,,,,,,,,,,,,,,,,,,,,,,,,,,,,,,,,,,,,,,,67.5,69.8,71.7,74.0,80.6,90.6,95.8,100.0,100.2,100.2,99.7,100.6,102.3,105.9,109.8,112.6,115.3,118.2,118.6,120.1,122.0,123.3,124.7,126.2,126.2,126.1,126.3,125.5,124.0,123.4,124.6,126.1,129.9,129.8,132.2,133.9,133.0,134.4,133.7,136.3,138.5,140.0,137.2,138.0,142.3,145.8,158.392
WPU15120103                   ,WPU15120103                   ,"PPI Commodity data for Miscellaneous products-Fishing tackle and equipment, not seasonally adjusted",Index base: 1985.12 = 100,1985-M12,2017-M01,,,,,,,,,,,,,,,,,,,,,,,,,,,,,,,,,,,,,,,,,,,,,,,,,,,,,,,,,,,,,101.0,103.8,106.9,108.8,113.4,117.7,121.0,123.2,126.2,128.5,130.9,133.9,136.5,138.4,142.2,143.9,146.7,148.5,150.5,156.7,162.1,167.2,174.6,191.5,185.4,196.3,200.7,202.3,213.4,218.1,214.9,,,,,
WPU15120127                   ,WPU15120127                   ,"PPI Commodity data for Miscellaneous products-Golf equipment, excluding apparel and shoes, not seasonally adjusted",Index base: 1985.12 = 100,1985-M12,2022-M01,,,,,,,,,,,,,,,,,,,,,,,,,,,,,,,,,,,,,,,,,,,,,,,,,,,,,,,,,,,,,101.7,105.0,108.1,111.1,113.9,120.3,125.2,129.3,132.3,136.3,138.1,143.0,146.7,144.1,138.2,135.4,132.0,129.8,125.1,125.2,126.0,134.2,117.5,108.1,107.7,102.4,97.9,,,98.8,96.0,,85.7,86.6,88.9,102.592
WPU15120182                   ,WPU15120182                   ,"PPI Commodity data for Miscellaneous products-Bicycles, adult tricycles, unicycles and parts, not seasonally adjusted",Index base: 1984.12 = 100,1984-M12,2022-M01,,,,,,,,,,,,,,,,,,,,,,,,,,,,,,,,,,,,,,,,,,,,,,,,,,,,,,,,,,,,97.8,97.7,98.8,104.9,109.6,111.5,111.7,111.1,110.2,110.3,112.1,112.6,109.6,109.7,110.4,114.4,115.7,114.6,112.5,113.9,114.5,113.9,114.6,119.1,124.1,124.8,126.0,129.9,128.7,128.2,129.4,130.1,128.3,128.9,144.1,155.4,159.567
WPU151201822                  ,WPU151201822                  ,"PPI Commodity data for Miscellaneous products-Bicycles, adult tricycles, and unicycles, not seasonally adjusted",Index base: 2011.12 = 100,2011-M12,2017-M01,,,,,,,,,,,,,,,,,,,,,,,,,,,,,,,,,,,,,,,,,,,,,,,,,,,,,,,,,,,,,,,,,,,,,,,,,,,,,,,,,,,,,,,101.7,100.7,100.2,101.2,101.8,,,,,
WPU151201825                  ,WPU151201825                  ,"PPI Commodity data for Miscellaneous products-Parts for bicycles, adult tricycles, and unicycles, not seasonally adjusted",Index base: 2011.12 = 100,2011-M12,2017-M01,,,,,,,,,,,,,,,,,,,,,,,,,,,,,,,,,,,,,,,,,,,,,,,,,,,,,,,,,,,,,,,,,,,,,,,,,,,,,,,,,,,,,,,101.0,100.7,101.0,101.6,101.8,,,,,
WPU15120185                   ,WPU15120185                   ,"PPI Commodity data for Miscellaneous products-Playground equipment, not seasonally adjusted",Index base: 1998.12 = 100,1998-M12,2022-M01,,,,,,,,,,,,,,,,,,,,,,,,,,,,,,,,,,,,,,,,,,,,,,,,,,,,,,,,,,,,,,,,,,,,,,,,,,100.3,101.8,103.2,105.5,106.7,111.8,116.2,120.4,127.3,137.4,153.2,177.1,184.7,190.0,186.7,,,,220.4,233.5,245.6,254.5,290.087
WPU15120192                   ,WPU15120192                   ,"PPI Commodity data for Miscellaneous products-Gymnasium and exercise equipment, not seasonally adjusted",Index base: 1998.12 = 100,1998-M12,2022-M01,,,,,,,,,,,,,,,,,,,,,,,,,,,,,,,,,,,,,,,,,,,,,,,,,,,,,,,,,,,,,,,,,,,,,,,,,,100.2,100.9,101.6,101.2,99.8,100.6,104.2,107.4,108.4,111.7,115.0,114.0,114.6,114.8,115.0,115.7,120.3,125.4,125.5,126.0,128.5,128.8,134.073
WPU15120193                   ,WPU15120193                   ,"PPI Commodity data for Miscellaneous products-Other sporting and athletic goods, not seasonally adjusted",Index base: 1985.12 = 100,1985-M12,2022-M01,,,,,,,,,,,,,,,,,,,,,,,,,,,,,,,,,,,,,,,,,,,,,,,,,,,,,,,,,,,,,101.0,102.4,106.7,111.1,114.1,115.8,118.7,117.3,118.0,119.0,121.7,122.5,123.3,124.0,124.6,125.5,125.1,123.4,121.9,121.1,122.4,125.2,130.0,133.5,133.9,130.3,135.3,135.7,136.2,135.8,138.0,138.0,140.4,144.9,147.5,154.892
WPU1513                       ,WPU1513                       ,"PPI Commodity data for Miscellaneous products-Small arms and ammunition, not seasonally adjusted",Index base: 1982 = 100,1947-M01,2022-M01,,,,,,,,,,,,,,,,,,,,,,23.5,25.9,27.4,28.3,32.5,31.2,31.1,31.1,32.0,34.1,35.3,35.4,34.8,34.9,36.2,36.4,36.4,36.8,37.9,38.4,38.9,40.7,42.0,45.0,46.5,47.2,48.0,52.0,58.1,61.1,65.9,71.5,78.0,88.0,97.5,100.0,106.4,113.7,121.5,125.2,126.7,132.6,141.1,145.3,151.2,152.7,157.0,159.8,162.8,165.5,167.3,169.6,172.3,176.4,178.4,180.1,182.2,186.4,193.1,200.9,215.8,239.5,242.1,245.5,257.2,260.0,268.0,272.9,277.5,281.0,282.9,288.6,291.3,294.6,302.374
WPU151301                     ,WPU151301                     ,"PPI Commodity data for Miscellaneous products-Small arms, not seasonally adjusted",Index base: 1982 = 100,1947-M01,2022-M01,,,,,,,,,,,,,,,,,,,,,,24.7,26.1,26.9,27.7,30.6,29.2,29.2,29.3,29.3,31.3,32.9,33.3,33.5,34.3,35.0,35.3,35.3,35.7,36.3,37.3,38.3,40.3,41.9,43.7,45.5,46.0,46.8,50.8,56.5,60.0,64.4,70.1,75.4,87.3,98.2,100.0,103.0,111.4,119.8,125.5,131.5,138.1,146.7,153.6,160.1,162.6,165.9,170.2,173.1,175.5,177.3,180.2,184.7,191.8,195.7,198.9,202.1,207.7,211.6,216.0,222.7,229.1,233.3,233.4,233.3,233.8,240.0,242.4,241.2,242.4,247.2,248.6,250.5,251.3,253.876
WPU15130127                   ,WPU15130127                   ,"PPI Commodity data for Miscellaneous products-Rifles, not seasonally adjusted",Index base: 2013.06 = 100,2013-M06,2021-M04,,,,,,,,,,,,,,,,,,,,,,,,,,,,,,,,,,,,,,,,,,,,,,,,,,,,,,,,,,,,,,,,,,,,,,,,,,,,,,,,,,,,,,,,,102.7,102.7,103.0,104.0,105.6,104.8,104.5,
WPU15130128                   ,WPU15130128                   ,"PPI Commodity data for Miscellaneous products-Single barrel shotguns, other small firearms n.e.c., and parts & attachments for small arms, not seasonally adjusted",Index base: 2013.06 = 100,2013-M06,2022-M01,,,,,,,,,,,,,,,,,,,,,,,,,,,,,,,,,,,,,,,,,,,,,,,,,,,,,,,,,,,,,,,,,,,,,,,,,,,,,,,,,,,,,,,,,100.7,99.4,98.7,99.8,100.0,101.7,102.6,104.083
WPU15130129                   ,WPU15130129                   ,"PPI Commodity data for Miscellaneous products-Pistols and revolvers, not seasonally adjusted",Index base: 2013.06 = 100,2013-M06,2017-M04,,,,,,,,,,,,,,,,,,,,,,,,,,,,,,,,,,,,,,,,,,,,,,,,,,,,,,,,,,,,,,,,,,,,,,,,,,,,,,,,,,,,,,,,,100.5,100.3,100.8,,,,,
WPU151302                     ,WPU151302                     ,"PPI Commodity data for Miscellaneous products-Small arms ammunition, not seasonally adjusted",Index base: 1982 = 100,1947-M01,2022-M01,,,,,,,,,,,,,,,,,,,,,,22.4,25.5,27.4,28.4,33.2,32.2,31.9,31.9,33.6,35.7,36.5,36.5,35.7,35.5,37.5,37.5,37.5,37.9,39.5,39.5,39.4,41.0,42.2,46.2,47.4,48.4,49.2,53.2,59.7,62.3,67.5,72.8,80.5,88.7,96.9,100.0,109.9,115.9,123.6,126.3,125.0,130.2,136.4,133.4,138.9,138.3,139.5,140.3,144.3,143.1,142.8,144.1,144.2,144.9,143.9,144.3,145.2,148.8,162.5,171.4,198.7,250.3,248.9,261.6,297.9,304.5,315.4,323.4,338.6,345.5,341.6,358.3,362.2,369.9,390.455
WPU15130281                   ,WPU15130281                   ,"PPI Commodity data for Miscellaneous products-Small arms ammunition, not seasonally adjusted",Index base: 2002.06 = 100,2002-M06,2022-M01,,,,,,,,,,,,,,,,,,,,,,,,,,,,,,,,,,,,,,,,,,,,,,,,,,,,,,,,,,,,,,,,,,,,,,,,,,,,,,100.7,103.3,112.8,119.0,137.9,173.7,172.7,181.5,206.8,211.4,218.9,224.5,235.0,239.8,237.1,248.7,251.4,256.7,270.989
WPU151303                     ,WPU151303                     ,"PPI Commodity data for Miscellaneous products-Other small arms ammunition products, not seasonally adjusted",Index base: 1985.06 = 100,1985-M06,2021-M13,,,,,,,,,,,,,,,,,,,,,,,,,,,,,,,,,,,,,,,,,,,,,,,,,,,,,,,,,,,,,98.4,94.2,97.9,106.5,109.9,113.8,114.5,123.7,124.3,125.9,132.5,136.6,138.5,139.5,140.1,141.0,140.1,140.4,141.5,146.6,158.7,176.2,202.7,206.0,205.2,211.4,214.8,222.7,228.5,230.2,234.4,238.7,246.5,251.2,258.9,263.478
WPU15130308                   ,WPU15130308                   ,"PPI Commodity data for Miscellaneous products-All other small arms ammunition products, not seasonally adjusted",Index base: 2002.06 = 100,2002-M06,2021-M13,,,,,,,,,,,,,,,,,,,,,,,,,,,,,,,,,,,,,,,,,,,,,,,,,,,,,,,,,,,,,,,,,,,,,,,,,,,,,,100.4,99.8,102.4,109.4,120.3,141.1,144.4,142.2,145.1,149.3,155.0,158.5,161.0,162.5,164.2,169.6,172.8,178.1,181.249
WPU152                        ,WPU152                        ,"PPI Commodity data for Miscellaneous products-Tobacco products, incl. stemmed & redried, not seasonally adjusted",Index base: 1982 = 100,1947-M01,2022-M01,,,,,,,,,,,,,,,,,,,,,,20.5,21.3,22.3,22.8,23.5,23.6,25.3,25.6,25.6,25.6,26.7,27.7,27.9,27.9,27.9,28.0,28.7,29.1,29.1,30.1,31.0,31.6,33.1,35.2,36.1,36.4,37.7,41.1,46.3,50.5,55.6,61.4,67.4,76.0,83.1,100.0,113.1,123.3,132.5,142.5,154.7,171.9,194.8,221.4,249.7,275.3,260.3,224.7,231.3,237.4,248.9,283.6,374.0,397.2,441.9,459.4,431.6,434.0,457.8,460.0,489.1,508.8,539.3,570.5,604.9,633.8,658.3,693.2,725.8,762.4,803.0,850.1,904.5,955.5,1030.79
WPU1521                       ,WPU1521                       ,"PPI Commodity data for Miscellaneous products-Cigarettes, excluding electronic, not seasonally adjusted",Index base: 1982 = 100,1926-M01,2022-M01,16.2,16.2,15.5,15.4,16.1,16.7,17.2,14.0,15.3,15.3,15.3,15.7,15.7,15.7,16.1,16.4,16.6,17.1,17.1,17.1,17.8,18.6,19.5,20.7,21.2,22.0,22.0,23.9,24.3,24.3,24.3,25.4,26.4,26.4,26.4,26.4,26.4,27.1,27.5,27.6,28.5,29.5,30.2,31.8,33.8,34.6,34.8,36.2,39.7,44.8,49.1,54.5,60.3,66.3,75.0,81.7,100.0,114.4,125.4,135.8,148.3,163.9,185.6,214.1,246.2,281.4,313.8,292.9,245.6,252.2,260.2,276.6,323.8,445.9,474.6,533.4,554.7,513.6,514.9,545.6,549.5,587.0,611.1,650.3,691.6,734.6,770.0,798.1,842.4,883.1,931.1,983.2,1045.3,1118.3,1184.7,1285.232
WPU152101                     ,WPU152101                     ,"PPI Commodity data for Miscellaneous products-Cigarettes, excluding electronic, not seasonally adjusted",Index base: 1982 = 100,1975-M01,2022-M01,,,,,,,,,,,,,,,,,,,,,,,,,,,,,,,,,,,,,,,,,,,,,,,,,,44.8,49.1,54.5,60.3,66.3,75.0,81.7,100.0,114.4,125.4,135.8,148.3,163.9,185.6,214.1,246.2,281.4,313.8,292.9,245.6,252.2,260.2,276.6,323.8,445.9,474.6,533.4,554.7,513.6,514.9,545.6,549.5,587.0,611.1,650.3,691.6,734.6,770.0,798.1,842.4,883.1,931.1,983.2,1045.3,1118.3,1184.7,1285.232
WPU15210105                   ,WPU15210105                   ,"PPI Commodity data for Miscellaneous products-Cigarettes, excluding electronic, not seasonally adjusted",Index base: 2004.12 = 100,2004-M12,2022-M01,,,,,,,,,,,,,,,,,,,,,,,,,,,,,,,,,,,,,,,,,,,,,,,,,,,,,,,,,,,,,,,,,,,,,,,,,,,,,,,,104.9,105.6,112.8,117.4,125.0,132.9,141.2,148.0,153.4,161.9,169.7,178.9,189.0,200.9,214.9,227.7,247.003
WPU1524                       ,WPU1524                       ,"PPI Commodity data for Miscellaneous products-Stemmed and redried tobacco, not seasonally adjusted",Index base: 1984.06 = 100,1984-M06,2022-M01,,,,,,,,,,,,,,,,,,,,,,,,,,,,,,,,,,,,,,,,,,,,,,,,,,,,,,,,,,,,97.7,91.5,88.5,89.1,92.2,98.0,100.8,99.3,100.4,101.0,103.7,101.2,97.2,94.4,94.8,98.8,101.4,103.3,105.7,107.0,107.3,97.8,100.7,101.3,102.0,102.1,101.9,102.4,109.1,109.1,106.1,100.0,101.2,103.2,103.3,104.5,104.83
WPU152402                     ,WPU152402                     ,"PPI Commodity data for Miscellaneous products-Stemmed and redried tobacco, not seasonally adjusted",Index base: 1984.06 = 100,1984-M06,2022-M01,,,,,,,,,,,,,,,,,,,,,,,,,,,,,,,,,,,,,,,,,,,,,,,,,,,,,,,,,,,,97.3,91.9,89.0,89.5,92.7,98.8,101.7,99.7,100.9,101.4,104.2,101.0,,,,95.9,99.2,101.4,103.7,105.5,105.9,96.5,99.4,100.0,100.7,100.7,100.6,101.1,107.7,107.7,104.7,98.7,99.9,101.8,101.9,103.1,103.45
WPU15240208                   ,WPU15240208                   ,"PPI Commodity data for Miscellaneous products-Stemmed and redried tobacco, not seasonally adjusted",Index base: 1999.06 = 100,1999-M06,2022-M01,,,,,,,,,,,,,,,,,,,,,,,,,,,,,,,,,,,,,,,,,,,,,,,,,,,,,,,,,,,,,,,,,,,,,,,,,,,105.2,108.8,111.2,113.7,115.6,116.1,105.9,109.0,109.6,110.4,110.5,110.3,110.8,118.1,118.1,114.8,108.2,109.6,111.7,111.8,113.0,113.435
WPU152402081                  ,WPU152402081                  ,"PPI Commodity data for Miscellaneous products-Tobacco, unstemmed leaf, redried before packing, not seasonally adjusted",Index base: 2011.12 = 100,2011-M12,2022-M01,,,,,,,,,,,,,,,,,,,,,,,,,,,,,,,,,,,,,,,,,,,,,,,,,,,,,,,,,,,,,,,,,,,,,,,,,,,,,,,,,,,,,,,100.0,100.4,100.3,98.0,96.9,99.6,102.3,102.4,104.5,105.067
WPU152402084                  ,WPU152402084                  ,"PPI Commodity data for Miscellaneous products-Tobacco, stemmed, not seasonally adjusted",Index base: 2011.12 = 100,2011-M12,2021-M13,,,,,,,,,,,,,,,,,,,,,,,,,,,,,,,,,,,,,,,,,,,,,,,,,,,,,,,,,,,,,,,,,,,,,,,,,,,,,,,,,,,,,,,102.0,124.0,124.2,119.8,101.5,98.9,99.2,99.3,99.4,99.613
WPU1525                       ,WPU1525                       ,"PPI Commodity data for Miscellaneous products-Other tobacco products, not seasonally adjusted",Index base: 2005.12 = 100,2005-M12,2022-M01,,,,,,,,,,,,,,,,,,,,,,,,,,,,,,,,,,,,,,,,,,,,,,,,,,,,,,,,,,,,,,,,,,,,,,,,,,,,,,,,,101.5,104.6,108.5,112.6,115.0,121.6,128.0,134.5,140.4,147.3,152.5,157.9,163.7,170.9,178.9,189.083
WPU152501                     ,WPU152501                     ,"PPI Commodity data for Miscellaneous products-Other tobacco products, not seasonally adjusted",Index base: 2005.12 = 100,2005-M12,2022-M01,,,,,,,,,,,,,,,,,,,,,,,,,,,,,,,,,,,,,,,,,,,,,,,,,,,,,,,,,,,,,,,,,,,,,,,,,,,,,,,,,101.5,104.6,108.5,112.6,115.0,121.6,128.0,134.5,140.4,147.3,152.5,157.9,163.7,170.9,178.9,189.083
WPU15250101                   ,WPU15250101                   ,"PPI Commodity data for Miscellaneous products-Other tobacco products, not seasonally adjusted",Index base: 2005.12 = 100,2005-M12,2022-M01,,,,,,,,,,,,,,,,,,,,,,,,,,,,,,,,,,,,,,,,,,,,,,,,,,,,,,,,,,,,,,,,,,,,,,,,,,,,,,,,,101.5,104.6,108.5,112.6,115.0,121.6,128.0,134.5,140.4,147.3,152.5,157.9,163.7,170.9,178.9,189.083
WPU152501011                  ,WPU152501011                  ,"PPI Commodity data for Miscellaneous products-Cigars, not seasonally adjusted",Index base: 2011.12 = 100,2011-M12,2022-M01,,,,,,,,,,,,,,,,,,,,,,,,,,,,,,,,,,,,,,,,,,,,,,,,,,,,,,,,,,,,,,,,,,,,,,,,,,,,,,,,,,,,,,,100.7,105.7,108.6,116.7,117.0,118.1,118.3,119.6,120.3,120.518
WPU152501014                  ,WPU152501014                  ,"PPI Commodity data for Miscellaneous products-Chewing and smoking tobacco, not seasonally adjusted",Index base: 2011.12 = 100,2011-M12,2022-M01,,,,,,,,,,,,,,,,,,,,,,,,,,,,,,,,,,,,,,,,,,,,,,,,,,,,,,,,,,,,,,,,,,,,,,,,,,,,,,,,,,,,,,,102.3,107.5,113.3,118.9,124.7,131.4,138.1,145.4,153.8,164.5
WPU153                        ,WPU153                        ,"PPI Commodity data for Miscellaneous products-Notions, not seasonally adjusted",Index base: 1982 = 100,1947-M01,2022-M01,,,,,,,,,,,,,,,,,,,,,,37.8,37.9,34.2,33.7,37.0,34.4,34.2,34.8,33.7,34.9,35.6,35.7,35.6,35.5,35.2,35.2,35.2,35.3,35.3,35.8,36.1,36.1,37.2,39.1,40.4,40.5,41.3,49.6,54.5,58.6,62.2,65.7,69.3,78.4,93.8,100.0,101.1,102.3,102.9,103.7,105.2,107.9,112.4,115.8,117.9,119.3,120.5,121.8,123.9,125.7,125.8,125.9,128.3,129.8,130.0,130.2,129.9,131.2,134.7,142.5,148.1,164.6,171.7,175.3,192.2,192.1,193.0,197.9,199.8,200.7,207.4,209.6,211.1,213.4,224.513
WPU1532                       ,WPU1532                       ,"PPI Commodity data for Miscellaneous products-Fasteners, zippers, buttons, needles, pins, and buckles, not seasonally adjusted",Index base: 1982 = 100,1947-M01,2022-M01,,,,,,,,,,,,,,,,,,,,,,40.4,40.2,34.6,34.0,38.3,34.2,33.5,34.4,32.7,33.8,34.7,34.7,34.6,34.3,34.0,34.0,33.9,33.9,33.9,34.5,34.9,33.7,34.4,36.1,37.3,37.4,38.2,46.5,51.7,56.4,60.4,63.8,66.8,76.3,93.2,100.0,101.1,102.2,102.9,103.8,105.5,107.9,112.2,116.0,117.6,119.3,120.7,121.9,123.9,126.3,126.1,125.0,127.3,128.9,128.8,129.4,129.2,131.1,134.4,143.5,150.7,159.5,166.6,172.1,193.7,195.9,197.6,204.5,207.0,208.2,212.8,214.5,216.1,218.4,229.794
WPU153201                     ,WPU153201                     ,"PPI Commodity data for Miscellaneous products-Fasteners, zippers, buttons, needles, pins, and buckles, not seasonally adjusted",Index base: 1982 = 100,1986-M01,2022-M01,,,,,,,,,,,,,,,,,,,,,,,,,,,,,,,,,,,,,,,,,,,,,,,,,,,,,,,,,,,,,103.8,105.5,107.9,112.2,116.0,117.6,119.3,120.7,121.9,123.9,126.3,126.1,125.0,127.3,128.9,128.8,129.4,129.2,131.1,134.4,143.5,150.7,159.5,166.6,172.1,193.7,195.9,197.6,204.5,207.0,208.2,212.8,214.5,216.1,218.4,229.794
WPU15320100                   ,WPU15320100                   ,"PPI Commodity data for Miscellaneous products-Fasteners, zippers, buttons, needles, pins, and buckles (except precious metal), not seasonally adjusted",Index base: 1982 = 100,1986-M01,2022-M01,,,,,,,,,,,,,,,,,,,,,,,,,,,,,,,,,,,,,,,,,,,,,,,,,,,,,,,,,,,,,103.8,105.5,107.9,112.2,116.0,117.6,119.3,120.7,121.9,123.9,126.3,126.1,125.0,127.3,128.9,128.8,129.4,129.2,131.1,134.4,143.5,150.7,159.5,166.6,172.1,193.7,195.9,197.6,204.5,207.0,208.2,212.8,214.5,216.1,218.4,229.794
WPU154                        ,WPU154                        ,"PPI Commodity data for Miscellaneous products-Photographic equipment and supplies, not seasonally adjusted",Index base: 1982 = 100,1947-M01,2022-M01,,,,,,,,,,,,,,,,,,,,,,32.2,35.3,36.6,36.3,37.5,38.0,38.3,38.7,39.1,39.8,41.5,42.6,44.0,44.4,45.0,46.1,46.0,46.3,46.7,46.5,47.5,48.6,48.7,49.9,50.5,50.7,51.5,55.5,62.1,64.7,66.5,69.3,73.0,96.4,99.8,100.0,102.5,102.0,102.6,104.0,105.4,107.2,114.3,118.4,118.1,118.6,117.9,116.9,118.4,119.9,118.5,114.5,111.5,109.1,111.3,107.0,104.4,102.7,105.6,106.5,109.1,111.6,113.5,110.8,115.2,127.5,127.1,128.7,128.5,127.6,129.8,130.5,138.6,140.7,146.168
WPU1541                       ,WPU1541                       ,"PPI Commodity data for Miscellaneous products-Photographic and photocopying equipment, not seasonally adjusted",Index base: 1982 = 100,1947-M01,2022-M01,,,,,,,,,,,,,,,,,,,,,,58.3,63.3,61.7,59.6,62.3,62.2,62.8,63.6,64.2,65.0,68.4,70.2,70.8,71.4,73.0,74.6,74.4,74.0,74.9,74.8,76.7,73.4,71.6,72.0,71.9,70.8,71.1,73.2,76.9,81.0,82.7,85.8,89.4,94.9,98.9,100.0,100.2,91.2,89.5,89.9,91.3,91.8,94.1,97.2,99.3,101.1,101.5,97.8,98.3,96.8,92.5,83.2,75.5,74.6,74.4,73.8,73.4,72.9,72.9,73.2,78.3,80.2,81.4,80.5,80.8,82.6,83.7,84.0,84.7,83.1,82.0,82.3,83.7,87.6,91.61
WPU154107                     ,WPU154107                     ,"PPI Commodity data for Miscellaneous products-Photographic and photocopying equipment, not seasonally adjusted",Index base: 1983.12 = 100,1991-M07,2022-M01,,,,,,,,,,,,,,,,,,,,,,,,,,,,,,,,,,,,,,,,,,,,,,,,,,,,,,,,,,,,,,,,,,,123.8,124.4,119.8,120.4,118.5,113.3,101.9,92.4,91.3,91.2,90.4,89.8,89.3,89.3,89.6,95.8,98.2,99.7,98.5,99.0,101.2,102.5,102.9,103.7,101.8,100.5,100.8,102.5,107.2,112.19
WPU15410701                   ,WPU15410701                   ,"PPI Commodity data for Miscellaneous products-Photographic and photocopying equipment, not seasonally adjusted",Index base: 1983.12 = 100,1983-M12,2022-M01,,,,,,,,,,,,,,,,,,,,,,,,,,,,,,,,,,,,,,,,,,,,,,,,,,,,,,,,,,,,,,105.9,108.5,113.8,118.9,121.7,123.8,124.4,119.8,120.4,118.5,113.3,101.9,92.4,91.3,91.2,90.4,89.8,89.3,89.3,89.6,95.8,98.2,99.7,98.5,99.0,101.2,102.5,102.9,103.7,101.8,100.5,100.8,102.5,107.2,112.19
WPU154107019                  ,WPU154107019                  ,"PPI Commodity data for Miscellaneous products-Motion picture & other photographic equipment, n.e.c., not seasonally adjusted",Index base: 2011.12 = 100,2011-M12,2022-M01,,,,,,,,,,,,,,,,,,,,,,,,,,,,,,,,,,,,,,,,,,,,,,,,,,,,,,,,,,,,,,,,,,,,,,,,,,,,,,,,,,,,,,,100.8,,,,,,110.6,116.1,122.4,128.057
WPU15410701A                  ,WPU15410701A                  ,"PPI Commodity data for Miscellaneous products-Still picture and photocopying equipment, not seasonally adjusted",Index base: 2011.12 = 100,2011-M12,2017-M05,,,,,,,,,,,,,,,,,,,,,,,,,,,,,,,,,,,,,,,,,,,,,,,,,,,,,,,,,,,,,,,,,,,,,,,,,,,,,,,,,,,,,,,102.3,102.9,,,,,,,,
WPU1542                       ,WPU1542                       ,"PPI Commodity data for Miscellaneous products-Photographic supplies, not seasonally adjusted",Index base: 1982 = 100,1947-M01,2022-M01,,,,,,,,,,,,,,,,,,,,,,23.3,25.6,27.8,28.0,28.7,29.4,29.6,29.8,30.1,30.9,32.0,32.8,34.4,34.7,35.0,35.8,35.9,36.4,36.5,36.4,37.1,39.1,39.7,41.0,41.7,42.3,43.1,47.4,54.2,56.4,58.3,60.9,64.7,97.2,100.3,100.0,103.7,106.0,107.4,109.1,110.6,113.1,123.0,127.6,125.8,125.6,124.3,124.7,126.8,129.8,130.0,128.9,128.3,125.2,128.5,121.6,117.5,115.1,120.1,121.6,122.9,125.5,127.8,124.4,130.4,146.9,146.1,148.2,147.6,147.0,150.4,151.3,163.1,163.9,169.874
WPU154206                     ,WPU154206                     ,"PPI Commodity data for Miscellaneous products-Photographic supplies, not seasonally adjusted",Index base: 1983.12 = 100,1991-M07,2022-M01,,,,,,,,,,,,,,,,,,,,,,,,,,,,,,,,,,,,,,,,,,,,,,,,,,,,,,,,,,,,,,,,,,,123.4,122.0,122.4,124.5,127.5,127.7,126.6,126.1,122.9,126.2,119.4,115.4,113.0,117.9,119.4,120.7,123.3,125.5,122.2,128.1,144.3,143.5,145.5,145.0,144.3,147.7,148.6,160.1,161.0,166.847
WPU15420601                   ,WPU15420601                   ,"PPI Commodity data for Miscellaneous products-Photographic supplies, not seasonally adjusted",Index base: 1983.12 = 100,1983-M12,2022-M01,,,,,,,,,,,,,,,,,,,,,,,,,,,,,,,,,,,,,,,,,,,,,,,,,,,,,,,,,,,102.0,,,108.6,111.1,120.8,125.3,123.6,123.4,122.0,122.4,124.5,127.5,127.7,126.6,126.1,122.9,126.2,119.4,115.4,113.0,117.9,119.4,120.7,123.3,125.5,122.2,128.1,144.3,143.5,145.5,145.0,144.3,147.7,148.6,160.1,161.0,166.847
WPU154206011                  ,WPU154206011                  ,"PPI Commodity data for Miscellaneous products-Prepared photographic chemicals, not seasonally adjusted",Index base: 2007.12 = 100,2007-M12,2022-M01,,,,,,,,,,,,,,,,,,,,,,,,,,,,,,,,,,,,,,,,,,,,,,,,,,,,,,,,,,,,,,,,,,,,,,,,,,,,,,,,,,,,,,,,103.4,101.8,101.1,99.8,98.8,99.3,99.8,97.5,96.229
WPU154206012                  ,WPU154206012                  ,"PPI Commodity data for Miscellaneous products-Photographic sensitized film, plates, paper, & cloth, not seasonally adjusted",Index base: 2007.12 = 100,2007-M12,2022-M01,,,,,,,,,,,,,,,,,,,,,,,,,,,,,,,,,,,,,,,,,,,,,,,,,,,,,,,,,,,,,,,,,,,,,,,,,,,,,,,,,,,,,,,,122.1,124.9,124.6,124.4,128.5,129.3,143.1,145.2,152.925
WPU1542060121                 ,WPU1542060121                 ,"PPI Commodity data for Miscellaneous products-Photographic sensitized film, plates, paper, & cloth, silver-halide-type (excluding X-ray), not seasonally adjusted",Index base: 2007.12 = 100,2007-M12,2022-M01,,,,,,,,,,,,,,,,,,,,,,,,,,,,,,,,,,,,,,,,,,,,,,,,,,,,,,,,,,,,,,,,,,,,,,,,,,,,,,,,,,,,,,,,,,,,,,,,153.265
WPU1542060122                 ,WPU1542060122                 ,"PPI Commodity data for Miscellaneous products-Photographic sensitized film etc., less silver halide type (inc. X-ray), not seasonally adjusted",Index base: 2007.12 = 100,2007-M12,2022-M01,,,,,,,,,,,,,,,,,,,,,,,,,,,,,,,,,,,,,,,,,,,,,,,,,,,,,,,,,,,,,,,,,,,,,,,,,,,,,,,,,,,,,,,,,,,,,,,,143.046
WPU155                        ,WPU155                        ,"PPI Commodity data for Miscellaneous products-Mobile homes, not seasonally adjusted",Index base: 1982 = 100,1981-M01,2022-M01,,,,,,,,,,,,,,,,,,,,,,,,,,,,,,,,,,,,,,,,,,,,,,,,,,,,,,,,96.9,100.0,100.9,100.9,101.7,102.8,104.3,109.3,114.0,117.5,120.4,121.7,127.8,137.0,145.6,149.8,152.2,154.3,158.4,161.3,164.1,166.6,169.6,186.6,200.8,208.8,211.0,218.7,222.3,228.5,236.4,245.4,257.0,263.3,269.6,272.4,281.6,297.6,317.8,336.8,415.738
WPU1553                       ,WPU1553                       ,"PPI Commodity data for Miscellaneous products-Manufactured homes (mobile homes), all sizes (incl. multisection), not seasonally adjusted",Index base: 1982 = 100,1976-M07,2022-M01,,,,,,,,,,,,,,,,,,,,,,,,,,,,,,,,,,,,,,,,,,,,,,,,,,,,,81.3,87.9,,,100.0,98.2,101.7,102.7,105.4,107.6,111.5,116.1,120.7,123.9,127.0,134.4,143.3,151.3,156.2,158.9,161.0,164.2,167.0,169.2,171.8,175.1,,207.7,214.3,217.6,223.7,228.0,233.7,242.3,251.2,263.0,269.9,276.6,279.4,288.8,305.3,325.9,345.5,426.436
WPU155303                     ,WPU155303                     ,"PPI Commodity data for Miscellaneous products-Manufactured mobile homes and nonresidential mobile buildings, not seasonally adjusted",Index base: 1986.12 = 100,1986-M12,2022-M01,,,,,,,,,,,,,,,,,,,,,,,,,,,,,,,,,,,,,,,,,,,,,,,,,,,,,,,,,,,,,,100.8,104.4,108.7,113.0,116.1,119.0,125.9,134.2,141.8,146.4,148.8,150.8,153.8,156.4,158.5,161.0,164.0,,194.6,200.8,203.8,209.5,213.5,219.0,227.0,235.3,246.3,252.8,259.1,261.7,270.6,286.0,305.3,323.6,399.461
WPU15530301                   ,WPU15530301                   ,"PPI Commodity data for Miscellaneous products-Manufactured homes (mobile homes), all width sizes (incl. multisection), not seasonally adjusted",Index base: 1986.12 = 100,1991-M07,2022-M01,,,,,,,,,,,,,,,,,,,,,,,,,,,,,,,,,,,,,,,,,,,,,,,,,,,,,,,,,,,,,,,,,,,119.0,125.9,134.2,141.8,146.4,148.8,150.8,153.8,156.4,158.5,161.0,164.0,,194.6,200.8,203.8,209.5,213.5,219.0,227.0,235.3,246.3,252.8,259.1,261.7,270.6,286.0,305.3,323.6,399.461
WPU156                        ,WPU156                        ,"PPI Commodity data for Miscellaneous products-Medical, surgical & personal aid devices, not seasonally adjusted",Index base: 1982 = 100,1978-M06,2022-M01,,,,,,,,,,,,,,,,,,,,,,,,,,,,,,,,,,,,,,,,,,,,,,,,,,,,,,89.5,93.3,97.2,,103.8,108.3,109.0,111.8,117.0,118.9,123.0,127.3,130.3,133.9,137.8,140.4,141.3,143.1,143.1,143.4,144.6,146.0,148.3,150.9,154.7,157.8,159.2,161.4,163.1,165.7,167.5,169.0,171.6,173.0,174.7,174.7,176.2,177.4,178.5,180.5,182.8,185.4,187.267
WPU1562                       ,WPU1562                       ,"PPI Commodity data for Miscellaneous products-Surgical and medical instruments, not seasonally adjusted",Index base: 1982.06 = 100,1982-M06,2022-M01,,,,,,,,,,,,,,,,,,,,,,,,,,,,,,,,,,,,,,,,,,,,,,,,,,,,,,,,,,104.3,107.5,106.6,107.5,109.5,111.4,115.9,118.9,120.6,123.3,126.0,126.7,128.3,130.0,128.1,126.7,126.1,125.6,127.0,129.1,132.8,134.2,134.9,134.1,134.7,135.5,136.6,137.0,136.4,137.3,138.1,137.3,138.9,141.0,140.9,141.6,141.4,142.7,142.385
WPU156201                     ,WPU156201                     ,"PPI Commodity data for Miscellaneous products-Surgical and medical instruments, not seasonally adjusted",Index base: 1982.06 = 100,1982-M06,2022-M01,,,,,,,,,,,,,,,,,,,,,,,,,,,,,,,,,,,,,,,,,,,,,,,,,,,,,,,,,,104.3,107.5,106.6,107.5,109.5,111.4,115.9,118.9,120.6,123.3,126.0,126.7,128.3,130.0,128.1,126.7,126.1,125.6,127.0,129.1,132.8,134.2,134.9,134.1,134.7,135.5,136.6,137.0,136.4,137.3,138.1,137.3,138.9,141.0,140.9,141.6,141.4,142.7,142.385
WPU15620103                   ,WPU15620103                   ,"PPI Commodity data for Miscellaneous products-Surgical and medical instruments, not seasonally adjusted",Index base: 2005.06 = 100,2005-M06,2022-M01,,,,,,,,,,,,,,,,,,,,,,,,,,,,,,,,,,,,,,,,,,,,,,,,,,,,,,,,,,,,,,,,,,,,,,,,,,,,,,,,,99.3,99.7,100.4,101.2,101.5,101.0,101.7,102.3,101.7,102.8,104.5,104.3,104.9,104.7,105.7,105.458
WPU156201031                  ,WPU156201031                  ,"PPI Commodity data for Miscellaneous products-Surgical and medical catheters, not seasonally adjusted",Index base: 2011.12 = 100,2011-M12,2022-M01,,,,,,,,,,,,,,,,,,,,,,,,,,,,,,,,,,,,,,,,,,,,,,,,,,,,,,,,,,,,,,,,,,,,,,,,,,,,,,,,,,,,,,,98.7,98.9,98.1,98.1,97.5,96.4,96.1,92.4,92.4,
WPU156201033                  ,WPU156201033                  ,"PPI Commodity data for Miscellaneous products-Orthopedic and surgical instruments, not seasonally adjusted",Index base: 2012.06 = 100,2012-M06,2022-M01,,,,,,,,,,,,,,,,,,,,,,,,,,,,,,,,,,,,,,,,,,,,,,,,,,,,,,,,,,,,,,,,,,,,,,,,,,,,,,,,,,,,,,,,100.1,100.5,101.7,105.3,106.2,106.7,107.0,107.9,108.083
WPU156201034                  ,WPU156201034                  ,"PPI Commodity data for Miscellaneous products-Surgical and medical diagnostic apparatus, excluding electromedical, not seasonally adjusted",Index base: 2012.06 = 100,2012-M06,2015-M03,,,,,,,,,,,,,,,,,,,,,,,,,,,,,,,,,,,,,,,,,,,,,,,,,,,,,,,,,,,,,,,,,,,,,,,,,,,,,,,,,,,,,,,,101.0,101.4,,,,,,,
WPU156201035                  ,WPU156201035                  ,"PPI Commodity data for Miscellaneous products-Surgical and medical syringes and hypodermic needles, not seasonally adjusted",Index base: 2012.06 = 100,2012-M06,2021-M08,,,,,,,,,,,,,,,,,,,,,,,,,,,,,,,,,,,,,,,,,,,,,,,,,,,,,,,,,,,,,,,,,,,,,,,,,,,,,,,,,,,,,,,,99.0,98.9,98.7,100.0,98.3,99.2,98.3,,
WPU156201036                  ,WPU156201036                  ,"PPI Commodity data for Miscellaneous products-Surgical and medical blood transfusion and IV equipment, including blood donor kits, not seasonally adjusted",Index base: 2012.06 = 100,2012-M06,2016-M03,,,,,,,,,,,,,,,,,,,,,,,,,,,,,,,,,,,,,,,,,,,,,,,,,,,,,,,,,,,,,,,,,,,,,,,,,,,,,,,,,,,,,,,,104.7,104.2,112.0,,,,,,
WPU156201037                  ,WPU156201037                  ,"PPI Commodity data for Miscellaneous products-Other surgical and medical apparatus and instruments, excluding parts, not seasonally adjusted",Index base: 2012.06 = 100,2012-M06,2022-M01,,,,,,,,,,,,,,,,,,,,,,,,,,,,,,,,,,,,,,,,,,,,,,,,,,,,,,,,,,,,,,,,,,,,,,,,,,,,,,,,,,,,,,,,100.9,98.3,98.1,97.7,97.5,97.5,97.7,97.8,97.797
WPU156201038                  ,WPU156201038                  ,"PPI Commodity data for Miscellaneous products-Parts for surgical and medical apparatus and instruments, not seasonally adjusted",Index base: 2012.06 = 100,2012-M06,2022-M01,,,,,,,,,,,,,,,,,,,,,,,,,,,,,,,,,,,,,,,,,,,,,,,,,,,,,,,,,,,,,,,,,,,,,,,,,,,,,,,,,,,,,,,,101.6,102.6,105.8,107.3,108.6,110.5,112.3,113.2,109.517
WPU1563                       ,WPU1563                       ,"PPI Commodity data for Miscellaneous products-Medical and surgical appliances and supplies, not seasonally adjusted",Index base: 1983.06 = 100,1983-M06,2022-M01,,,,,,,,,,,,,,,,,,,,,,,,,,,,,,,,,,,,,,,,,,,,,,,,,,,,,,,,,,,106.3,109.1,113.0,123.2,125.2,129.8,135.9,140.7,145.0,151.0,155.6,154.8,156.9,158.8,160.6,163.3,167.1,170.4,174.0,178.2,184.3,186.0,188.9,190.7,194.6,197.0,197.6,199.7,200.7,202.2,202.9,203.9,202.6,203.3,205.8,209.1,210.8,215.025
WPU156301                     ,WPU156301                     ,"PPI Commodity data for Miscellaneous products-Medical and surgical appliances and supplies, not seasonally adjusted",Index base: 1983.06 = 100,1983-M06,2022-M01,,,,,,,,,,,,,,,,,,,,,,,,,,,,,,,,,,,,,,,,,,,,,,,,,,,,,,,,,,,106.3,109.1,,,,,,,145.0,151.0,155.6,154.8,156.9,158.8,160.6,163.3,167.1,170.4,174.0,178.2,184.3,186.0,188.9,190.7,194.6,197.0,197.6,199.7,200.7,202.2,202.9,203.9,202.6,203.3,205.8,209.1,210.8,215.025
WPU15630104                   ,WPU15630104                   ,"PPI Commodity data for Miscellaneous products-Medical and surgical appliances and supplies, not seasonally adjusted",Index base: 2003.12 = 100,2003-M12,2022-M01,,,,,,,,,,,,,,,,,,,,,,,,,,,,,,,,,,,,,,,,,,,,,,,,,,,,,,,,,,,,,,,,,,,,,,,,,,,,,,,,,,,,,,,111.0,111.8,112.2,112.7,112.0,112.4,113.8,115.6,116.5,118.88
WPU156301041                  ,WPU156301041                  ,"PPI Commodity data for Miscellaneous products-Artificial joints and limbs, not seasonally adjusted",Index base: 2011.12 = 100,2011-M12,2017-M10,,,,,,,,,,,,,,,,,,,,,,,,,,,,,,,,,,,,,,,,,,,,,,,,,,,,,,,,,,,,,,,,,,,,,,,,,,,,,,,,,,,,,,,102.3,105.3,104.9,105.7,103.4,,,,,
WPU156301042                  ,WPU156301042                  ,"PPI Commodity data for Miscellaneous products-Other orthopedic and prosthetic appliances, not seasonally adjusted",Index base: 2011.12 = 100,2011-M12,2022-M01,,,,,,,,,,,,,,,,,,,,,,,,,,,,,,,,,,,,,,,,,,,,,,,,,,,,,,,,,,,,,,,,,,,,,,,,,,,,,,,,,,,,,,,,99.9,100.6,99.1,96.7,94.4,95.7,96.4,96.5,97.391
WPU156301044                  ,WPU156301044                  ,"PPI Commodity data for Miscellaneous products-All other surgical and medical items, not seasonally adjusted",Index base: 2011.12 = 100,2011-M12,2022-M01,,,,,,,,,,,,,,,,,,,,,,,,,,,,,,,,,,,,,,,,,,,,,,,,,,,,,,,,,,,,,,,,,,,,,,,,,,,,,,,,,,,,,,,99.8,99.7,100.2,101.2,101.7,103.0,104.5,107.3,110.7,113.283
WPU1564                       ,WPU1564                       ,"PPI Commodity data for Miscellaneous products-Ophthalmic goods, not seasonally adjusted",Index base: 1983.12 = 100,1983-M12,2022-M01,,,,,,,,,,,,,,,,,,,,,,,,,,,,,,,,,,,,,,,,,,,,,,,,,,,,,,,,,,,105.0,105.4,108.0,109.7,110.8,113.8,115.0,116.0,118.0,119.0,119.6,122.2,120.3,119.8,119.6,119.4,118.3,118.5,119.3,120.0,120.8,121.8,124.9,128.9,130.6,132.1,134.9,138.7,141.3,143.3,143.6,142.8,142.9,144.1,147.8,150.3,153.7,156.126
WPU156401                     ,WPU156401                     ,"PPI Commodity data for Miscellaneous products-Ophthalmic goods, not seasonally adjusted",Index base: 1983.12 = 100,1983-M12,2022-M01,,,,,,,,,,,,,,,,,,,,,,,,,,,,,,,,,,,,,,,,,,,,,,,,,,,,,,,,,,,,105.4,,,,,,,118.0,119.0,119.6,122.2,120.3,119.8,119.6,119.4,118.3,118.5,119.3,120.0,120.8,121.8,124.9,128.9,130.6,132.1,134.9,138.7,141.3,143.3,143.6,142.8,142.9,144.1,147.8,150.3,153.7,156.126
WPU15640107                   ,WPU15640107                   ,"PPI Commodity data for Miscellaneous products-Ophthalmic fronts, temples, and focal and contact lenses, not seasonally adjusted",Index base: 2011.12 = 100,2011-M12,2022-M01,,,,,,,,,,,,,,,,,,,,,,,,,,,,,,,,,,,,,,,,,,,,,,,,,,,,,,,,,,,,,,,,,,,,,,,,,,,,,,,,,,,,,,,102.8,104.2,103.9,102.0,102.1,103.2,105.5,106.9,108.9,110.863
WPU15640108                   ,WPU15640108                   ,"PPI Commodity data for Miscellaneous products-Other ophthalmic goods and prescription ground eyeglass lenses, not seasonally adjusted",Index base: 2011.12 = 100,2011-M12,2021-M13,,,,,,,,,,,,,,,,,,,,,,,,,,,,,,,,,,,,,,,,,,,,,,,,,,,,,,,,,,,,,,,,,,,,,,,,,,,,,,,,,,,,,,,100.5,102.2,103.4,105.3,105.3,105.9,109.2,111.8,115.1,116.575
WPU1565                       ,WPU1565                       ,"PPI Commodity data for Miscellaneous products-Dental equipment and supplies, not seasonally adjusted",Index base: 1985.06 = 100,1985-M06,2022-M01,,,,,,,,,,,,,,,,,,,,,,,,,,,,,,,,,,,,,,,,,,,,,,,,,,,,,,,,,,,,,104.7,110.4,113.0,114.2,118.9,121.2,126.6,131.5,135.2,137.5,141.0,146.5,151.2,160.0,164.8,170.4,172.0,179.1,182.3,187.0,206.0,212.7,221.4,225.5,240.0,272.9,276.2,287.2,292.7,299.9,305.5,322.0,330.5,360.3,386.5,401.207
WPU156501                     ,WPU156501                     ,"PPI Commodity data for Miscellaneous products-Dental equipment and supplies, not seasonally adjusted",Index base: 1985.06 = 100,1985-M06,2022-M01,,,,,,,,,,,,,,,,,,,,,,,,,,,,,,,,,,,,,,,,,,,,,,,,,,,,,,,,,,,,,,,,,,,126.6,131.5,135.2,137.5,141.0,146.5,151.2,160.0,164.8,170.4,172.0,179.1,182.3,187.0,206.0,212.7,221.4,225.5,240.0,272.9,276.2,287.2,292.7,299.9,305.5,322.0,330.5,360.3,386.5,401.207
WPU15650107                   ,WPU15650107                   ,"PPI Commodity data for Miscellaneous products-Dental equipment and supplies, not seasonally adjusted",Index base: 2005.12 = 100,2005-M12,2022-M01,,,,,,,,,,,,,,,,,,,,,,,,,,,,,,,,,,,,,,,,,,,,,,,,,,,,,,,,,,,,,,,,,,,,,,,,,,,,,,,,,105.3,108.8,113.2,115.3,122.7,139.5,141.2,146.9,149.7,153.4,156.2,164.7,169.0,184.2,197.7,205.155
WPU156501071                  ,WPU156501071                  ,"PPI Commodity data for Miscellaneous products-Professional dental equipment and supplies, not seasonally adjusted",Index base: 2007.12 = 100,2007-M12,2022-M01,,,,,,,,,,,,,,,,,,,,,,,,,,,,,,,,,,,,,,,,,,,,,,,,,,,,,,,,,,,,,,,,,,,,,,,,,,,,,,,,,,,,,,,119.3,123.6,126.3,130.4,132.8,137.6,140.5,143.7,139.5,142.453
WPU1565010711                 ,WPU1565010711                 ,"PPI Commodity data for Miscellaneous products-Professional dental equipment, not seasonally adjusted",Index base: 2007.12 = 100,2007-M12,2022-M01,,,,,,,,,,,,,,,,,,,,,,,,,,,,,,,,,,,,,,,,,,,,,,,,,,,,,,,,,,,,,,,,,,,,,,,,,,,,,,,,,,,,,,,111.4,114.6,118.1,121.6,123.7,129.5,,139.3,138.6,142.005
WPU1565010712                 ,WPU1565010712                 ,"PPI Commodity data for Miscellaneous products-Professional dental supplies, not seasonally adjusted",Index base: 2007.12 = 100,2007-M12,2022-M01,,,,,,,,,,,,,,,,,,,,,,,,,,,,,,,,,,,,,,,,,,,,,,,,,,,,,,,,,,,,,,,,,,,,,,,,,,,,,,,,,,,,,,,123.8,128.9,130.8,135.3,138.0,142.0,143.5,145.0,138.2,140.758
WPU156501072                  ,WPU156501072                  ,"PPI Commodity data for Miscellaneous products-Dental laboratory equipment and supplies, not seasonally adjusted",Index base: 2007.12 = 100,2007-M12,2019-M02,,,,,,,,,,,,,,,,,,,,,,,,,,,,,,,,,,,,,,,,,,,,,,,,,,,,,,,,,,,,,,,,,,,,,,,,,,,,,,,,,,,,,,,147.9,155.6,157.4,157.2,160.1,178.5,,,,
WPU157                        ,WPU157                        ,"PPI Commodity data for Miscellaneous products-Other industrial safety equipment, not seasonally adjusted",Index base: 1982 = 100,1978-M06,2022-M01,,,,,,,,,,,,,,,,,,,,,,,,,,,,,,,,,,,,,,,,,,,,,,,,,,,,,,83.3,89.6,95.3,100.0,103.0,106.9,111.3,121.0,129.1,136.7,144.2,149.7,157.7,163.6,166.5,172.6,178.5,182.7,186.1,189.9,193.4,197.6,203.0,208.7,212.8,213.7,215.9,220.5,223.1,228.7,232.8,236.5,237.6,241.0,249.7,252.6,258.5,263.8,256.5,257.8,264.7,269.1,283.821
WPU1571                       ,WPU1571                       ,"PPI Commodity data for Miscellaneous products-Personal safety equipment and clothing, not seasonally adjusted",Index base: 1982 = 100,1978-M06,2022-M01,,,,,,,,,,,,,,,,,,,,,,,,,,,,,,,,,,,,,,,,,,,,,,,,,,,,,,83.3,89.6,95.3,100.0,103.0,106.9,111.3,121.0,129.1,136.7,144.2,149.7,157.7,163.6,166.5,172.6,178.5,182.7,186.1,189.9,193.4,197.6,203.0,208.7,212.8,213.7,215.9,220.5,223.1,228.7,232.8,236.5,237.6,241.0,249.7,252.6,258.5,263.8,256.5,257.8,264.7,269.1,283.821
WPU157108                     ,WPU157108                     ,"PPI Commodity data for Miscellaneous products-Personal safety equipment and clothing, not seasonally adjusted",Index base: 2004.06 = 100,2004-M06,2022-M01,,,,,,,,,,,,,,,,,,,,,,,,,,,,,,,,,,,,,,,,,,,,,,,,,,,,,,,,,,,,,,,,,,,,,,,,,,,,,,,,101.1,103.3,104.5,107.1,109.0,110.8,111.3,112.9,117.0,118.3,121.1,123.6,120.1,120.7,124.0,126.0,132.94
WPU15710802                   ,WPU15710802                   ,"PPI Commodity data for Miscellaneous products-Personal safety equipment and clothing, not seasonally adjusted",Index base: 2004.06 = 100,2004-M06,2022-M01,,,,,,,,,,,,,,,,,,,,,,,,,,,,,,,,,,,,,,,,,,,,,,,,,,,,,,,,,,,,,,,,,,,,,,,,,,,,,,,,101.1,103.3,104.5,107.1,109.0,110.8,111.3,112.9,117.0,118.3,121.1,123.6,120.1,120.7,124.0,126.0,132.94
WPU159                        ,WPU159                        ,"PPI Commodity data for Miscellaneous products-Other miscellaneous products, not seasonally adjusted",Index base: 1982 = 100,1947-M01,2022-M01,,,,,,,,,,,,,,,,,,,,,,23.2,23.8,23.9,24.1,25.7,25.7,25.7,26.0,26.1,26.5,27.2,27.4,27.5,27.9,28.0,28.1,28.0,28.1,28.4,28.8,29.6,30.3,30.9,32.1,33.3,34.3,37.1,42.0,46.0,45.2,49.5,62.2,77.9,107.4,102.7,100.0,104.0,103.6,103.4,104.8,108.0,111.0,114.0,117.7,120.5,122.4,125.3,127.5,131.9,132.8,133.4,134.6,135.1,136.6,138.7,139.4,140.8,142.9,147.1,151.1,155.0,160.6,161.3,165.7,172.8,176.2,177.3,175.5,175.7,177.7,181.7,184.1,195.5,198.7,210.057
WPU1591                       ,WPU1591                       ,"PPI Commodity data for Miscellaneous products-Burial caskets, not seasonally adjusted",Index base: 1982 = 100,1947-M01,2022-M01,,,,,,,,,,,,,,,,,,,,,,30.2,34.7,35.1,36.4,40.9,40.9,41.4,42.3,42.4,42.9,43.8,44.4,44.9,45.2,45.3,45.4,45.8,45.9,46.0,46.3,46.7,47.5,48.9,50.8,52.8,54.2,56.8,61.5,65.5,67.6,71.0,76.1,82.6,88.4,94.0,100.0,103.5,106.6,109.0,112.1,115.4,119.2,123.6,127.4,132.6,135.9,141.9,147.2,153.5,158.6,163.3,168.7,173.3,178.2,185.0,191.7,200.9,209.3,221.2,234.5,245.3,261.2,282.9,292.6,303.6,317.7,331.1,341.4,352.4,364.7,374.4,387.8,406.0,413.4,433.292
WPU159101                     ,WPU159101                     ,"PPI Commodity data for Miscellaneous products-Burial caskets, not seasonally adjusted",Index base: 1982 = 100,1991-M07,2022-M01,,,,,,,,,,,,,,,,,,,,,,,,,,,,,,,,,,,,,,,,,,,,,,,,,,,,,,,,,,,,,,,,,,,135.9,141.9,147.2,153.5,158.6,163.3,168.7,173.3,178.2,185.0,191.7,200.9,209.3,221.2,234.5,245.3,261.2,282.9,292.6,303.6,317.7,331.1,341.4,352.4,364.7,374.4,387.8,406.0,413.4,433.292
WPU15910109                   ,WPU15910109                   ,"PPI Commodity data for Miscellaneous products-Burial caskets, not seasonally adjusted",Index base: 2004.12 = 100,2004-M12,2022-M01,,,,,,,,,,,,,,,,,,,,,,,,,,,,,,,,,,,,,,,,,,,,,,,,,,,,,,,,,,,,,,,,,,,,,,,,,,,,,,,,101.4,107.5,112.4,119.7,129.6,134.1,139.1,145.6,151.7,156.5,161.5,167.1,171.6,177.7,186.0,189.5,198.565
WPU159101091                  ,WPU159101091                  ,"PPI Commodity data for Miscellaneous products-Metal burial caskets & coffins, completely lined & trimmed, adult sizes, not seasonally adjusted",Index base: 2011.12 = 100,2011-M12,2022-M01,,,,,,,,,,,,,,,,,,,,,,,,,,,,,,,,,,,,,,,,,,,,,,,,,,,,,,,,,,,,,,,,,,,,,,,,,,,,,,,,,,,,,,,101.1,105.0,108.9,112.3,116.6,,124.1,130.4,133.6,138.455
WPU159101093                  ,WPU159101093                  ,"PPI Commodity data for Miscellaneous products-Wood burial caskets & coffins, completely lined & trimmed, adult sizes, not seasonally adjusted",Index base: 2011.12 = 100,2011-M12,2020-M10,,,,,,,,,,,,,,,,,,,,,,,,,,,,,,,,,,,,,,,,,,,,,,,,,,,,,,,,,,,,,,,,,,,,,,,,,,,,,,,,,,,,,,,101.7,107.7,110.7,114.6,118.9,122.3,,132.3,,
WPU159101095                  ,WPU159101095                  ,"PPI Commodity data for Miscellaneous products-Other burial caskets & coffins, including burial boxes and vaults (except concrete and stone), not seasonally adjusted",Index base: 2011.12 = 100,2011-M12,2022-M01,,,,,,,,,,,,,,,,,,,,,,,,,,,,,,,,,,,,,,,,,,,,,,,,,,,,,,,,,,,,,,,,,,,,,,,,,,,,,,,,,,,,,,,100.6,102.4,104.3,107.2,108.8,109.0,114.6,119.2,119.8,129.457
WPU1593                       ,WPU1593                       ,"PPI Commodity data for Miscellaneous products-Musical instruments, not seasonally adjusted",Index base: 1982 = 100,1947-M01,2022-M01,,,,,,,,,,,,,,,,,,,,,,30.1,32.3,32.2,33.0,35.2,34.9,34.6,34.7,34.3,35.9,37.4,38.6,38.7,39.0,39.5,40.2,40.5,40.4,41.6,43.3,45.2,46.6,47.5,48.9,50.0,50.4,52.7,59.5,64.3,65.7,70.1,75.1,81.4,89.0,95.0,100.0,102.4,104.3,102.2,104.0,107.0,111.4,117.2,121.7,126.6,130.3,135.9,141.8,149.1,154.8,159.4,163.4,166.1,168.9,172.0,175.7,178.1,179.9,185.3,192.6,193.0,195.0,198.6,200.9,205.0,209.9,215.0,222.9,229.4,230.7,234.5,242.4,245.2,247.9,259.222
WPU159301                     ,WPU159301                     ,"PPI Commodity data for Miscellaneous products-Musical instruments, not seasonally adjusted",Index base: 1982 = 100,1991-M07,2022-M01,,,,,,,,,,,,,,,,,,,,,,,,,,,,,,,,,,,,,,,,,,,,,,,,,,,,,,,,,,,,,,,,,,,130.3,135.9,141.8,149.1,154.8,159.4,163.4,166.1,168.9,172.0,175.7,178.1,179.9,185.3,192.6,193.0,195.0,198.6,200.9,205.0,209.9,215.0,222.9,229.4,230.7,234.5,242.4,245.2,247.9,259.222
WPU15930113                   ,WPU15930113                   ,"PPI Commodity data for Miscellaneous products-Nonelectronic pianos, organs, and nonelectronic piano and organ parts, excluding benches, not seasonally adjusted",Index base: 2009.12 = 100,2009-M12,2021-M13,,,,,,,,,,,,,,,,,,,,,,,,,,,,,,,,,,,,,,,,,,,,,,,,,,,,,,,,,,,,,,,,,,,,,,,,,,,,,,,,,,,,,103.5,106.9,110.6,113.3,117.5,124.7,129.1,133.3,142.0,146.7,149.6,153.064
WPU159301131                  ,WPU159301131                  ,"PPI Commodity data for Miscellaneous products-Nonelectronic pianos, not seasonally adjusted",Index base: 1985.06 = 100,1985-M06,2009-M11,,,,,,,,,,,,,,,,,,,,,,,,,,,,,,,,,,,,,,,,,,,,,,,,,,,,,,,,,,,,,103.0,105.3,110.9,119.3,125.4,133.0,137.8,141.4,150.1,159.5,164.4,172.1,179.3,182.2,187.8,192.5,199.0,202.9,206.5,212.1,214.8,221.5,229.5,,,,,,,,,,,,,
WPU159301132                  ,WPU159301132                  ,"PPI Commodity data for Miscellaneous products-Organs, not seasonally adjusted",Index base: 1985.06 = 100,1985-M06,2003-M02,,,,,,,,,,,,,,,,,,,,,,,,,,,,,,,,,,,,,,,,,,,,,,,,,,,,,,,,,,,,,102.3,104.9,106.9,,,,,118.3,119.5,122.0,124.3,126.9,129.7,131.2,137.4,144.4,164.9,,,,,,,,,,,,,,,,,,,
WPU159301133                  ,WPU159301133                  ,"PPI Commodity data for Miscellaneous products-Nonelectronic piano and organ parts, not seasonally adjusted",Index base: 1985.06 = 100,1985-M06,2009-M11,,,,,,,,,,,,,,,,,,,,,,,,,,,,,,,,,,,,,,,,,,,,,,,,,,,,,,,,,,,,,100.8,101.3,104.3,112.4,119.1,123.1,127.3,137.2,153.3,164.2,170.1,171.8,174.1,175.3,177.6,177.6,177.6,180.9,183.5,191.5,194.1,199.5,201.1,,,,,,,,,,,,,
WPU15930117                   ,WPU15930117                   ,"PPI Commodity data for Miscellaneous products-Other musical instruments and parts, not seasonally adjusted",Index base: 1985.06 = 100,1985-M06,2022-M01,,,,,,,,,,,,,,,,,,,,,,,,,,,,,,,,,,,,,,,,,,,,,,,,,,,,,,,,,,,,,105.0,108.9,114.4,120.4,125.6,130.7,133.1,139.9,144.4,151.7,158.0,162.4,166.0,169.0,170.5,172.7,174.1,175.1,176.2,180.6,188.7,187.7,188.5,191.4,192.0,195.2,199.5,204.4,211.9,216.7,216.7,219.5,225.4,227.3,229.3,240.729
WPU159301171                  ,WPU159301171                  ,"PPI Commodity data for Miscellaneous products-Other electronic musical instruments, excluding electronic organs, not seasonally adjusted",Index base: 2009.12 = 100,2009-M12,2017-M06,,,,,,,,,,,,,,,,,,,,,,,,,,,,,,,,,,,,,,,,,,,,,,,,,,,,,,,,,,,,,,,,,,,,,,,,,,,,,,,,,,,,,100.7,101.9,,,,110.7,112.9,,,,,
WPU159301172                  ,WPU159301172                  ,"PPI Commodity data for Miscellaneous products-Other nonelectronic musical instruments, not seasonally adjusted",Index base: 2009.12 = 100,2009-M12,2022-M01,,,,,,,,,,,,,,,,,,,,,,,,,,,,,,,,,,,,,,,,,,,,,,,,,,,,,,,,,,,,,,,,,,,,,,,,,,,,,,,,,,,,,100.8,103.3,106.3,108.4,112.3,114.2,112.2,112.7,116.9,118.8,119.1,123.513
WPU159301173                  ,WPU159301173                  ,"PPI Commodity data for Miscellaneous products-Other musical instrument parts & accessories, sold separately, excl. benches & instrument cases, not seasonally adjusted",Index base: 2009.12 = 100,2009-M12,2022-M01,,,,,,,,,,,,,,,,,,,,,,,,,,,,,,,,,,,,,,,,,,,,,,,,,,,,,,,,,,,,,,,,,,,,,,,,,,,,,,,,,,,,,99.9,100.2,101.6,104.5,108.4,112.9,114.9,118.0,120.3,120.4,121.5,
WPU1594                       ,WPU1594                       ,"PPI Commodity data for Miscellaneous products-Jewelry and jewelry products, not seasonally adjusted",Index base: 1982 = 100,1979-M01,2022-M01,,,,,,,,,,,,,,,,,,,,,,,,,,,,,,,,,,,,,,,,,,,,,,,,,,,,,,76.5,118.1,105.9,100.0,105.6,103.5,102.7,104.8,110.0,113.2,115.2,119.3,121.5,122.0,123.5,124.6,125.8,127.6,128.1,127.3,125.9,126.5,127.5,128.6,130.4,133.0,136.9,144.4,148.2,157.7,162.9,178.2,202.8,217.3,216.7,201.8,199.3,208.1,213.9,211.1,215.8,227.8,236.433
WPU159402                     ,WPU159402                     ,"PPI Commodity data for Miscellaneous products-Jewelry (gold and platinum) and silverware, not seasonally adjusted",Index base: 1982 = 100,1978-M12,2022-M01,,,,,,,,,,,,,,,,,,,,,,,,,,,,,,,,,,,,,,,,,,,,,,,,,,,,,,72.2,125.4,107.2,100.0,109.6,103.4,100.7,104.4,113.7,117.2,117.7,122.8,123.8,123.5,125.6,127.3,127.8,129.4,129.2,128.1,127.1,127.2,128.5,130.0,132.4,135.3,138.6,148.6,153.2,164.7,169.7,187.8,219.7,238.9,242.1,219.7,218.1,227.3,234.6,227.7,232.2,248.5,256.588
WPU15940222                   ,WPU15940222                   ,"PPI Commodity data for Miscellaneous products-Jewelry, gold and platinum, not seasonally adjusted",Index base: 2011.12 = 100,2011-M12,2022-M01,,,,,,,,,,,,,,,,,,,,,,,,,,,,,,,,,,,,,,,,,,,,,,,,,,,,,,,,,,,,,,,,,,,,,,,,,,,,,,,,,,,,,,,100.9,102.3,92.8,92.1,96.0,99.1,96.1,98.1,105.0,108.507
WPU15940231                   ,WPU15940231                   ,"PPI Commodity data for Miscellaneous products-Silverware and hollowware, precious solid or clad metal, not seasonally adjusted",Index base: 2017.12 = 100,2017-M12,2020-M11,,,,,,,,,,,,,,,,,,,,,,,,,,,,,,,,,,,,,,,,,,,,,,,,,,,,,,,,,,,,,,,,,,,,,,,,,,,,,,,,,,,,,,,,,,,,,100.6,101.9,,
WPU159404                     ,WPU159404                     ,"PPI Commodity data for Miscellaneous products-Costume jewelry and novelties, not seasonally adjusted",Index base: 1982 = 100,1978-M12,2022-M01,,,,,,,,,,,,,,,,,,,,,,,,,,,,,,,,,,,,,,,,,,,,,,,,,,,,,,81.7,87.7,94.6,100.0,102.0,105.8,113.9,115.0,114.5,117.1,122.2,125.3,129.4,132.1,133.2,134.1,135.1,136.9,139.9,139.6,140.1,141.6,144.0,144.2,144.9,147.9,153.5,154.2,156.7,159.6,158.7,158.8,161.6,164.8,169.8,172.8,177.0,179.5,181.8,188.0,195.7,203.4,210.057
WPU15940415                   ,WPU15940415                   ,"PPI Commodity data for Miscellaneous products-Costume jewelry and novelties, not seasonally adjusted",Index base: 2003.12 = 100,2003-M12,2022-M01,,,,,,,,,,,,,,,,,,,,,,,,,,,,,,,,,,,,,,,,,,,,,,,,,,,,,,,,,,,,,,,,,,,,,,,,,,,,,,,101.7,105.6,106.1,107.8,109.7,109.1,109.2,111.1,113.3,116.8,118.8,121.7,123.5,125.0,129.3,134.6,139.9,144.459
WPU159407                     ,WPU159407                     ,"PPI Commodity data for Miscellaneous products-All other jewelry and personal goods (excluding costume), not seasonally adjusted",Index base: 2007.06 = 100,2007-M06,2022-M01,,,,,,,,,,,,,,,,,,,,,,,,,,,,,,,,,,,,,,,,,,,,,,,,,,,,,,,,,,,,,,,,,,,,,,,,,,,,,,,,,,,101.2,104.4,109.9,123.2,134.0,126.4,120.7,115.5,120.7,122.8,124.0,126.5,131.3,141.075
WPU15940714                   ,WPU15940714                   ,"PPI Commodity data for Miscellaneous products-All other jewelry and personal goods (excluding costume), not seasonally adjusted",Index base: 2007.06 = 100,2007-M06,2022-M01,,,,,,,,,,,,,,,,,,,,,,,,,,,,,,,,,,,,,,,,,,,,,,,,,,,,,,,,,,,,,,,,,,,,,,,,,,,,,,,,,,,101.2,104.4,109.9,123.2,134.0,126.4,120.7,115.5,120.7,122.8,124.0,126.5,131.3,141.075
WPU159408                     ,WPU159408                     ,"PPI Commodity data for Miscellaneous products-Jewelers' material and lapidary work, not seasonally adjusted",Index base: 2008.12 = 100,2008-M12,2022-M01,,,,,,,,,,,,,,,,,,,,,,,,,,,,,,,,,,,,,,,,,,,,,,,,,,,,,,,,,,,,,,,,,,,,,,,,,,,,,,,,,,,,111.5,127.2,142.4,147.4,142.2,138.4,135.0,143.9,147.7,148.0,150.4,155.6,159.452
WPU15940811                   ,WPU15940811                   ,"PPI Commodity data for Miscellaneous products-Jewelers' findings and materials, precious metal, not seasonally adjusted",Index base: 2008.12 = 100,2008-M12,2021-M07,,,,,,,,,,,,,,,,,,,,,,,,,,,,,,,,,,,,,,,,,,,,,,,,,,,,,,,,,,,,,,,,,,,,,,,,,,,,,,,,,,,,,141.2,163.2,,,,,,,156.4,169.9,190.3,
WPU1595                       ,WPU1595                       ,"PPI Commodity data for Miscellaneous products-Pens, pencils, and marking devices, not seasonally adjusted",Index base: 1982 = 100,1947-M01,2022-M01,,,,,,,,,,,,,,,,,,,,,,49.0,48.7,47.2,47.7,49.6,49.5,48.7,49.9,51.1,52.2,53.5,53.3,53.3,53.3,54.4,53.7,53.5,53.1,53.9,55.9,56.1,56.1,53.3,57.4,58.4,58.5,59.0,61.0,64.4,67.4,71.8,76.0,84.6,95.1,101.1,100.0,91.3,97.6,101.2,106.0,108.4,112.1,115.5,120.3,125.3,129.8,131.6,134.7,139.7,145.9,147.8,148.9,149.4,150.2,152.4,154.6,155.2,156.5,159.8,160.4,164.0,166.9,168.9,169.0,170.5,172.4,175.6,177.4,180.9,184.3,185.8,189.1,192.2,194.1,198.339
WPU159502                     ,WPU159502                     ,"PPI Commodity data for Miscellaneous products-Pens, markers, mechanical pencils, and associated parts, not seasonally adjusted",Index base: 1985.12 = 100,1985-M12,2022-M01,,,,,,,,,,,,,,,,,,,,,,,,,,,,,,,,,,,,,,,,,,,,,,,,,,,,,,,,,,,,,101.7,103.1,107.2,110.3,114.7,120.6,124.3,125.6,130.2,137.8,146.7,148.3,149.4,149.6,150.9,152.9,154.4,155.4,156.7,162.2,165.5,171.0,170.3,170.0,171.3,172.3,175.8,177.3,177.7,181.6,184.8,186.3,188.2,193.2,194.5,196.26
WPU15950210                   ,WPU15950210                   ,"PPI Commodity data for Miscellaneous products-Pens, markers, mechanical pencils, and associated parts, not seasonally adjusted",Index base: 1985.12 = 100,1985-M12,2022-M01,,,,,,,,,,,,,,,,,,,,,,,,,,,,,,,,,,,,,,,,,,,,,,,,,,,,,,,,,,,,,101.7,103.1,107.2,110.3,114.7,120.6,124.3,125.6,130.2,137.8,146.7,148.3,149.4,149.6,150.9,152.9,154.4,155.4,156.7,162.2,165.5,171.0,170.3,170.0,171.3,172.3,175.8,177.3,177.7,181.6,184.8,186.3,188.2,193.2,194.5,196.26
WPU159503                     ,WPU159503                     ,"PPI Commodity data for Miscellaneous products-Lead pencils, art goods, office supplies and small office equipment, excluding paper, not seasonally adjusted",Index base: 1985.12 = 100,1985-M12,2022-M01,,,,,,,,,,,,,,,,,,,,,,,,,,,,,,,,,,,,,,,,,,,,,,,,,,,,,,,,,,,,,101.1,102.2,106.4,109.1,116.0,120.8,127.9,130.6,131.7,134.7,135.4,136.7,137.7,139.5,140.4,143.1,144.6,143.8,144.7,145.2,141.8,143.2,148.6,,149.8,150.9,151.7,155.5,158.4,161.8,165.8,167.4,171.4,174.0,175.7,181.035
WPU15950307                   ,WPU15950307                   ,"PPI Commodity data for Miscellaneous products-Lead pencils, art goods, office supplies and small office equipment, excluding paper, not seasonally adjusted",Index base: 1985.12 = 100,1985-M12,2022-M01,,,,,,,,,,,,,,,,,,,,,,,,,,,,,,,,,,,,,,,,,,,,,,,,,,,,,,,,,,,,,101.1,102.2,106.4,109.1,116.0,120.8,127.9,130.6,131.7,134.7,135.4,136.7,137.7,139.5,140.4,143.1,144.6,143.8,144.7,145.2,141.8,143.2,148.6,,149.8,150.9,151.7,155.5,158.4,161.8,165.8,167.4,171.4,174.0,175.7,181.035
WPU159504                     ,WPU159504                     ,"PPI Commodity data for Miscellaneous products-Marking devices, not seasonally adjusted",Index base: 1985.12 = 100,1985-M12,2022-M01,,,,,,,,,,,,,,,,,,,,,,,,,,,,,,,,,,,,,,,,,,,,,,,,,,,,,,,,,,,,,101.2,106.2,107.8,112.0,114.5,117.0,119.4,121.1,122.5,123.4,128.6,131.3,132.2,131.9,131.6,133.2,137.3,138.4,139.9,142.2,143.6,145.2,149.8,154.2,154.8,157.4,159.9,162.9,163.7,165.8,167.2,167.5,170.0,171.2,173.5,177.36
WPU15950406                   ,WPU15950406                   ,"PPI Commodity data for Miscellaneous products-Marking devices, not seasonally adjusted",Index base: 2005.12 = 100,2005-M12,2022-M01,,,,,,,,,,,,,,,,,,,,,,,,,,,,,,,,,,,,,,,,,,,,,,,,,,,,,,,,,,,,,,,,,,,,,,,,,,,,,,,,,100.7,101.8,105.0,108.1,108.5,110.3,112.1,114.2,114.8,116.3,117.2,117.4,119.2,120.1,121.7,124.354
WPU1596                       ,WPU1596                       ,"PPI Commodity data for Miscellaneous products-Watches, clocks, watchcases, and parts, not seasonally adjusted",Index base: 1982 = 100,1947-M01,2021-M13,,,,,,,,,,,,,,,,,,,,,,45.1,46.1,45.5,45.7,47.5,47.5,48.8,49.4,49.9,51.2,51.4,52.1,52.2,52.9,52.9,52.6,51.7,50.5,49.8,50.3,52.8,54.1,56.5,56.8,55.8,56.8,60.4,66.0,71.7,72.6,74.1,77.4,84.9,93.3,101.2,100.0,104.9,107.1,108.1,106.6,108.4,110.1,111.9,113.7,116.8,117.5,118.1,119.2,121.5,121.3,118.2,117.9,118.8,120.4,121.7,122.9,124.3,128.8,131.1,131.0,132.2,136.3,140.2,142.1,143.4,145.5,149.3,150.3,151.8,154.0,155.3,155.3,156.8,156.8,156.765
WPU159603                     ,WPU159603                     ,"PPI Commodity data for Miscellaneous products-Watches, clocks, watchcases, and parts, not seasonally adjusted",Index base: 2001.06 = 100,2001-M06,2021-M13,,,,,,,,,,,,,,,,,,,,,,,,,,,,,,,,,,,,,,,,,,,,,,,,,,,,,,,,,,,,,,,,,,,,,,,,,,,,,100.9,102.1,105.7,107.6,107.5,108.5,111.9,115.1,116.6,117.7,119.5,122.5,123.4,124.6,126.4,127.5,127.5,128.7,128.7,128.69
WPU15960313                   ,WPU15960313                   ,"PPI Commodity data for Miscellaneous products-Watches, clocks, watchcases, and parts, not seasonally adjusted",Index base: 2004.06 = 100,2004-M06,2021-M13,,,,,,,,,,,,,,,,,,,,,,,,,,,,,,,,,,,,,,,,,,,,,,,,,,,,,,,,,,,,,,,,,,,,,,,,,,,,,,,,100.9,100.8,101.8,104.9,107.9,109.4,110.4,112.0,114.9,115.7,116.8,118.5,119.6,119.6,120.7,120.7,120.666
WPU1597                       ,WPU1597                       ,"PPI Commodity data for Miscellaneous products-Brooms and brushes, not seasonally adjusted",Index base: 1982 = 100,1947-M01,2022-M01,,,,,,,,,,,,,,,,,,,,,,31.2,30.7,34.2,34.1,39.1,39.2,39.4,39.2,39.5,40.4,40.9,42.2,42.4,42.7,43.5,43.9,44.0,44.5,44.1,44.5,45.6,46.6,47.9,49.6,50.6,51.5,52.8,58.8,64.8,67.6,71.1,75.5,80.1,87.8,95.9,100.0,101.3,102.5,104.3,105.4,107.2,111.2,115.1,117.1,120.5,122.8,126.2,129.2,134.7,140.2,143.4,144.4,145.6,147.4,148.6,150.7,152.8,154.1,158.0,164.9,166.7,171.2,176.9,180.8,183.7,185.0,186.6,189.1,191.3,191.9,193.3,194.9,200.3,201.9,205.733
WPU159705                     ,WPU159705                     ,"PPI Commodity data for Miscellaneous products-Brooms, brushes and mops, not seasonally adjusted",Index base: 1985.12 = 100,1991-M07,2022-M01,,,,,,,,,,,,,,,,,,,,,,,,,,,,,,,,,,,,,,,,,,,,,,,,,,,,,,,,,,,,,,,,,,,117.5,120.9,123.7,129.0,134.2,137.3,138.2,139.4,141.1,142.3,144.3,146.3,147.5,151.3,157.8,159.6,163.9,169.4,173.1,175.8,177.1,178.6,181.1,183.2,183.7,185.1,186.6,191.7,193.3,196.954
WPU15970501                   ,WPU15970501                   ,"PPI Commodity data for Miscellaneous products-Brooms, mops, and dusters, not seasonally adjusted",Index base: 1985.12 = 100,1985-M12,2022-M01,,,,,,,,,,,,,,,,,,,,,,,,,,,,,,,,,,,,,,,,,,,,,,,,,,,,,,,,,,,,,100.8,101.5,104.0,107.7,109.5,112.7,114.0,116.2,123.4,132.4,140.3,144.2,145.7,146.4,146.1,147.6,150.3,151.4,156.6,163.6,169.2,173.2,181.3,183.5,185.7,187.2,187.8,190.5,194.7,199.4,200.4,201.4,202.3,216.4,219.3,226.277
WPU159705011                  ,WPU159705011                  ,"PPI Commodity data for Miscellaneous products-Brooms, not seasonally adjusted",Index base: 2011.12 = 100,2011-M12,2022-M01,,,,,,,,,,,,,,,,,,,,,,,,,,,,,,,,,,,,,,,,,,,,,,,,,,,,,,,,,,,,,,,,,,,,,,,,,,,,,,,,,,,,,,,101.1,102.2,103.9,108.0,109.5,109.8,110.7,118.2,120.0,124.511
WPU159705012                  ,WPU159705012                  ,"PPI Commodity data for Miscellaneous products-Mops and dusters, including refills, not seasonally adjusted",Index base: 2011.12 = 100,2011-M12,2022-M01,,,,,,,,,,,,,,,,,,,,,,,,,,,,,,,,,,,,,,,,,,,,,,,,,,,,,,,,,,,,,,,,,,,,,,,,,,,,,,,,,,,,,,,,101.4,,105.3,105.2,105.8,105.9,113.5,114.8,117.765
WPU15970502                   ,WPU15970502                   ,"PPI Commodity data for Miscellaneous products-Paint and varnish brushes and rollers, not seasonally adjusted",Index base: 1985.12 = 100,1985-M12,2022-M01,,,,,,,,,,,,,,,,,,,,,,,,,,,,,,,,,,,,,,,,,,,,,,,,,,,,,,,,,,,,,100.0,101.1,106.2,110.5,112.5,113.7,116.0,122.1,123.4,127.6,130.3,131.2,131.3,131.4,135.8,136.0,136.0,136.1,136.7,143.4,150.1,149.3,148.8,157.2,157.6,157.6,157.3,154.9,,154.8,154.9,155.7,156.7,160.1,162.7,164.145
WPU159705021                  ,WPU159705021                  ,"PPI Commodity data for Miscellaneous products-Paint and varnish brushes, not seasonally adjusted",Index base: 2011.12 = 100,2011-M12,2022-M01,,,,,,,,,,,,,,,,,,,,,,,,,,,,,,,,,,,,,,,,,,,,,,,,,,,,,,,,,,,,,,,,,,,,,,,,,,,,,,,,,,,,,,,,,,100.6,100.7,101.8,103.8,104.3,106.7,107.556
WPU159705022                  ,WPU159705022                  ,"PPI Commodity data for Miscellaneous products-Paint holders, pads, roller frames, and rollers, not seasonally adjusted",Index base: 2011.12 = 100,2011-M12,2022-M01,,,,,,,,,,,,,,,,,,,,,,,,,,,,,,,,,,,,,,,,,,,,,,,,,,,,,,,,,,,,,,,,,,,,,,,,,,,,,,,,,,,,,,,,,,,,95.7,94.9,98.0,99.1,100.088
WPU15970503                   ,WPU15970503                   ,"PPI Commodity data for Miscellaneous products-Other brushes, excl. paint and varnish brushes, not seasonally adjusted",Index base: 1985.12 = 100,1985-M12,2022-M01,,,,,,,,,,,,,,,,,,,,,,,,,,,,,,,,,,,,,,,,,,,,,,,,,,,,,,,,,,,,,101.5,103.9,107.4,111.0,112.8,117.4,119.8,121.8,124.2,129.1,135.0,139.3,140.5,142.3,143.1,144.7,147.5,150.9,151.2,152.0,159.2,161.2,166.4,171.9,178.5,183.8,186.6,190.2,192.8,194.7,195.3,197.4,200.2,202.2,203.0,206.032
WPU159705031                  ,WPU159705031                  ,"PPI Commodity data for Miscellaneous products-Personal brushes, not seasonally adjusted",Index base: 2011.12 = 100,2011-M12,2022-M01,,,,,,,,,,,,,,,,,,,,,,,,,,,,,,,,,,,,,,,,,,,,,,,,,,,,,,,,,,,,,,,,,,,,,,,,,,,,,,,,,,,,,,,100.6,102.1,,103.6,103.4,102.7,102.4,102.4,102.4,103.197
WPU159705032                  ,WPU159705032                  ,"PPI Commodity data for Miscellaneous products-Brushes, other than personal, not seasonally adjusted",Index base: 2011.12 = 100,2011-M12,2022-M01,,,,,,,,,,,,,,,,,,,,,,,,,,,,,,,,,,,,,,,,,,,,,,,,,,,,,,,,,,,,,,,,,,,,,,,,,,,,,,,,,,,,,,,100.8,103.0,104.5,106.0,106.7,109.0,112.1,114.7,115.8,118.665
WPU159A                       ,WPU159A                       ,"PPI Commodity data for Miscellaneous products-Miscellaneous products, n.e.c., not seasonally adjusted",Index base: 1985.12 = 100,1985-M12,2022-M01,,,,,,,,,,,,,,,,,,,,,,,,,,,,,,,,,,,,,,,,,,,,,,,,,,,,,,,,,,,,,101.4,104.0,107.0,110.2,114.3,116.0,118.2,122.8,124.9,131.9,130.3,130.3,132.0,133.3,135.2,138.1,138.9,140.1,142.6,147.7,150.1,155.2,159.3,156.5,159.3,162.6,162.3,163.2,164.9,165.2,164.4,169.0,173.0,189.7,190.4,204.788
WPU159A01                     ,WPU159A01                     ,"PPI Commodity data for Miscellaneous products-Candles, not seasonally adjusted",Index base: 1985.12 = 100,1985-M12,2022-M01,,,,,,,,,,,,,,,,,,,,,,,,,,,,,,,,,,,,,,,,,,,,,,,,,,,,,,,,,,,,,102.0,103.4,106.1,111.6,117.0,125.6,127.5,128.1,129.2,129.3,129.4,129.9,131.7,133.4,135.8,137.5,137.2,138.0,140.6,144.4,148.5,151.1,158.8,161.0,167.2,174.3,178.5,180.1,181.2,183.8,184.9,185.0,181.8,182.9,183.3,184.601
WPU159A0101                   ,WPU159A0101                   ,"PPI Commodity data for Miscellaneous products-Candles, not seasonally adjusted",Index base: 1985.12 = 100,1991-M07,2022-M01,,,,,,,,,,,,,,,,,,,,,,,,,,,,,,,,,,,,,,,,,,,,,,,,,,,,,,,,,,,,,,,,,,,127.5,128.1,129.2,129.3,129.4,129.9,131.7,133.4,135.8,137.5,137.2,138.0,140.6,144.4,148.5,151.1,158.8,161.0,167.2,174.3,178.5,180.1,181.2,183.8,184.9,185.0,181.8,182.9,183.3,184.601
WPU159A04                     ,WPU159A04                     ,"PPI Commodity data for Miscellaneous products-Signs and advertising displays, not seasonally adjusted",Index base: 1985.12 = 100,1985-M12,2022-M01,,,,,,,,,,,,,,,,,,,,,,,,,,,,,,,,,,,,,,,,,,,,,,,,,,,,,,,,,,,,,101.3,102.9,106.2,108.8,111.7,114.5,117.4,122.8,125.5,128.6,130.9,132.7,134.6,136.8,138.5,142.8,143.3,142.7,143.5,147.2,150.9,153.8,155.7,156.0,156.5,157.2,159.0,161.3,163.7,164.1,164.3,170.7,175.3,177.6,180.6,188.297
WPU159A0402                   ,WPU159A0402                   ,"PPI Commodity data for Miscellaneous products-Non-electric signs and displays, not seasonally adjusted",Index base: 1985.12 = 100,1985-M12,2022-M01,,,,,,,,,,,,,,,,,,,,,,,,,,,,,,,,,,,,,,,,,,,,,,,,,,,,,,,,,,,,,101.4,103.1,106.8,109.7,110.9,114.0,116.6,123.3,127.1,129.6,131.7,133.8,134.0,136.4,140.2,148.1,150.2,148.7,150.8,158.8,160.6,163.6,165.7,169.1,171.5,173.1,176.6,177.7,180.1,181.8,183.0,194.6,198.0,203.8,207.8,219.486
WPU159A0404                   ,WPU159A0404                   ,"PPI Commodity data for Miscellaneous products-Electric signs and displays, not seasonally adjusted",Index base: 1985.12 = 100,1985-M12,2022-M01,,,,,,,,,,,,,,,,,,,,,,,,,,,,,,,,,,,,,,,,,,,,,,,,,,,,,,,,,,,,,101.6,102.8,105.6,107.4,112.3,115.7,118.1,123.0,125.0,129.7,132.2,134.3,138.2,138.9,138.7,140.4,141.3,141.2,142.2,146.7,153.4,157.2,158.2,153.4,152.8,152.9,152.5,156.3,159.1,157.8,156.8,,163.4,162.2,164.5,168.528
WPU159A09                     ,WPU159A09                     ,"PPI Commodity data for Miscellaneous products-All other miscellaneous fabricated products and recyclable materials, not seasonally adjusted",Index base: 1985.12 = 100,1985-M12,2022-M01,,,,,,,,,,,,,,,,,,,,,,,,,,,,,,,,,,,,,,,,,,,,,,,,,,,,,,,,,,,,,101.7,107.5,110.0,113.6,118.9,118.4,119.3,124.1,125.7,139.0,130.7,127.8,129.3,129.4,131.4,132.5,133.9,139.2,145.2,152.9,152.1,159.4,165.0,158.8,163.3,168.2,165.4,164.9,165.6,165.4,163.6,166.9,172.7,213.8,211.2,238.936
WPU159A0901                   ,WPU159A0901                   ,"PPI Commodity data for Miscellaneous products-Other miscellaneous fabricated products, not seasonally adjusted",Index base: 1985.12 = 100,1991-M07,2022-M01,,,,,,,,,,,,,,,,,,,,,,,,,,,,,,,,,,,,,,,,,,,,,,,,,,,,,,,,,,,,,,,,,,,122.2,124.9,126.4,129.9,129.1,128.5,128.7,131.3,131.2,131.7,133.2,134.6,136.2,140.2,144.3,148.2,150.7,153.7,154.4,156.5,158.3,161.7,162.8,162.4,162.5,163.3,170.9,229.0,229.6,237.303
WPU159A09011                  ,WPU159A09011                  ,"PPI Commodity data for Miscellaneous products-Fire extinguishers, not seasonally adjusted",Index base: 1982 = 100,1991-M07,2011-M13,,,,,,,,,,,,,,,,,,,,,,,,,,,,,,,,,,,,,,,,,,,,,,,,,,,,,,,,,,,,,,,,,,,115.8,122.6,130.7,134.7,137.3,138.0,138.0,140.2,144.3,149.5,155.5,160.5,164.8,171.2,186.2,197.3,229.4,,249.0,257.3,,,,,,,,,,
WPU159A0904                   ,WPU159A0904                   ,"PPI Commodity data for Miscellaneous products-Other recyclable materials, not seasonally adjusted",Index base: 2011.12 = 100,2011-M12,2018-M05,,,,,,,,,,,,,,,,,,,,,,,,,,,,,,,,,,,,,,,,,,,,,,,,,,,,,,,,,,,,,,,,,,,,,,,,,,,,,,,,,,,,,,,93.8,,,89.8,81.2,93.4,,,,
WPU159D                       ,WPU159D                       ,"PPI Commodity data for Miscellaneous products-Reproduction of audio and video media and software, not seasonally adjusted",Index base: 2003.12 = 100,2003-M12,2022-M01,,,,,,,,,,,,,,,,,,,,,,,,,,,,,,,,,,,,,,,,,,,,,,,,,,,,,,,,,,,,,,,,,,,,,,,,,,,,,,,98.0,98.3,95.6,94.0,95.8,95.3,91.3,91.6,92.0,93.3,93.5,92.8,92.7,92.8,92.8,94.7,98.0,102.488
WPU159D01                     ,WPU159D01                     ,"PPI Commodity data for Miscellaneous products-Reproduction of audio and video media and software, not seasonally adjusted",Index base: 2003.12 = 100,2003-M12,2022-M01,,,,,,,,,,,,,,,,,,,,,,,,,,,,,,,,,,,,,,,,,,,,,,,,,,,,,,,,,,,,,,,,,,,,,,,,,,,,,,,98.0,98.3,95.6,94.0,95.8,95.3,91.3,91.6,92.0,93.3,93.5,92.8,92.7,92.8,92.8,94.7,98.0,102.488
WPU159D0102                   ,WPU159D0102                   ,"PPI Commodity data for Miscellaneous products-Audio and video media reproduction, not seasonally adjusted",Index base: 2003.12 = 100,2003-M12,2021-M05,,,,,,,,,,,,,,,,,,,,,,,,,,,,,,,,,,,,,,,,,,,,,,,,,,,,,,,,,,,,,,,,,,,,,,,,,,,,,,,97.6,98.5,96.7,94.8,96.8,96.4,92.0,92.3,92.7,94.1,94.3,93.6,93.4,93.6,93.6,93.6,94.8,
WPU159D0103                   ,WPU159D0103                   ,"PPI Commodity data for Miscellaneous products-Magnetic and optical recording media, not seasonally adjusted",Index base: 1982 = 100,1969-M01,2018-M08,,,,,,,,,,,,,,,,,,,,,,,,,,,,,,,,,,,,,,,,,,,,70.7,69.3,66.9,60.5,58.9,63.4,71.9,77.4,79.7,85.4,84.4,90.4,96.8,,,,,93.9,87.4,83.3,83.1,81.3,78.9,77.1,73.9,68.8,66.0,64.2,63.7,63.4,62.9,60.6,59.0,58.7,57.7,56.2,55.6,55.7,53.6,55.1,54.4,52.3,,49.6,49.8,50.3,49.9,,,,,,
