index,Index,Label,unit,start,last,1939,1940,1941,1942,1943,1944,1945,1946,1947,1948,1949,1950,1951,1952,1953,1954,1955,1956,1957,1958,1959,1960,1961,1962,1963,1964,1965,1966,1967,1968,1969,1970,1971,1972,1973,1974,1975,1976,1977,1978,1979,1980,1981,1982,1983,1984,1985,1986,1987,1988,1989,1990,1991,1992,1993,1994,1995,1996,1997,1998,1999,2000,2001,2002,2003,2004,2005,2006,2007,2008,2009,2010,2011,2012,2013,2014,2015,2016,2017,2018,2019,2020,2021
WPU114                        ,WPU114                        ,"PPI Commodity data for Machinery and equipment-General purpose machinery and equipment, not seasonally adjusted",Index base: 1982 = 100,1939-M01,2022-M04,13.3,13.3,13.6,13.7,13.4,13.4,13.4,14.4,16.7,18.2,19.2,19.9,22.2,22.0,22.6,23.1,24.1,26.5,28.4,28.8,29.7,30.0,29.8,29.9,30.1,30.2,30.4,31.8,32.9,34.0,35.2,37.4,39.2,40.3,41.8,49.7,58.7,62.4,66.4,71.2,77.8,87.0,95.0,100.0,101.4,103.3,105.7,107.2,108.3,112.8,119.0,123.7,127.8,129.9,132.2,134.8,139.1,142.5,145.0,147.2,149.3,150.7,152.7,154.2,155.6,160.1,168.6,175.5,183.8,193.2,199.2,200.6,207.6,213.9,218.3,222.8,225.8,228.0,231.6,239.2,247.1,251.0,265.493
WPU1141                       ,WPU1141                       ,"PPI Commodity data for Machinery and equipment-Pumps, compressors, and equipment, not seasonally adjusted",Index base: 1982 = 100,1947-M01,2022-M04,,,,,,,,,12.3,13.4,14.4,14.6,16.5,16.5,17.2,17.6,18.3,20.3,21.8,22.7,24.0,23.9,23.7,23.6,23.8,24.5,26.0,27.6,28.8,30.1,31.6,33.0,35.0,35.7,36.7,44.1,53.9,57.0,60.9,65.7,71.7,82.8,93.4,100.0,100.0,100.7,102.6,104.1,105.2,108.9,115.0,119.2,124.6,129.1,132.8,135.2,139.4,143.5,146.5,149.0,151.7,154.1,157.6,161.0,162.9,167.5,178.5,186.0,195.0,205.4,212.6,215.1,223.4,230.0,235.2,240.5,244.8,247.1,251.5,259.9,266.4,269.8,280.93
WPU114102                     ,WPU114102                     ,"PPI Commodity data for Machinery and equipment-Industrial pumps, except hydraulic fluid power pumps, not seasonally adjusted",Index base: 1982 = 100,1971-M01,2022-M04,,,,,,,,,,,,,,,,,,,,,,,,,,,,,,,,,33.5,34.4,35.9,44.6,53.2,55.8,59.7,64.5,70.2,82.1,94.1,100.0,99.8,100.4,102.3,103.3,105.2,110.4,118.5,123.7,129.8,134.9,139.4,142.3,146.7,150.2,154.9,159.3,161.4,163.8,168.2,172.4,174.2,179.2,188.4,196.8,209.1,220.3,226.4,228.0,228.4,232.8,231.4,236.0,240.3,243.6,248.3,257.1,268.9,272.7,287.438
WPU11410212                   ,WPU11410212                   ,"PPI Commodity data for Machinery and equipment-Industrial pumps, except hydraulic fluid power pumps, not seasonally adjusted",Index base: 1997.12 = 100,1997-M12,2022-M04,,,,,,,,,,,,,,,,,,,,,,,,,,,,,,,,,,,,,,,,,,,,,,,,,,,,,,,,,,,,101.6,103.0,104.5,107.3,110.0,111.2,114.4,120.2,125.6,133.4,140.5,144.5,145.5,145.8,148.5,147.7,150.6,153.3,155.5,158.4,164.1,171.6,174.0,183.399
WPU114107                     ,WPU114107                     ,"PPI Commodity data for Machinery and equipment-Parts and attachments for air and gas compressors and vacuum pumps, not seasonally adjusted",Index base: 1984.06 = 100,1984-M06,2022-M04,,,,,,,,,,,,,,,,,,,,,,,,,,,,,,,,,,,,,,,,,,,,,,,101.1,102.1,103.4,105.6,109.7,112.6,114.5,116.4,118.2,119.0,119.3,125.0,126.3,127.5,133.6,139.1,141.8,144.4,147.1,154.5,163.6,170.7,180.8,197.3,206.1,211.9,224.2,228.2,234.4,245.8,249.6,258.1,262.7,272.2,256.0,262.8,
WPU11410701                   ,WPU11410701                   ,"PPI Commodity data for Machinery and equipment-Parts and attachments for air and gas compressors, ex. refrigeration, ice making, & a/c, not seasonally adjusted",Index base: 1984.06 = 100,1984-M06,2022-M04,,,,,,,,,,,,,,,,,,,,,,,,,,,,,,,,,,,,,,,,,,,,,,,101.1,102.1,103.4,105.6,109.7,112.6,114.5,116.4,118.2,119.0,119.3,125.0,126.3,127.5,133.6,139.1,141.8,144.4,147.1,154.5,163.6,170.7,180.8,197.3,206.1,211.9,224.2,228.2,234.4,245.8,249.6,258.1,262.7,272.2,,,
WPU114108                     ,WPU114108                     ,"PPI Commodity data for Machinery and equipment-Industrial spraying equipment, not seasonally adjusted",Index base: 1984.06 = 100,1986-M10,2021-M08,,,,,,,,,,,,,,,,,,,,,,,,,,,,,,,,,,,,,,,,,,,,,,,,,108.7,109.4,110.1,111.7,113.2,114.3,117.8,118.4,121.0,122.0,123.6,125.4,125.7,129.1,135.9,145.6,147.6,149.2,155.5,158.6,160.4,166.1,167.6,167.7,173.9,178.8,179.0,180.2,176.4,181.7,185.0,187.4,186.8,,
WPU11410801                   ,WPU11410801                   ,"PPI Commodity data for Machinery and equipment-Industrial spraying equipment, not seasonally adjusted",Index base: 1984.06 = 100,1984-M12,2021-M08,,,,,,,,,,,,,,,,,,,,,,,,,,,,,,,,,,,,,,,,,,,,,,,105.3,108.3,108.7,109.4,110.1,111.7,113.2,114.3,117.8,118.4,121.0,122.0,123.6,125.4,125.7,129.1,135.9,145.6,147.6,149.2,155.5,158.6,160.4,166.1,167.6,167.7,173.9,178.8,179.0,180.2,176.4,181.7,185.0,187.4,186.8,,
WPU114109                     ,WPU114109                     ,"PPI Commodity data for Machinery and equipment-Measuring and dispensing pumps and parts and attachments, not seasonally adjusted",Index base: 1984.06 = 100,1984-M06,2022-M03,,,,,,,,,,,,,,,,,,,,,,,,,,,,,,,,,,,,,,,,,,,,,,,102.9,105.5,105.8,107.5,110.4,114.8,117.6,120.0,122.3,125.9,130.4,132.4,136.1,136.4,137.8,138.2,140.6,143.7,146.8,147.5,155.3,158.6,165.7,174.0,179.2,183.1,190.2,196.3,205.1,207.8,213.6,216.3,219.8,,,241.4,
WPU11410906                   ,WPU11410906                   ,"PPI Commodity data for Machinery and equipment-Measuring and dispensing pumps and parts and attachments, not seasonally adjusted",Index base: 2003.12 = 100,2003-M12,2022-M03,,,,,,,,,,,,,,,,,,,,,,,,,,,,,,,,,,,,,,,,,,,,,,,,,,,,,,,,,,,,,,,,,,,,,,,,,,134.0,140.0,141.9,145.8,147.7,150.0,,,164.8,
WPU114113                     ,WPU114113                     ,"PPI Commodity data for Machinery and equipment-Domestic water systems, not seasonally adjusted",Index base: 2003.12 = 100,2003-M12,2022-M04,,,,,,,,,,,,,,,,,,,,,,,,,,,,,,,,,,,,,,,,,,,,,,,,,,,,,,,,,,,,,,,,,,104.6,114.2,119.1,123.5,128.3,130.0,132.4,137.3,141.8,145.6,149.9,155.3,157.4,160.9,163.9,170.9,176.0,183.317
WPU11411311                   ,WPU11411311                   ,"PPI Commodity data for Machinery and equipment-Domestic water systems, not seasonally adjusted",Index base: 2003.12 = 100,2003-M12,2022-M04,,,,,,,,,,,,,,,,,,,,,,,,,,,,,,,,,,,,,,,,,,,,,,,,,,,,,,,,,,,,,,,,,,104.6,114.2,119.1,123.5,128.3,130.0,132.4,137.3,141.8,145.6,149.9,155.3,157.4,160.9,163.9,170.9,176.0,183.317
WPU114115                     ,WPU114115                     ,"PPI Commodity data for Machinery and equipment-Air and gas compressors and vacuum pumps, not seasonally adjusted",Index base: 2005.06 = 100,2005-M06,2022-M04,,,,,,,,,,,,,,,,,,,,,,,,,,,,,,,,,,,,,,,,,,,,,,,,,,,,,,,,,,,,,,,,,,,,103.8,107.8,114.3,120.1,120.9,129.9,134.2,139.8,143.1,145.4,144.8,147.5,154.1,162.0,166.3,175.152
WPU11411501                   ,WPU11411501                   ,"PPI Commodity data for Machinery and equipment-Air and gas compressors and vacuum pumps, not seasonally adjusted",Index base: 2005.06 = 100,2005-M06,2022-M04,,,,,,,,,,,,,,,,,,,,,,,,,,,,,,,,,,,,,,,,,,,,,,,,,,,,,,,,,,,,,,,,,,,,103.8,107.8,114.3,120.1,120.9,129.9,134.2,139.8,143.1,145.4,144.8,147.5,154.1,162.0,166.3,175.152
WPU114119                     ,WPU114119                     ,"PPI Commodity data for Machinery and equipment-Other pumps, including parts and attachments, not seasonally adjusted",Index base: 1983.12 = 100,1983-M12,2022-M04,,,,,,,,,,,,,,,,,,,,,,,,,,,,,,,,,,,,,,,,,,,,,,101.4,105.0,106.6,107.1,110.8,116.3,120.7,126.9,132.8,136.7,139.0,147.6,156.0,158.8,161.2,165.8,169.1,172.8,175.5,178.1,184.9,198.4,211.5,223.7,234.6,244.1,247.7,256.9,266.1,271.5,277.7,284.1,287.4,292.1,300.1,300.7,295.1,302.313
WPU11411911                   ,WPU11411911                   ,"PPI Commodity data for Machinery and equipment-Parts and attachments for pumps, not seasonally adjusted",Index base: 1983.12 = 100,1983-M12,2022-M04,,,,,,,,,,,,,,,,,,,,,,,,,,,,,,,,,,,,,,,,,,,,,,101.4,105.0,106.6,106.9,110.6,116.4,120.8,127.2,133.3,137.0,139.2,150.4,160.9,164.2,167.8,173.2,178.3,182.3,186.5,189.8,200.7,219.3,233.5,250.7,264.8,270.3,273.6,285.0,294.7,303.6,312.4,319.2,326.3,333.8,336.3,343.8,347.2,359.573
WPU11411915                   ,WPU11411915                   ,"PPI Commodity data for Machinery and equipment-All other pumps, including domestic sump, oil well, and oil field pumps, not seasonally adjusted",Index base: 1997.12 = 100,1997-M12,2022-M04,,,,,,,,,,,,,,,,,,,,,,,,,,,,,,,,,,,,,,,,,,,,,,,,,,,,,,,,,,,,100.3,102.5,103.0,105.0,105.4,106.4,107.3,111.6,119.2,124.8,130.1,137.4,139.7,144.5,149.9,152.3,155.4,159.0,160.2,162.4,168.3,167.1,161.8,164.882
WPU114119151                  ,WPU114119151                  ,"PPI Commodity data for Machinery and equipment-Domestic sump pumps, not seasonally adjusted",Index base: 2009.12 = 100,2009-M12,2021-M11,,,,,,,,,,,,,,,,,,,,,,,,,,,,,,,,,,,,,,,,,,,,,,,,,,,,,,,,,,,,,,,,,,,,,,,,100.9,103.0,107.6,111.0,114.5,119.7,122.5,125.1,,,,
WPU114119153                  ,WPU114119153                  ,"PPI Commodity data for Machinery and equipment-Oil-well and oil-field pumps, not seasonally adjusted",Index base: 2009.12 = 100,2009-M12,2018-M05,,,,,,,,,,,,,,,,,,,,,,,,,,,,,,,,,,,,,,,,,,,,,,,,,,,,,,,,,,,,,,,,,,,,,,,,,,,107.5,109.2,111.0,111.6,114.1,,,,
WPU114119155                  ,WPU114119155                  ,"PPI Commodity data for Machinery and equipment-Other pumps, except automotive circulating pumps, and measuring & dispensing pumps, not seasonally adjusted",Index base: 2009.12 = 100,2009-M12,2022-M04,,,,,,,,,,,,,,,,,,,,,,,,,,,,,,,,,,,,,,,,,,,,,,,,,,,,,,,,,,,,,,,,,,,,,,,,101.4,106.0,110.5,112.4,115.8,119.6,120.4,119.8,123.3,126.1,128.0,133.218
WPU1142                       ,WPU1142                       ,"PPI Commodity data for Machinery and equipment-Elevators, escalators, and other lifts, not seasonally adjusted",Index base: 1982 = 100,1947-M01,2022-M04,,,,,,,,,23.6,25.1,26.2,26.2,28.3,28.5,28.9,29.4,30.2,32.0,34.5,34.8,34.8,35.0,35.2,34.8,35.2,35.7,35.9,35.9,36.5,37.3,38.6,42.3,44.2,44.6,45.1,51.5,62.0,66.3,69.7,74.5,78.7,87.3,92.7,100.0,97.3,97.1,97.7,99.2,100.4,103.6,107.1,110.1,108.7,109.4,110.7,112.4,113.0,113.7,114.8,116.0,117.5,118.7,119.4,120.0,118.7,120.5,123.5,126.0,129.3,134.7,134.9,133.8,135.6,138.0,140.1,143.1,145.4,147.1,151.2,155.0,161.7,164.2,171.482
WPU114201                     ,WPU114201                     ,"PPI Commodity data for Machinery and equipment-Elevators and moving stairways, not seasonally adjusted",Index base: 1982 = 100,1981-M07,2022-M04,,,,,,,,,,,,,,,,,,,,,,,,,,,,,,,,,,,,,,,,,,,,100.0,96.2,95.2,,96.9,97.9,101.1,104.3,106.7,104.1,104.8,106.5,108.6,109.3,109.5,111.1,112.8,114.5,115.5,116.0,115.8,114.4,116.6,118.8,120.5,123.3,128.0,127.6,126.1,128.4,131.0,133.1,136.2,138.4,140.1,144.3,148.1,154.5,156.8,164.015
WPU11420112                   ,WPU11420112                   ,"PPI Commodity data for Machinery and equipment-Elevators and moving stairways, not seasonally adjusted",Index base: 2003.12 = 100,2003-M12,2022-M04,,,,,,,,,,,,,,,,,,,,,,,,,,,,,,,,,,,,,,,,,,,,,,,,,,,,,,,,,,,,,,,,,,,,,,,,,,114.4,116.3,119.0,120.9,122.4,126.1,129.4,135.0,137.0,143.3
WPU114202                     ,WPU114202                     ,"PPI Commodity data for Machinery and equipment-Parts and attachments for elevators and moving stairs (sold separately), not seasonally adjusted",Index base: 1982 = 100,1981-M06,2022-M04,,,,,,,,,,,,,,,,,,,,,,,,,,,,,,,,,,,,,,,,,,,,100.0,103.9,110.4,112.0,116.3,118.4,122.7,125.2,127.8,128.5,128.5,128.5,128.5,129.6,132.4,132.2,132.4,134.1,136.7,138.6,142.5,141.8,141.9,148.9,154.3,160.3,169.6,172.9,173.8,173.2,173.8,175.4,176.7,179.1,179.5,182.2,185.1,193.4,196.7,204.33
WPU11420221                   ,WPU11420221                   ,"PPI Commodity data for Machinery and equipment-Parts and attachments for elevators and moving stairs (sold separately), not seasonally adjusted",Index base: 1982 = 100,1981-M06,2022-M04,,,,,,,,,,,,,,,,,,,,,,,,,,,,,,,,,,,,,,,,,,,,,104.2,110.4,112.0,116.3,118.4,122.7,125.2,127.8,128.5,128.5,128.5,128.5,129.6,132.4,132.2,132.4,134.1,136.7,138.6,142.5,141.8,141.9,148.9,154.3,160.3,169.6,172.9,173.8,173.2,173.8,175.4,176.7,179.1,179.5,182.2,185.1,193.4,196.7,204.33
WPU1143                       ,WPU1143                       ,"PPI Commodity data for Machinery and equipment-Fluid power equipment, not seasonally adjusted",Index base: 1982 = 100,1971-M01,2022-M04,,,,,,,,,,,,,,,,,,,,,,,,,,,,,,,,,41.9,42.7,43.5,49.0,55.3,58.9,62.5,66.9,72.1,81.7,91.0,100.0,103.5,106.1,108.1,109.8,111.3,114.6,119.7,123.6,128.6,132.3,135.3,138.2,143.1,147.0,151.4,153.9,156.8,158.2,160.7,162.0,164.5,169.7,179.4,188.7,197.0,207.0,216.3,220.5,228.1,235.7,239.6,242.1,245.0,248.2,251.7,257.5,265.5,270.4,281.958
WPU114301                     ,WPU114301                     ,"PPI Commodity data for Machinery and equipment-Fluid power pumps and parts, not seasonally adjusted",Index base: 1982 = 100,1971-M01,2022-M04,,,,,,,,,,,,,,,,,,,,,,,,,,,,,,,,,41.7,42.6,43.5,48.4,54.4,58.4,62.0,66.0,71.4,81.0,91.3,100.0,104.9,104.0,105.9,108.2,110.3,114.3,119.6,123.6,128.2,132.7,136.9,138.8,143.9,147.8,150.8,152.1,156.9,156.7,159.9,161.3,164.2,165.1,169.2,178.5,184.4,197.6,205.3,208.5,213.6,222.1,227.0,230.8,232.3,233.4,235.8,239.8,244.4,247.8,254.319
WPU11430112                   ,WPU11430112                   ,"PPI Commodity data for Machinery and equipment-Nonaerospace-type reciprocating fluid power pumps, not seasonally adjusted",Index base: 2011.12 = 100,2011-M12,2022-M04,,,,,,,,,,,,,,,,,,,,,,,,,,,,,,,,,,,,,,,,,,,,,,,,,,,,,,,,,,,,,,,,,,,,,,,,,,102.1,103.8,106.9,,110.2,110.9,113.2,115.7,116.6,120.013
WPU11430113                   ,WPU11430113                   ,"PPI Commodity data for Machinery and equipment-Nonaerospace-type rotary and other fluid power pumps, not seasonally adjusted",Index base: 2014.12 = 100,2014-M12,2022-M04,,,,,,,,,,,,,,,,,,,,,,,,,,,,,,,,,,,,,,,,,,,,,,,,,,,,,,,,,,,,,,,,,,,,,,,,,,,,,95.7,94.9,94.8,97.2,99.8,100.9,
WPU11430115                   ,WPU11430115                   ,"PPI Commodity data for Machinery and equipment-Nonaerospace-type fluid power motors, not seasonally adjusted",Index base: 2011.12 = 100,2011-M12,2022-M04,,,,,,,,,,,,,,,,,,,,,,,,,,,,,,,,,,,,,,,,,,,,,,,,,,,,,,,,,,,,,,,,,,,,,,,,,,102.8,105.3,107.1,111.3,113.3,116.3,119.6,123.6,126.1,130.533
WPU11430119                   ,WPU11430119                   ,"PPI Commodity data for Machinery and equipment-Parts for fluid power pumps, motors, and hydrostatic transmissions, not seasonally adjusted",Index base: 2011.12 = 100,2011-M12,2022-M04,,,,,,,,,,,,,,,,,,,,,,,,,,,,,,,,,,,,,,,,,,,,,,,,,,,,,,,,,,,,,,,,,,,,,,,,,,102.9,105.8,104.7,102.9,104.8,106.7,105.3,104.9,106.7,111.919
WPU114302                     ,WPU114302                     ,"PPI Commodity data for Machinery and equipment-Fluid power valves, not seasonally adjusted",Index base: 1982 = 100,1971-M12,2022-M04,,,,,,,,,,,,,,,,,,,,,,,,,,,,,,,,,,45.2,45.7,51.2,57.2,60.4,64.1,67.6,72.9,81.2,90.0,100.0,101.6,105.5,107.6,109.0,110.8,115.0,120.0,124.2,133.5,138.3,141.7,145.0,148.7,151.4,155.6,158.0,160.2,162.8,163.8,164.2,164.9,170.0,186.0,197.6,208.9,217.3,229.2,236.1,244.6,250.8,256.7,259.5,265.1,276.2,279.3,283.9,292.2,301.9,313.129
WPU11430201                   ,WPU11430201                   ,"PPI Commodity data for Machinery and equipment-Fluid power valves, not seasonally adjusted",Index base: 1982.12 = 100,1982-M12,2022-M04,,,,,,,,,,,,,,,,,,,,,,,,,,,,,,,,,,,,,,,,,,,,,99.1,,,,,,,,,135.0,138.2,141.4,145.1,147.7,151.8,154.2,156.3,158.8,159.8,160.2,160.8,165.8,181.4,192.8,203.8,212.0,223.6,230.3,238.6,244.6,250.4,253.1,258.6,269.4,272.5,277.0,285.1,294.5,305.477
WPU114302013                  ,WPU114302013                  ,"PPI Commodity data for Machinery and equipment-Nonaerospace type hydraulic directional control valves, not seasonally adjusted",Index base: 2007.12 = 100,2007-M12,2022-M04,,,,,,,,,,,,,,,,,,,,,,,,,,,,,,,,,,,,,,,,,,,,,,,,,,,,,,,,,,,,,,,,,,,,,,,,115.7,118.8,122.4,125.2,128.5,131.0,133.3,135.3,135.8,137.5,142.8,149.71
WPU114302014                  ,WPU114302014                  ,"PPI Commodity data for Machinery and equipment-Nonaerospace type hydraulic valves, except directional control, not seasonally adjusted",Index base: 2007.12 = 100,2007-M12,2020-M01,,,,,,,,,,,,,,,,,,,,,,,,,,,,,,,,,,,,,,,,,,,,,,,,,,,,,,,,,,,,,,,,,,,,,,,,108.6,113.0,116.3,117.9,120.3,122.1,122.3,122.9,124.6,128.4,,
WPU114302015                  ,WPU114302015                  ,"PPI Commodity data for Machinery and equipment-Nonaerospace type pneumatic directional control valves, not seasonally adjusted",Index base: 2007.12 = 100,2007-M12,2022-M04,,,,,,,,,,,,,,,,,,,,,,,,,,,,,,,,,,,,,,,,,,,,,,,,,,,,,,,,,,,,,,,,,,,,,,,,111.3,114.8,118.9,119.9,120.8,122.1,126.2,126.7,129.1,136.4,140.7,146.554
WPU114302016                  ,WPU114302016                  ,"PPI Commodity data for Machinery and equipment-Nonaerospace type pneumatic valves, except directional control, not seasonally adjusted",Index base: 2007.12 = 100,2007-M12,2020-M01,,,,,,,,,,,,,,,,,,,,,,,,,,,,,,,,,,,,,,,,,,,,,,,,,,,,,,,,,,,,,,,,,,,,,,,,107.1,109.4,112.5,113.5,114.9,124.8,126.4,131.1,137.6,146.0,,
WPU11430201A                  ,WPU11430201A                  ,"PPI Commodity data for Machinery and equipment-Aerospace type fluid power valves, not seasonally adjusted",Index base: 2009.06 = 100,2009-M06,2022-M04,,,,,,,,,,,,,,,,,,,,,,,,,,,,,,,,,,,,,,,,,,,,,,,,,,,,,,,,,,,,,,,,,,,,,,,,,108.3,110.3,114.4,114.5,117.0,126.1,127.7,130.1,133.6,133.8,137.663
WPU114303                     ,WPU114303                     ,"PPI Commodity data for Machinery and equipment-Fluid power cylinders, actuators, accumulators, cushions, & parts, not seasonally adjusted",Index base: 1982 = 100,1971-M12,2022-M04,,,,,,,,,,,,,,,,,,,,,,,,,,,,,,,,,,40.3,41.7,46.7,52.2,55.6,59.1,64.2,69.4,80.3,89.9,100.0,106.7,111.8,113.0,114.5,115.1,118.5,124.6,126.3,128.9,130.7,133.0,136.2,141.5,143.5,145.3,147.7,149.1,150.0,152.8,153.7,155.9,163.5,172.4,177.8,183.3,194.2,200.0,202.5,207.6,212.2,213.8,215.9,218.6,218.4,222.3,230.4,238.3,242.9,256.553
WPU11430312                   ,WPU11430312                   ,"PPI Commodity data for Machinery and equipment-Non-aerospace hydraulic & all aerospace-type fluid power cylinders, not seasonally adjusted",Index base: 1998.06 = 100,1998-M06,2022-M04,,,,,,,,,,,,,,,,,,,,,,,,,,,,,,,,,,,,,,,,,,,,,,,,,,,,,,,,,,,,,100.8,101.4,102.8,103.2,103.9,109.8,117.4,121.5,125.1,134.2,138.4,140.3,143.6,147.0,147.9,148.9,150.9,150.6,153.9,160.3,166.0,168.4,178.488
WPU11430313                   ,WPU11430313                   ,"PPI Commodity data for Machinery and equipment-Non-aerospace pneumatic fluid power cylinders, not seasonally adjusted",Index base: 1998.06 = 100,1998-M06,2022-M04,,,,,,,,,,,,,,,,,,,,,,,,,,,,,,,,,,,,,,,,,,,,,,,,,,,,,,,,,,,,,101.6,102.8,105.5,106.9,110.2,114.6,121.7,127.8,131.3,136.2,139.7,141.7,145.6,149.4,152.2,156.6,,,,160.5,160.9,160.9,163.068
WPU11430315                   ,WPU11430315                   ,"PPI Commodity data for Machinery and equipment-Parts for hydraulic & pneumatic cylinders and actuators, not seasonally adjusted",Index base: 1998.06 = 100,1998-M06,2022-M04,,,,,,,,,,,,,,,,,,,,,,,,,,,,,,,,,,,,,,,,,,,,,,,,,,,,,,,,,,,,,102.3,103.5,105.0,105.9,108.0,122.1,132.2,138.2,143.5,147.9,152.4,153.0,157.3,159.6,160.3,161.1,161.9,162.1,164.3,170.8,180.0,191.5,205.125
WPU114304                     ,WPU114304                     ,"PPI Commodity data for Machinery and equipment-Fluid power hose and tube fittings, not seasonally adjusted",Index base: 1982 = 100,1972-M12,2022-M04,,,,,,,,,,,,,,,,,,,,,,,,,,,,,,,,,,,42.6,49.3,56.9,60.2,63.4,69.8,74.6,85.7,93.8,100.0,100.5,102.9,105.9,107.3,109.0,110.0,113.9,120.6,124.8,128.5,130.7,134.8,141.1,149.2,157.6,160.3,163.7,165.8,168.4,171.6,175.8,182.8,192.3,203.6,214.0,223.4,235.9,240.4,252.8,266.3,270.0,271.3,273.9,276.4,278.9,283.9,294.8,296.2,308.469
WPU11430406                   ,WPU11430406                   ,"PPI Commodity data for Machinery and equipment-Fluid power hose and tube fittings, not seasonally adjusted",Index base: 1982 = 100,1972-M12,2022-M04,,,,,,,,,,,,,,,,,,,,,,,,,,,,,,,,,,,42.6,49.3,56.9,60.2,63.4,69.8,74.6,85.7,93.8,100.0,100.5,102.9,105.9,107.3,109.0,110.0,113.9,120.6,124.8,128.5,130.7,134.8,141.1,149.2,157.6,160.3,163.7,165.8,168.4,171.6,175.8,182.8,192.3,203.6,214.0,223.4,235.9,240.4,252.8,266.3,270.0,271.3,273.9,276.4,278.9,283.9,294.8,296.2,308.469
WPU114304062                  ,WPU114304062                  ,"PPI Commodity data for Machinery and equipment-Nonaerospace type flared (metal) fittings, couplings, and assemblies, not seasonally adjusted",Index base: 2009.06 = 100,2009-M06,2022-M04,,,,,,,,,,,,,,,,,,,,,,,,,,,,,,,,,,,,,,,,,,,,,,,,,,,,,,,,,,,,,,,,,,,,,,,,,,,,,,,,,,,117.043
WPU114305                     ,WPU114305                     ,"PPI Commodity data for Machinery and equipment-Parts for fluid power valves, not seasonally adjusted",Index base: 1991.06 = 100,1991-M06,2022-M04,,,,,,,,,,,,,,,,,,,,,,,,,,,,,,,,,,,,,,,,,,,,,,,,,,,,,,108.2,110.1,109.0,106.5,104.0,108.4,120.6,123.6,127.6,131.6,130.2,133.6,135.0,139.6,148.1,155.1,152.7,159.4,161.2,164.6,168.9,172.8,173.1,170.3,173.7,187.2,193.4,198.7,200.2,207.206
WPU11430501                   ,WPU11430501                   ,"PPI Commodity data for Machinery and equipment-Parts for fluid power valves, not seasonally adjusted",Index base: 1991.06 = 100,1991-M06,2022-M04,,,,,,,,,,,,,,,,,,,,,,,,,,,,,,,,,,,,,,,,,,,,,,,,,,,,,,108.2,110.1,109.0,106.5,104.0,108.4,120.6,123.6,127.6,131.6,130.2,133.6,135.0,139.6,148.1,155.1,152.7,159.4,161.2,164.6,168.9,172.8,173.1,170.3,173.7,187.2,193.4,198.7,200.2,207.206
WPU1144                       ,WPU1144                       ,"PPI Commodity data for Machinery and equipment-Industrial material handling equipment, not seasonally adjusted",Index base: 1982 = 100,1947-M01,2022-M04,,,,,,,,,16.5,18.1,19.1,20.1,22.8,22.8,23.3,24.0,24.9,27.5,29.4,30.0,30.5,30.9,31.5,32.0,32.2,32.5,32.9,34.1,34.9,36.2,37.9,39.8,41.6,42.8,44.3,50.1,58.9,63.6,68.3,73.6,80.5,88.4,96.8,100.0,99.5,100.9,102.7,103.4,104.3,107.5,111.7,115.0,117.4,118.4,120.2,122.4,125.3,127.4,129.7,131.3,132.9,134.7,136.8,136.9,137.9,143.4,150.6,156.1,161.8,174.2,181.6,183.1,187.7,194.4,197.9,202.4,207.0,209.2,212.7,219.2,225.4,228.8,244.421
WPU114402                     ,WPU114402                     ,"PPI Commodity data for Machinery and equipment-Conveying equipment, except parts and accessories, not seasonally adjusted",Index base: 1982 = 100,1971-M01,2022-M04,,,,,,,,,,,,,,,,,,,,,,,,,,,,,,,,,42.5,43.9,45.1,50.4,57.0,61.1,65.7,70.9,78.3,86.9,95.7,100.0,100.6,101.7,103.1,103.8,105.3,108.7,113.3,116.4,118.5,119.1,120.2,123.2,125.9,128.3,131.1,133.0,135.4,136.9,139.2,139.7,140.3,147.9,153.6,159.1,166.2,179.7,182.7,182.1,185.7,192.0,195.2,198.5,201.9,203.3,205.8,211.3,217.8,223.3,235.805
WPU11440212                   ,WPU11440212                   ,"PPI Commodity data for Machinery and equipment-Unit handling conveyors and conveying systems, not seasonally adjusted",Index base: 1984.06 = 100,1984-M06,2022-M04,,,,,,,,,,,,,,,,,,,,,,,,,,,,,,,,,,,,,,,,,,,,,,,101.1,102.1,103.6,105.4,108.0,110.5,112.0,112.3,113.7,117.0,119.3,121.3,123.5,125.3,126.8,128.1,129.8,130.1,129.7,134.6,137.6,141.8,149.6,161.2,161.8,161.0,163.3,168.8,173.4,177.4,180.2,181.0,184.2,188.2,193.0,196.2,207.872
WPU114402122                  ,WPU114402122                  ,"PPI Commodity data for Machinery and equipment-Unit handling gravity and trolley conveyors and conveying systems, not seasonally adjusted",Index base: 2009.06 = 100,2009-M06,2022-M04,,,,,,,,,,,,,,,,,,,,,,,,,,,,,,,,,,,,,,,,,,,,,,,,,,,,,,,,,,,,,,,,,,,,,,,,100.5,103.3,105.4,107.5,109.3,112.1,113.4,114.8,116.8,117.4,118.4,122.759
WPU114402124                  ,WPU114402124                  ,"PPI Commodity data for Machinery and equipment-All other unit handling conveyors, including tow, belt, roller, pneumatic, portable, etc., not seasonally adjusted",Index base: 2009.06 = 100,2009-M06,2022-M04,,,,,,,,,,,,,,,,,,,,,,,,,,,,,,,,,,,,,,,,,,,,,,,,,,,,,,,,,,,,,,,,,,,,,,,,99.3,100.2,104.1,107.2,109.9,111.2,111.6,113.7,116.3,119.9,122.2,130.097
WPU11440216                   ,WPU11440216                   ,"PPI Commodity data for Machinery and equipment-Bulk material handling conveyors and conveying systems, not seasonally adjusted",Index base: 1984.06 = 100,1984-M06,2022-M04,,,,,,,,,,,,,,,,,,,,,,,,,,,,,,,,,,,,,,,,,,,,,,,101.5,101.6,102.8,107.1,111.4,114.5,116.2,116.3,116.3,117.5,120.1,123.1,126.8,129.3,131.8,132.8,134.9,136.1,137.8,146.1,152.8,159.7,165.5,174.3,176.7,176.9,180.3,181.2,183.3,185.1,187.3,188.9,191.8,198.7,205.7,213.1,224.127
WPU114403                     ,WPU114403                     ,"PPI Commodity data for Machinery and equipment-Industrial trucks, trailers, and stackers, not seasonally adjusted",Index base: 1982 = 100,1971-M01,2022-M04,,,,,,,,,,,,,,,,,,,,,,,,,,,,,,,,,43.5,44.7,46.2,52.1,61.1,66.4,71.0,76.3,82.8,90.2,98.2,100.0,97.7,99.4,100.6,100.9,100.8,104.2,108.8,112.9,115.5,116.9,119.0,119.7,122.4,123.7,124.5,125.2,125.4,126.9,128.6,128.2,129.4,132.7,140.6,145.2,149.3,160.6,172.5,176.4,181.2,187.8,191.7,197.1,201.9,204.5,208.8,215.5,220.8,222.5,238.032
WPU1144035                    ,WPU1144035                    ,"PPI Commodity data for Machinery and equipment-Industrial trucks, tractors, mobile straddle carriers & cranes, & automatic stacking machines, not seasonally adjusted",Index base: 2011.12 = 100,2011-M12,2022-M04,,,,,,,,,,,,,,,,,,,,,,,,,,,,,,,,,,,,,,,,,,,,,,,,,,,,,,,,,,,,,,,,,,,,,,,,,,103.4,106.5,109.6,112.1,113.7,116.4,120.5,123.1,124.3,132.028
WPU11440353                   ,WPU11440353                   ,"PPI Commodity data for Machinery and equipment-Work trucks with lifting & handling equipment, riding, electric, self-propelled, not seasonally adjusted",Index base: 2002.06 = 100,2002-M06,2022-M04,,,,,,,,,,,,,,,,,,,,,,,,,,,,,,,,,,,,,,,,,,,,,,,,,,,,,,,,,,,,,,,,,103.0,104.6,109.3,111.6,115.0,118.3,,,,,147.1,151.1,154.1,157.1,161.7,,171.2,175.2,183.346
WPU11440356                   ,WPU11440356                   ,"PPI Commodity data for Machinery and equipment-Work trucks with lifting & handling equipment, non-riding electric or any non-electric, not seasonally adjusted",Index base: 2002.06 = 100,2002-M06,2022-M04,,,,,,,,,,,,,,,,,,,,,,,,,,,,,,,,,,,,,,,,,,,,,,,,,,,,,,,,,,,,,,,,,100.4,102.6,112.0,115.5,116.9,118.8,119.3,122.3,126.6,131.9,135.5,141.7,148.6,151.9,155.3,158.7,161.4,160.8,171.188
WPU11440357                   ,WPU11440357                   ,"PPI Commodity data for Machinery and equipment-Work trucks not fitted with lifting & handling equipment, electric or non-electric, not seasonally adjusted",Index base: 2002.06 = 100,2002-M06,2022-M04,,,,,,,,,,,,,,,,,,,,,,,,,,,,,,,,,,,,,,,,,,,,,,,,,,,,,,,,,,,,,,,,,101.6,105.3,109.2,110.9,113.7,123.1,,129.8,132.2,135.9,138.6,142.4,144.8,146.2,,155.7,159.3,160.8,172.464
WPU11440358                   ,WPU11440358                   ,"PPI Commodity data for Machinery and equipment-Bulk powered material moving equipment, dock boards, and metal pallets and skids, not seasonally adjusted",Index base: 2002.06 = 100,2002-M06,2022-M04,,,,,,,,,,,,,,,,,,,,,,,,,,,,,,,,,,,,,,,,,,,,,,,,,,,,,,,,,,,,,,,,,100.5,102.8,107.3,113.6,118.8,125.6,127.8,129.5,133.9,137.8,139.4,140.2,141.1,140.9,140.7,154.5,162.0,162.5,178.605
WPU11440378                   ,WPU11440378                   ,"PPI Commodity data for Machinery and equipment-Parts and attachments for industrial trucks and tractors, not seasonally adjusted",Index base: 1986.12 = 100,1986-M12,2022-M04,,,,,,,,,,,,,,,,,,,,,,,,,,,,,,,,,,,,,,,,,,,,,,,,,97.9,103.4,111.0,117.3,120.3,120.5,122.1,119.7,122.7,124.5,125.5,126.8,127.6,129.5,131.3,,136.2,141.8,148.5,152.4,157.2,192.1,,239.7,243.2,,,250.3,257.3,259.4,262.8,266.3,276.9,276.9,307.708
WPU114404                     ,WPU114404                     ,"PPI Commodity data for Machinery and equipment-Hoists, overhead cranes, and monorail systems, not seasonally adjusted",Index base: 1982 = 100,1971-M01,2022-M04,,,,,,,,,,,,,,,,,,,,,,,,,,,,,,,,,36.1,37.3,39.5,45.7,57.5,62.4,67.4,72.9,79.8,87.2,95.6,100.0,101.3,102.5,106.1,107.8,109.1,111.3,114.1,116.5,119.2,120.8,124.6,128.7,133.4,136.6,141.0,145.2,148.2,151.4,154.3,155.3,157.4,163.6,173.9,183.4,189.3,200.0,205.5,206.2,214.1,221.3,223.4,228.2,235.4,239.9,242.1,250.6,260.1,266.2,287.245
WPU11440481                   ,WPU11440481                   ,"PPI Commodity data for Machinery and equipment-Hoists and parts and attachments for hoists (sold separately), not seasonally adjusted",Index base: 1984.12 = 100,1984-M12,2022-M04,,,,,,,,,,,,,,,,,,,,,,,,,,,,,,,,,,,,,,,,,,,,,,,103.3,106.3,108.6,111.0,112.4,114.1,116.3,116.4,120.1,122.8,128.0,130.9,135.6,140.1,143.6,148.7,152.5,153.9,155.9,161.8,171.9,182.0,188.6,199.6,205.3,207.8,216.1,223.5,,230.3,,,,248.6,253.9,261.9,275.034
WPU11440485                   ,WPU11440485                   ,"PPI Commodity data for Machinery and equipment-Overhead traveling cranes and monorail systems, including parts and attachments sold separately, not seasonally adjusted",Index base: 1984.12 = 100,1984-M12,2022-M04,,,,,,,,,,,,,,,,,,,,,,,,,,,,,,,,,,,,,,,,,,,,,,,100.6,101.2,101.7,103.4,107.4,110.0,113.0,116.2,119.6,125.3,128.8,132.2,135.8,139.2,141.0,141.1,142.2,142.6,144.8,150.4,160.1,168.0,172.7,182.0,186.9,185.8,192.7,198.9,201.5,205.4,214.2,217.7,218.6,228.6,239.8,244.2,268.203
WPU114406                     ,WPU114406                     ,"PPI Commodity data for Machinery and equipment-Parts and accessories for conveyors and conveying systems, not seasonally adjusted",Index base: 2018.09 = 100,2018-M09,2022-M04,,,,,,,,,,,,,,,,,,,,,,,,,,,,,,,,,,,,,,,,,,,,,,,,,,,,,,,,,,,,,,,,,,,,,,,,,,,,,,,,,103.1,104.5,113.827
WPU11440601                   ,WPU11440601                   ,"PPI Commodity data for Machinery and equipment-Parts and accessories for unit handling conveyors and conveying systems, not seasonally adjusted",Index base: 1984.06 = 100,1984-M06,2022-M04,,,,,,,,,,,,,,,,,,,,,,,,,,,,,,,,,,,,,,,,,,,,,,,107.3,108.8,109.1,113.5,124.7,128.0,130.1,131.5,130.1,132.9,135.7,138.4,140.5,142.8,145.1,146.5,148.3,144.3,146.0,156.4,166.6,173.0,180.8,200.5,210.9,208.5,216.1,225.6,226.6,230.8,235.5,237.6,232.3,236.3,243.9,245.5,264.857
WPU11440602                   ,WPU11440602                   ,"PPI Commodity data for Machinery and equipment-Parts and accessories for bulk material handling conveyors and conveying systems, not seasonally adjusted",Index base: 1984.06 = 100,1984-M06,2022-M04,,,,,,,,,,,,,,,,,,,,,,,,,,,,,,,,,,,,,,,,,,,,,,,100.5,102.5,104.1,110.2,119.0,124.6,128.2,130.6,133.1,139.3,143.5,145.8,148.6,148.6,155.3,159.0,164.2,165.6,169.3,189.1,206.0,212.7,220.7,255.0,268.4,266.0,275.0,298.6,300.8,303.3,313.6,315.4,319.8,329.9,344.8,352.0,386.355
WPU1145                       ,WPU1145                       ,"PPI Commodity data for Machinery and equipment-Mechanical power transmission equipment, not seasonally adjusted",Index base: 1982 = 100,1947-M01,2022-M04,,,,,,,,,13.5,15.2,16.0,16.5,18.8,18.6,19.2,19.9,21.1,23.3,25.2,25.7,26.3,27.3,27.8,28.0,28.8,29.6,30.4,31.2,32.0,33.0,34.3,36.9,38.5,39.9,41.5,47.4,55.6,59.3,62.9,68.2,75.1,84.5,94.4,100.0,101.1,104.4,108.2,110.6,112.0,116.0,121.1,125.3,129.1,132.1,136.2,140.5,146.9,151.5,154.8,157.7,161.1,163.9,167.0,169.5,171.7,179.3,189.5,197.0,205.2,219.7,231.0,232.0,240.9,247.9,255.7,257.1,259.8,260.0,262.7,270.7,278.9,283.4,296.75
WPU114501                     ,WPU114501                     ,"PPI Commodity data for Machinery and equipment-Speed changers, drives, gears, not seasonally adjusted",Index base: 1982 = 100,1986-M09,2022-M04,,,,,,,,,,,,,,,,,,,,,,,,,,,,,,,,,,,,,,,,,,,,,,,,,109.8,113.8,118.9,123.4,127.1,130.8,135.9,138.8,147.5,153.1,157.3,160.6,163.9,167.4,170.9,172.7,175.3,182.0,192.7,200.1,210.5,225.6,232.2,231.0,241.7,249.2,258.0,260.7,261.7,261.7,264.7,275.2,281.8,284.6,296.759
WPU11450108                   ,WPU11450108                   ,"PPI Commodity data for Machinery and equipment-Loose gear, pinions and racks, not seasonally adjusted",Index base: 1983.12 = 100,1983-M12,2022-M04,,,,,,,,,,,,,,,,,,,,,,,,,,,,,,,,,,,,,,,,,,,,,,100.4,103.0,104.1,104.7,107.6,111.1,114.8,118.1,120.3,120.9,120.9,121.5,122.7,127.2,129.4,132.0,133.6,135.3,137.5,137.3,139.7,143.5,149.5,162.6,173.7,174.8,169.4,178.7,181.6,186.8,189.3,187.5,187.3,189.9,198.1,201.7,,
WPU11450117                   ,WPU11450117                   ,"PPI Commodity data for Machinery and equipment-Speed changers and industrial high speed drives & parts other than loose gearing, not seasonally adjusted",Index base: 2003.12 = 100,2003-M12,2022-M04,,,,,,,,,,,,,,,,,,,,,,,,,,,,,,,,,,,,,,,,,,,,,,,,,,,,,,,,,,,,,,,,,,104.1,111.8,116.0,120.1,128.9,133.9,134.7,140.4,145.8,151.5,152.9,154.5,154.6,156.2,162.2,166.6,168.7,174.091
WPU114502                     ,WPU114502                     ,"PPI Commodity data for Machinery and equipment-Other power transmission equipment, not seasonally adjusted",Index base: 1984.12 = 100,1984-M12,2022-M04,,,,,,,,,,,,,,,,,,,,,,,,,,,,,,,,,,,,,,,,,,,,,,,102.7,105.5,106.9,110.8,115.6,119.3,123.1,125.3,128.3,133.4,137.7,141.4,143.8,146.3,149.7,151.7,154.4,157.3,159.0,167.0,176.3,183.4,189.5,202.9,216.6,218.9,226.2,232.4,238.9,239.5,243.2,243.5,245.8,251.6,260.9,266.8,280.646
WPU11450201                   ,WPU11450201                   ,"PPI Commodity data for Machinery and equipment-Plain bearings and bushings, not seasonally adjusted",Index base: 1984.12 = 100,1984-M12,2021-M05,,,,,,,,,,,,,,,,,,,,,,,,,,,,,,,,,,,,,,,,,,,,,,,101.0,97.7,98.1,101.0,109.1,110.7,114.8,115.3,116.4,120.6,123.7,125.7,125.9,126.9,129.1,129.5,131.1,132.2,134.0,137.3,142.1,143.9,145.1,147.3,151.9,152.4,155.6,155.1,159.6,161.0,165.1,163.2,163.1,165.1,167.3,168.8,
WPU11450212                   ,WPU11450212                   ,"PPI Commodity data for Machinery and equipment-Mechanical power transmission equipment, excl. speed changers, drives, & gears, not seasonally adjusted",Index base: 2003.12 = 100,2003-M12,2022-M04,,,,,,,,,,,,,,,,,,,,,,,,,,,,,,,,,,,,,,,,,,,,,,,,,,,,,,,,,,,,,,,,,,104.5,110.7,115.8,120.4,130.5,140.4,142.2,147.3,152.3,156.6,156.7,158.8,159.4,161.3,165.7,173.3,178.1,186.227
WPU1146                       ,WPU1146                       ,"PPI Commodity data for Machinery and equipment-Scales and balances, not seasonally adjusted",Index base: 1982 = 100,1947-M01,2022-M04,,,,,,,,,20.4,21.3,21.4,22.0,24.6,25.0,27.2,28.4,29.1,32.2,34.9,35.6,37.7,39.3,39.5,40.0,40.3,40.4,40.8,42.2,44.2,45.8,48.4,50.1,51.1,52.3,53.9,59.5,66.4,69.9,73.5,78.8,85.1,94.2,98.3,100.0,100.7,102.2,101.6,102.5,103.7,105.8,106.7,109.1,109.4,105.1,105.6,106.7,108.9,111.5,111.5,112.6,114.2,116.1,117.2,119.0,119.5,120.5,122.6,123.8,125.8,130.1,135.2,136.3,140.4,145.2,148.3,153.1,155.7,159.6,162.7,172.4,181.1,184.3,197.712
WPU114611                     ,WPU114611                     ,"PPI Commodity data for Machinery and equipment-Vehicle and industrial scales, not seasonally adjusted",Index base: 1991.12 = 100,1991-M12,2022-M04,,,,,,,,,,,,,,,,,,,,,,,,,,,,,,,,,,,,,,,,,,,,,,,,,,,,,,100.2,102.7,104.8,106.5,108.3,108.7,110.0,111.3,113.6,113.8,114.8,115.1,116.2,118.5,118.9,120.3,124.9,129.0,129.3,131.9,134.8,136.0,137.1,138.5,139.3,141.5,151.6,158.8,160.9,171.129
WPU11461101                   ,WPU11461101                   ,"PPI Commodity data for Machinery and equipment-Vehicle and industrial scales, not seasonally adjusted",Index base: 2003.06 = 100,2003-M06,2022-M04,,,,,,,,,,,,,,,,,,,,,,,,,,,,,,,,,,,,,,,,,,,,,,,,,,,,,,,,,,,,,,,,,,101.1,103.0,103.4,104.7,108.6,112.2,112.4,114.7,117.3,118.3,119.2,120.4,121.2,123.1,131.9,138.1,140.0,148.841
WPU114611011                  ,WPU114611011                  ,"PPI Commodity data for Machinery and equipment-Motor truck and railroad track scales, not seasonally adjusted",Index base: 2010.12 = 100,2010-M12,2022-M04,,,,,,,,,,,,,,,,,,,,,,,,,,,,,,,,,,,,,,,,,,,,,,,,,,,,,,,,,,,,,,,,,,,,,,,,,100.7,102.4,102.4,102.6,102.7,102.7,107.2,,,130.6,135.988
WPU114611012                  ,WPU114611012                  ,"PPI Commodity data for Machinery and equipment-Industrial scales (including automatic checkweigher and bulkweigher scales), not seasonally adjusted",Index base: 2010.12 = 100,2010-M12,2022-M04,,,,,,,,,,,,,,,,,,,,,,,,,,,,,,,,,,,,,,,,,,,,,,,,,,,,,,,,,,,,,,,,,,,,,,,,,101.8,105.9,,,,,,120.0,125.7,126.9,137.061
WPU114611013                  ,WPU114611013                  ,"PPI Commodity data for Machinery and equipment-Miscellaneous non-vehicle scales (crane, susp., tank, hopper, measuring dev, lab, bulk convyor), not seasonally adjusted",Index base: 2010.12 = 100,2010-M12,2022-M04,,,,,,,,,,,,,,,,,,,,,,,,,,,,,,,,,,,,,,,,,,,,,,,,,,,,,,,,,,,,,,,,,,,,,,,,,101.8,102.0,102.1,102.7,102.9,102.9,102.9,105.2,,111.8,121.388
WPU114612                     ,WPU114612                     ,"PPI Commodity data for Machinery and equipment-Retail, commercial, household, and mailing scales and balances, not seasonally adjusted",Index base: 1991.12 = 100,1991-M12,2022-M04,,,,,,,,,,,,,,,,,,,,,,,,,,,,,,,,,,,,,,,,,,,,,,,,,,,,,,92.4,91.3,92.4,95.2,96.6,97.4,98.1,99.7,100.7,104.0,107.9,109.0,109.7,110.7,112.3,114.5,114.8,118.2,120.3,127.1,133.2,137.9,142.6,145.1,151.4,154.1,161.2,167.8,168.0,175.847
WPU11461201                   ,WPU11461201                   ,"PPI Commodity data for Machinery and equipment-Retail, commercial, household, and mailing scales and balances, not seasonally adjusted",Index base: 2003.06 = 100,2003-M06,2022-M04,,,,,,,,,,,,,,,,,,,,,,,,,,,,,,,,,,,,,,,,,,,,,,,,,,,,,,,,,,,,,,,,,,100.7,101.6,103.1,105.1,105.4,108.5,110.5,116.6,122.2,126.6,130.9,133.2,139.0,141.5,148.0,154.1,154.2,161.418
WPU114613                     ,WPU114613                     ,"PPI Commodity data for Machinery and equipment-Parts, attachments, and accessories for scales and balances, not seasonally adjusted",Index base: 1991.12 = 100,1991-M12,2022-M04,,,,,,,,,,,,,,,,,,,,,,,,,,,,,,,,,,,,,,,,,,,,,,,,,,,,,,96.8,95.1,93.4,94.4,100.7,98.9,99.9,101.6,103.1,102.3,101.7,102.3,102.8,105.5,107.6,110.1,119.1,128.5,129.3,131.1,137.3,141.9,153.8,158.5,165.8,170.2,178.6,189.9,196.5,216.807
WPU11461301                   ,WPU11461301                   ,"PPI Commodity data for Machinery and equipment-Parts, attachments, and accessories for scales and balances, not seasonally adjusted",Index base: 2003.06 = 100,2003-M06,2022-M04,,,,,,,,,,,,,,,,,,,,,,,,,,,,,,,,,,,,,,,,,,,,,,,,,,,,,,,,,,,,,,,,,,100.4,103.1,105.2,107.6,116.4,125.6,126.4,128.1,134.2,138.7,150.3,154.9,162.0,166.3,174.6,185.6,192.0,211.861
WPU1147                       ,WPU1147                       ,"PPI Commodity data for Machinery and equipment-Air purification equipment and industrial and commercial fans and blowers, not seasonally adjusted",Index base: 1982 = 100,1947-M01,2022-M04,,,,,,,,,14.8,16.4,19.0,20.3,23.7,22.9,23.1,24.0,24.9,27.8,29.5,30.2,30.5,30.7,29.6,29.1,27.8,27.3,27.6,28.2,29.8,30.9,32.0,34.3,36.9,38.5,40.3,50.2,60.5,64.1,68.4,72.7,79.1,88.1,95.6,100.0,100.5,103.7,107.1,109.4,110.5,113.3,118.6,123.7,127.2,129.1,131.8,134.2,138.9,142.4,144.2,146.1,147.5,149.8,151.8,152.5,155.5,160.1,170.9,176.3,182.0,190.0,191.7,192.2,199.8,204.0,206.0,211.7,217.3,218.4,220.9,228.6,238.4,241.3,254.08
WPU114701                     ,WPU114701                     ,"PPI Commodity data for Machinery and equipment-Fan, blower, air purification equipment, not seasonally adjusted",Index base: 1982 = 100,1991-M07,2022-M04,,,,,,,,,,,,,,,,,,,,,,,,,,,,,,,,,,,,,,,,,,,,,,,,,,,,,,129.1,131.8,134.2,138.9,142.4,144.2,146.1,147.5,149.8,151.8,152.5,155.5,160.1,170.9,176.3,182.0,190.0,191.7,192.2,199.8,204.0,206.0,211.7,217.3,218.4,220.9,228.6,238.4,241.3,254.08
WPU11470143                   ,WPU11470143                   ,"PPI Commodity data for Machinery and equipment-Dust collection and other air purification equipment for cleaning incoming air, not seasonally adjusted",Index base: 1983.12 = 100,1983-M12,2022-M04,,,,,,,,,,,,,,,,,,,,,,,,,,,,,,,,,,,,,,,,,,,,,,102.8,107.0,108.9,109.9,113.8,117.8,121.0,125.4,127.3,127.7,128.6,133.4,136.7,137.3,137.2,138.6,139.3,141.1,143.1,145.5,148.2,157.5,160.7,163.6,163.6,160.2,159.6,163.4,167.2,169.5,172.6,176.7,177.0,179.9,187.8,197.5,203.1,212.852
WPU114701431                  ,WPU114701431                  ,"PPI Commodity data for Machinery and equipment-Air filters for air-conditioners and furnaces, etc., of 2400 CFM or less, except parts, not seasonally adjusted",Index base: 2009.06 = 100,2009-M06,2022-M04,,,,,,,,,,,,,,,,,,,,,,,,,,,,,,,,,,,,,,,,,,,,,,,,,,,,,,,,,,,,,,,,,,,,,,,,,,,,,,,111.7,118.2,125.5,129.8,136.804
WPU114701432                  ,WPU114701432                  ,"PPI Commodity data for Machinery and equipment-Other dust collection and air purification equipment, except parts, not seasonally adjusted",Index base: 2009.06 = 100,2009-M06,2022-M04,,,,,,,,,,,,,,,,,,,,,,,,,,,,,,,,,,,,,,,,,,,,,,,,,,,,,,,,,,,,,,,,,,,,,,,,,,,,,,,109.8,112.1,116.3,121.7,124.871
WPU114701433                  ,WPU114701433                  ,"PPI Commodity data for Machinery and equipment-Parts for dust collection and air purification equipment, not seasonally adjusted",Index base: 2009.06 = 100,2009-M06,2022-M04,,,,,,,,,,,,,,,,,,,,,,,,,,,,,,,,,,,,,,,,,,,,,,,,,,,,,,,,,,,,,,,,,,,,,,,,,,,,,,,111.2,114.1,118.7,118.4,124.587
WPU11470144                   ,WPU11470144                   ,"PPI Commodity data for Machinery and equipment-Dust collection and other air purification equipment for industrial gas cleaning systems, not seasonally adjusted",Index base: 1983.12 = 100,1983-M12,2018-M11,,,,,,,,,,,,,,,,,,,,,,,,,,,,,,,,,,,,,,,,,,,,,,102.9,104.9,107.7,108.5,110.9,111.8,114.4,115.2,115.9,116.2,118.8,121.2,123.6,125.2,128.8,131.6,137.2,138.4,137.9,140.8,145.2,158.4,165.7,170.6,183.3,180.0,176.9,179.8,181.7,183.7,186.6,190.1,192.9,193.7,,,,
WPU11470145                   ,WPU11470145                   ,"PPI Commodity data for Machinery and equipment-Industrial and commercial fans and blowers, not seasonally adjusted",Index base: 2003.12 = 100,2003-M12,2022-M04,,,,,,,,,,,,,,,,,,,,,,,,,,,,,,,,,,,,,,,,,,,,,,,,,,,,,,,,,,,,,,,,,,103.2,109.5,113.2,117.9,125.6,131.1,133.1,141.2,144.4,145.3,151.0,155.8,156.6,158.1,165.1,169.7,170.0,186.75
WPU114701452                  ,WPU114701452                  ,"PPI Commodity data for Machinery and equipment-Centrifugal blower filter units, and classes I-IV centrifugal fans, except parts, not seasonally adjusted",Index base: 2009.06 = 100,2009-M06,2022-M04,,,,,,,,,,,,,,,,,,,,,,,,,,,,,,,,,,,,,,,,,,,,,,,,,,,,,,,,,,,,,,,,,,,,,,,,100.3,107.5,109.9,110.7,127.9,137.2,136.1,137.2,140.8,142.4,140.9,151.56
WPU114701453                  ,WPU114701453                  ,"PPI Commodity data for Machinery and equipment-Other centrifugal fans and blowers, except parts, not seasonally adjusted",Index base: 2009.06 = 100,2009-M06,2022-M04,,,,,,,,,,,,,,,,,,,,,,,,,,,,,,,,,,,,,,,,,,,,,,,,,,,,,,,,,,,,,,,,,,,,,,,,104.3,111.7,114.9,115.3,116.9,119.9,120.1,121.4,129.8,134.5,135.9,150.586
WPU114701457                  ,WPU114701457                  ,"PPI Commodity data for Machinery and equipment-Axial fans and industrial propeller fans, except parts, not seasonally adjusted",Index base: 2009.06 = 100,2009-M06,2022-M04,,,,,,,,,,,,,,,,,,,,,,,,,,,,,,,,,,,,,,,,,,,,,,,,,,,,,,,,,,,,,,,,,,,,,,,,101.7,104.8,107.2,109.2,111.3,113.3,113.8,114.5,116.4,118.6,118.7,129.14
WPU114701458                  ,WPU114701458                  ,"PPI Commodity data for Machinery and equipment-Power roof ventilators, except parts, not seasonally adjusted",Index base: 2009.06 = 100,2009-M06,2022-M04,,,,,,,,,,,,,,,,,,,,,,,,,,,,,,,,,,,,,,,,,,,,,,,,,,,,,,,,,,,,,,,,,,,,,,,,101.0,105.5,106.9,107.2,108.9,111.0,113.2,114.7,118.3,120.2,119.1,128.321
WPU114701459                  ,WPU114701459                  ,"PPI Commodity data for Machinery and equipment-Parts and accessories for fans and blowers, not seasonally adjusted",Index base: 2009.06 = 100,2009-M06,2022-M04,,,,,,,,,,,,,,,,,,,,,,,,,,,,,,,,,,,,,,,,,,,,,,,,,,,,,,,,,,,,,,,,,,,,,,,,101.1,103.0,104.7,105.5,107.0,109.5,110.3,111.3,115.1,122.1,122.0,143.566
WPU1148                       ,WPU1148                       ,"PPI Commodity data for Machinery and equipment-Air conditioning and refrigeration equip, not seasonally adjusted",Index base: 1982 = 100,1977-M12,2022-M04,,,,,,,,,,,,,,,,,,,,,,,,,,,,,,,,,,,,,,,,75.5,81.7,90.2,95.9,100.0,103.6,104.9,106.9,108.3,109.2,113.3,118.5,122.1,124.2,125.4,126.0,127.0,130.2,132.7,132.6,134.6,135.5,135.3,136.0,136.9,137.2,139.4,146.2,150.1,157.3,162.7,164.7,163.8,168.3,171.1,174.4,177.7,179.2,180.9,184.6,192.6,200.2,204.0,221.909
WPU114802                     ,WPU114802                     ,"PPI Commodity data for Machinery and equipment-Unitary air-conditioners, except air source heat pumps, not seasonally adjusted",Index base: 1982 = 100,1977-M12,2022-M04,,,,,,,,,,,,,,,,,,,,,,,,,,,,,,,,,,,,,,,,76.8,82.6,90.2,95.6,100.0,104.0,105.1,106.4,107.3,106.7,110.1,113.5,117.1,117.5,115.9,115.0,115.5,118.9,122.0,123.0,126.2,129.1,126.0,126.1,128.3,129.0,130.8,139.5,138.6,142.6,148.7,155.9,152.7,156.8,161.7,164.1,165.8,162.8,165.0,169.4,178.6,193.4,198.1,210.814
WPU11480222                   ,WPU11480222                   ,"PPI Commodity data for Machinery and equipment-Unitary air-conditioners, except air source heat pumps, not seasonally adjusted",Index base: 1997.06 = 100,1997-M06,2022-M04,,,,,,,,,,,,,,,,,,,,,,,,,,,,,,,,,,,,,,,,,,,,,,,,,,,,,,,,,,,,102.9,105.3,102.8,102.8,104.6,105.2,106.7,113.8,113.0,116.3,121.3,127.1,124.5,127.9,131.8,133.8,135.2,132.7,134.6,138.1,145.6,,161.5,171.897
WPU114803                     ,WPU114803                     ,"PPI Commodity data for Machinery and equipment-Commercial refrigeration equipment, not seasonally adjusted",Index base: 1982 = 100,1977-M12,2022-M04,,,,,,,,,,,,,,,,,,,,,,,,,,,,,,,,,,,,,,,,74.6,79.0,86.7,95.9,100.0,103.0,106.7,110.3,113.0,115.4,120.6,127.4,133.3,137.1,142.1,142.5,144.1,150.5,154.1,154.3,157.6,161.4,163.8,166.7,165.7,166.4,169.1,174.5,177.7,185.7,192.3,193.6,196.9,206.4,213.4,214.7,220.5,230.5,233.2,239.5,242.5,245.9,250.2,278.067
WPU11480331                   ,WPU11480331                   ,"PPI Commodity data for Machinery and equipment-Commercial refrigeration equipment, not seasonally adjusted",Index base: 1997.06 = 100,1997-M06,2022-M04,,,,,,,,,,,,,,,,,,,,,,,,,,,,,,,,,,,,,,,,,,,,,,,,,,,,,,,,,,,,102.1,104.6,106.2,108.1,107.4,107.9,109.6,113.1,115.2,120.4,124.6,125.5,127.6,133.8,138.3,139.1,142.9,149.4,151.1,155.2,157.2,159.4,162.2,180.227
WPU114806                     ,WPU114806                     ,"PPI Commodity data for Machinery and equipment-All other miscellaneous refrigeration and air-conditioning equipment, not seasonally adjusted",Index base: 1982 = 100,1977-M12,2022-M04,,,,,,,,,,,,,,,,,,,,,,,,,,,,,,,,,,,,,,,,74.1,80.1,89.3,95.2,100.0,102.4,104.1,107.0,109.6,111.1,115.9,121.9,125.1,127.9,128.7,129.0,129.0,132.3,134.3,135.0,136.8,137.7,140.2,141.6,143.0,147.2,148.5,155.1,162.1,170.1,184.7,194.6,195.8,203.4,206.6,208.3,208.1,209.4,208.5,211.1,210.4,220.1,228.4,251.13
WPU11480631                   ,WPU11480631                   ,"PPI Commodity data for Machinery and equipment-All other miscellaneous refrigeration and air-conditioning equipment, not seasonally adjusted",Index base: 1997.06 = 100,1997-M06,2022-M04,,,,,,,,,,,,,,,,,,,,,,,,,,,,,,,,,,,,,,,,,,,,,,,,,,,,,,,,,,,,97.7,97.4,100.1,101.8,99.0,101.9,102.9,107.4,112.2,117.8,127.9,134.7,135.6,140.8,143.1,144.2,144.1,145.0,144.4,146.2,145.7,152.4,158.2,173.906
WPU114807                     ,WPU114807                     ,"PPI Commodity data for Machinery and equipment-Heat transfer equipment, including heat pumps, not seasonally adjusted",Index base: 2011.12 = 100,2011-M12,2022-M04,,,,,,,,,,,,,,,,,,,,,,,,,,,,,,,,,,,,,,,,,,,,,,,,,,,,,,,,,,,,,,,,,,,,,,,,,,101.5,104.8,107.4,108.6,109.7,110.4,116.2,120.0,122.4,131.847
WPU11480732                   ,WPU11480732                   ,"PPI Commodity data for Machinery and equipment-Heat transfer equipment, except dehumidifiers, not seasonally adjusted",Index base: 2003.12 = 100,2003-M12,2022-M04,,,,,,,,,,,,,,,,,,,,,,,,,,,,,,,,,,,,,,,,,,,,,,,,,,,,,,,,,,,,,,,,,,103.1,110.4,119.7,130.9,133.2,132.5,131.1,135.7,137.4,142.6,146.7,149.6,152.2,154.9,163.4,168.7,171.9,186.269
WPU11480734                   ,WPU11480734                   ,"PPI Commodity data for Machinery and equipment-Heat pumps, not seasonally adjusted",Index base: 2009.12 = 100,2009-M12,2022-M04,,,,,,,,,,,,,,,,,,,,,,,,,,,,,,,,,,,,,,,,,,,,,,,,,,,,,,,,,,,,,,,,,,,,,,,,101.3,105.8,106.7,109.5,111.0,110.6,110.0,108.2,113.3,117.0,119.8,126.254
WPU114808                     ,WPU114808                     ,"PPI Commodity data for Machinery and equipment-Refrigerant compressors, except automotive, not seasonally adjusted",Index base: 2003.12 = 100,2003-M12,2018-M10,,,,,,,,,,,,,,,,,,,,,,,,,,,,,,,,,,,,,,,,,,,,,,,,,,,,,,,,,,,,,,,,,,102.3,113.7,115.3,122.5,130.9,128.3,127.6,129.9,131.7,133.7,135.1,135.9,135.9,141.5,,,,
WPU11480812                   ,WPU11480812                   ,"PPI Commodity data for Machinery and equipment-Refrigerant compressors, except automotive, not seasonally adjusted",Index base: 2003.12 = 100,2003-M12,2018-M10,,,,,,,,,,,,,,,,,,,,,,,,,,,,,,,,,,,,,,,,,,,,,,,,,,,,,,,,,,,,,,,,,,102.3,113.7,115.3,122.5,130.9,128.3,127.6,129.9,131.7,133.7,135.1,135.9,135.9,141.5,,,,
WPU114809                     ,WPU114809                     ,"PPI Commodity data for Machinery and equipment-Parts and accessories for air conditioning and heat transfer equipment, not seasonally adjusted",Index base: 1989.12 = 100,1989-M12,2022-M04,,,,,,,,,,,,,,,,,,,,,,,,,,,,,,,,,,,,,,,,,,,,,,,,,,,,100.1,103.9,111.0,110.1,109.8,111.0,112.4,111.8,113.0,112.1,111.4,111.1,111.4,110.1,110.8,114.3,130.1,133.9,144.7,149.8,147.5,152.3,154.1,158.1,164.6,168.4,170.9,172.9,179.2,180.4,184.1,210.16
WPU11480901                   ,WPU11480901                   ,"PPI Commodity data for Machinery and equipment-Parts and accessories for air conditioning and heat transfer equipment, not seasonally adjusted",Index base: 1989.12 = 100,1991-M07,2022-M04,,,,,,,,,,,,,,,,,,,,,,,,,,,,,,,,,,,,,,,,,,,,,,,,,,,,,,111.0,110.1,109.8,111.0,112.4,111.8,113.0,112.1,111.4,111.1,111.4,110.1,110.8,114.3,130.1,133.9,144.7,149.8,147.5,152.3,154.1,158.1,164.6,168.4,170.9,172.9,179.2,180.4,184.1,210.16
WPU114815                     ,WPU114815                     ,"PPI Commodity data for Machinery and equipment-Refrigeration condensing units, not seasonally adjusted",Index base: 2019.01 = 100,2019-M01,2022-M04,,,,,,,,,,,,,,,,,,,,,,,,,,,,,,,,,,,,,,,,,,,,,,,,,,,,,,,,,,,,,,,,,,,,,,,,,,,,,,,,,,101.6,120.85
WPU11481511                   ,WPU11481511                   ,"PPI Commodity data for Machinery and equipment-Refrigeration condensing units, not seasonally adjusted",Index base: 2019.01 = 100,2019-M01,2022-M04,,,,,,,,,,,,,,,,,,,,,,,,,,,,,,,,,,,,,,,,,,,,,,,,,,,,,,,,,,,,,,,,,,,,,,,,,,,,,,,,,,101.6,120.85
WPU1149                       ,WPU1149                       ,"PPI Commodity data for Machinery and equipment-Miscellaneous general purpose equipment, not seasonally adjusted",Index base: 1982 = 100,1947-M01,2022-M04,,,,,,,,,17.5,18.9,19.8,20.3,22.7,22.3,22.6,22.8,24.4,27.0,28.5,28.3,29.5,29.7,28.8,28.8,28.9,28.7,28.0,29.7,30.9,31.7,32.5,34.8,36.4,37.2,38.9,48.7,57.4,60.5,64.0,68.8,76.2,86.3,94.9,100.0,100.4,103.4,106.2,107.7,108.9,115.4,124.4,130.9,136.9,138.7,141.5,145.4,150.8,155.4,159.3,161.8,164.6,166.5,168.7,170.6,172.1,177.6,186.5,196.6,207.7,218.8,226.9,229.9,239.8,248.9,254.8,261.5,263.8,266.5,269.5,278.1,288.0,292.5,307.858
WPU114902                     ,WPU114902                     ,"PPI Commodity data for Machinery and equipment-Metal valves, except fluid power, not seasonally adjusted",Index base: 1982.12 = 100,1982-M12,2022-M04,,,,,,,,,,,,,,,,,,,,,,,,,,,,,,,,,,,,,,,,,,,,,100.1,102.0,104.8,106.9,108.5,113.5,120.8,125.3,129.6,133.7,137.2,140.3,145.3,149.8,153.3,156.7,160.2,162.1,164.7,167.2,169.4,176.4,189.4,206.9,226.4,239.1,245.0,248.1,262.2,275.8,284.3,295.0,301.1,307.3,314.2,327.7,339.8,347.1,359.487
WPU11490201                   ,WPU11490201                   ,"PPI Commodity data for Machinery and equipment-Gates, globes, angles, and checks, not seasonally adjusted",Index base: 1982.12 = 100,1982-M12,2022-M04,,,,,,,,,,,,,,,,,,,,,,,,,,,,,,,,,,,,,,,,,,,,,97.2,98.8,101.4,102.8,105.0,110.6,119.3,122.4,126.6,130.9,133.7,138.4,147.1,153.7,158.6,164.1,172.8,176.3,180.6,184.0,186.4,197.0,225.7,251.7,274.2,286.9,290.8,295.7,304.7,314.9,320.2,325.1,332.2,336.4,340.2,349.2,363.4,376.8,391.143
WPU114902011                  ,WPU114902011                  ,"PPI Commodity data for Machinery and equipment-Gates, globes, angles, straightway (Y-type) checks, stop & check, 3- & 4-way, etc., not seasonally adjusted",Index base: 2009.06 = 100,2009-M06,2022-M04,,,,,,,,,,,,,,,,,,,,,,,,,,,,,,,,,,,,,,,,,,,,,,,,,,,,,,,,,,,,,,,,,,,,,,,,,,108.1,110.9,113.3,115.5,117.8,119.6,122.8,128.8,135.2,141.617
WPU114902012                  ,WPU114902012                  ,"PPI Commodity data for Machinery and equipment-Industrial valves for water works and municipal equipment, not seasonally adjusted",Index base: 2009.06 = 100,2009-M06,2021-M11,,,,,,,,,,,,,,,,,,,,,,,,,,,,,,,,,,,,,,,,,,,,,,,,,,,,,,,,,,,,,,,,,,,,,,,,,,109.2,110.0,110.9,113.6,114.2,115.0,118.2,120.8,121.4,
WPU11490202                   ,WPU11490202                   ,"PPI Commodity data for Machinery and equipment-Industrial ball valves, incl. manual and power operated, not seasonally adjusted",Index base: 1982.12 = 100,1982-M12,2022-M04,,,,,,,,,,,,,,,,,,,,,,,,,,,,,,,,,,,,,,,,,,,,,99.1,99.0,101.9,103.4,103.0,111.0,118.8,124.8,129.9,135.0,138.4,139.2,144.8,148.3,151.8,154.6,154.2,154.9,157.4,158.4,159.9,170.1,183.7,201.9,221.9,234.6,,244.1,285.4,320.4,336.4,368.7,372.0,388.1,401.0,428.8,444.8,448.8,457.814
WPU11490203                   ,WPU11490203                   ,"PPI Commodity data for Machinery and equipment-Industrial butterfly valves, incl. manual and power operated, not seasonally adjusted",Index base: 1982.12 = 100,1982-M12,2022-M04,,,,,,,,,,,,,,,,,,,,,,,,,,,,,,,,,,,,,,,,,,,,,98.2,92.4,95.2,98.7,98.1,102.0,107.5,113.5,115.3,118.8,117.5,119.0,119.7,120.2,123.7,126.9,135.6,134.0,133.6,134.2,135.0,140.7,144.6,155.1,162.0,168.2,175.8,184.6,191.7,195.4,202.5,205.9,206.9,209.1,214.1,223.8,236.9,243.8,252.221
WPU11490204                   ,WPU11490204                   ,"PPI Commodity data for Machinery and equipment-Industrial plug valves, not seasonally adjusted",Index base: 1982.12 = 100,1982-M12,2022-M04,,,,,,,,,,,,,,,,,,,,,,,,,,,,,,,,,,,,,,,,,,,,,101.5,103.6,107.1,107.7,105.8,109.7,117.7,130.4,135.3,137.8,144.1,148.7,143.7,146.9,143.2,135.3,136.5,137.4,136.7,137.5,139.7,143.8,152.5,165.1,177.3,184.7,,191.8,203.9,204.1,208.5,213.7,220.2,221.9,224.4,229.4,234.6,234.6,240.887
WPU11490205                   ,WPU11490205                   ,"PPI Commodity data for Machinery and equipment-Plumbing and heating valves and specialties, except plumbers' brass goods, not seasonally adjusted",Index base: 1982.12 = 100,1982-M12,2022-M03,,,,,,,,,,,,,,,,,,,,,,,,,,,,,,,,,,,,,,,,,,,,,99.6,102.2,105.6,105.7,107.5,111.9,116.6,122.0,128.1,129.4,130.6,133.7,137.0,141.9,142.8,144.4,145.6,146.4,146.9,154.6,157.9,167.1,182.2,218.9,242.1,246.1,252.3,249.5,262.1,272.4,277.6,285.8,292.6,296.9,310.8,,,,
WPU11490208                   ,WPU11490208                   ,"PPI Commodity data for Machinery and equipment-Solenoid valves, not seasonally adjusted",Index base: 1982.12 = 100,1983-M06,2021-M05,,,,,,,,,,,,,,,,,,,,,,,,,,,,,,,,,,,,,,,,,,,,,,110.7,117.8,121.8,122.1,122.5,127.9,,134.9,138.4,145.2,147.1,157.3,164.1,159.2,160.6,163.2,165.8,168.6,171.2,173.1,177.5,181.2,187.0,214.7,236.7,,,266.9,281.2,297.5,311.0,317.0,323.5,332.8,348.7,,365.8,
WPU11490209                   ,WPU11490209                   ,"PPI Commodity data for Machinery and equipment-Other industrial valves, including nuclear, not seasonally adjusted",Index base: 1982.12 = 100,1982-M12,2022-M04,,,,,,,,,,,,,,,,,,,,,,,,,,,,,,,,,,,,,,,,,,,,,101.8,103.9,106.0,108.7,109.7,115.2,122.5,125.9,130.2,135.8,143.7,148.0,150.6,153.9,157.6,161.0,162.0,163.8,169.2,170.8,173.7,180.4,187.7,203.3,221.5,227.1,230.1,228.7,238.5,255.1,264.4,274.7,282.6,286.8,293.6,304.4,312.3,316.6,331.106
WPU11490211                   ,WPU11490211                   ,"PPI Commodity data for Machinery and equipment-Automatic regulating and control valves, not seasonally adjusted",Index base: 1998.12 = 100,1998-M12,2022-M04,,,,,,,,,,,,,,,,,,,,,,,,,,,,,,,,,,,,,,,,,,,,,,,,,,,,,,,,,,,,,100.2,101.4,102.2,103.3,104.6,106.1,109.1,114.3,126.1,138.9,,,151.8,157.3,162.1,166.5,170.7,174.2,177.5,184.8,,201.2,210.649
WPU114903                     ,WPU114903                     ,"PPI Commodity data for Machinery and equipment-Metal pipe fittings, flanges, and unions, not seasonally adjusted",Index base: 1982.12 = 100,1982-M12,2022-M04,,,,,,,,,,,,,,,,,,,,,,,,,,,,,,,,,,,,,,,,,,,,,100.7,106.6,110.0,108.8,109.3,121.0,142.6,157.6,169.8,159.5,157.3,166.6,174.3,177.9,189.1,193.2,195.9,198.2,208.7,208.4,214.4,221.5,233.6,246.0,257.8,273.1,286.0,284.8,289.4,298.4,298.4,300.2,292.4,286.7,292.2,309.2,318.9,333.1,391.62
WPU11490301                   ,WPU11490301                   ,"PPI Commodity data for Machinery and equipment-Metal pipe fittings, flanges, and unions, not seasonally adjusted",Index base: 1982.12 = 100,1982-M12,2022-M04,,,,,,,,,,,,,,,,,,,,,,,,,,,,,,,,,,,,,,,,,,,,,100.7,,,,,,,,,159.5,157.3,166.6,174.3,177.9,189.1,193.2,195.9,198.2,208.7,208.4,214.4,221.5,233.6,246.0,257.8,273.1,286.0,284.8,289.4,298.4,298.4,300.2,292.4,286.7,292.2,309.2,318.9,333.1,391.62
WPU114905                     ,WPU114905                     ,"PPI Commodity data for Machinery and equipment-Ball and roller bearings, not seasonally adjusted",Index base: 1982 = 100,1947-M01,2022-M04,,,,,,,,,24.1,25.4,27.3,27.8,28.9,29.0,30.0,29.6,31.5,35.2,37.6,36.3,34.9,34.2,33.5,32.9,32.9,32.3,30.5,30.2,30.2,30.7,31.3,33.1,34.7,35.5,36.7,42.4,49.5,53.3,57.7,62.2,68.5,80.0,91.9,100.0,100.1,102.9,105.9,107.3,107.8,114.0,124.1,130.6,136.7,139.0,141.9,145.7,152.0,157.8,162.9,165.2,166.8,168.8,169.5,170.0,171.3,177.1,187.1,193.1,199.8,211.9,222.8,227.1,235.2,243.1,248.5,253.5,255.3,255.3,257.7,266.3,278.1,282.4,294.402
WPU11490531                   ,WPU11490531                   ,"PPI Commodity data for Machinery and equipment-Ball bearings, complete, unmounted, not seasonally adjusted",Index base: 2003.12 = 100,1963-M12,2022-M04,,,,,,,,,,,,,,,,,,,,,,,,,36.1,35.8,34.1,34.1,33.3,33.2,33.3,34.7,35.8,36.7,37.7,43.1,50.4,53.6,59.4,65.4,72.1,82.9,93.9,,,,,,,,,,,,,,,,,,,,,,,104.9,110.9,114.6,114.9,117.5,126.9,132.5,135.4,138.3,139.5,140.6,141.1,141.1,142.4,145.3,149.7,151.2,156.264
WPU11490534                   ,WPU11490534                   ,"PPI Commodity data for Machinery and equipment-Mounted bearings, except plain, not seasonally adjusted",Index base: 1983.06 = 100,1983-M06,2022-M04,,,,,,,,,,,,,,,,,,,,,,,,,,,,,,,,,,,,,,,,,,,,,,105.7,108.8,109.4,110.7,119.2,132.3,138.8,144.2,146.4,150.0,154.0,157.5,162.3,173.0,178.5,184.6,190.0,196.6,203.4,209.9,221.6,232.1,239.2,250.5,274.3,278.1,272.4,283.6,292.3,299.3,307.6,314.2,320.1,322.5,341.2,359.9,370.9,399.652
WPU11490535                   ,WPU11490535                   ,"PPI Commodity data for Machinery and equipment-Parts and components for ball and roller bearings, incl. balls and rollers, not seasonally adjusted",Index base: 1983.06 = 100,1983-M06,2022-M04,,,,,,,,,,,,,,,,,,,,,,,,,,,,,,,,,,,,,,,,,,,,,,101.8,105.2,106.0,105.7,105.1,109.3,114.2,137.2,141.6,144.3,151.4,157.4,154.8,156.1,155.7,155.2,155.3,155.5,158.3,159.2,160.3,165.1,168.6,171.0,183.5,184.3,182.9,185.6,190.7,191.2,181.4,177.6,176.3,174.3,178.9,186.6,178.8,188.581
WPU11490537                   ,WPU11490537                   ,"PPI Commodity data for Machinery and equipment-Tapered roller bearings (including cups & cones), unmounted, not seasonally adjusted",Index base: 1983.06 = 100,1983-M06,2022-M03,,,,,,,,,,,,,,,,,,,,,,,,,,,,,,,,,,,,,,,,,,,,,,100.3,101.8,102.0,101.2,104.0,111.2,115.6,118.0,120.0,121.5,124.0,127.2,134.7,138.1,139.9,140.8,143.0,144.3,144.6,143.9,143.3,151.2,162.7,180.0,196.2,206.0,210.2,223.2,234.6,244.1,257.0,261.3,260.1,263.8,276.5,292.1,302.1,316.204
WPU11490538                   ,WPU11490538                   ,"PPI Commodity data for Machinery and equipment-Other roller bearings, unmounted, not seasonally adjusted",Index base: 1983.06 = 100,1983-M06,2022-M04,,,,,,,,,,,,,,,,,,,,,,,,,,,,,,,,,,,,,,,,,,,,,,103.0,105.2,108.8,111.0,117.7,132.5,141.4,147.4,150.9,155.3,159.6,169.6,176.2,182.2,187.4,189.1,192.3,196.0,199.8,204.3,207.4,221.5,228.6,235.5,250.2,262.0,263.6,271.6,280.0,285.9,288.4,288.8,290.5,293.1,301.8,316.9,325.8,334.761
WPU114907                     ,WPU114907                     ,"PPI Commodity data for Machinery and equipment-Industrial patterns, not seasonally adjusted",Index base: 1984.12 = 100,1984-M12,2022-M04,,,,,,,,,,,,,,,,,,,,,,,,,,,,,,,,,,,,,,,,,,,,,,,101.3,102.6,103.4,105.8,108.9,110.8,115.2,117.2,119.5,119.8,123.4,125.9,126.5,127.7,127.6,127.9,128.4,131.0,131.0,132.3,133.7,140.1,145.0,151.2,154.3,156.3,163.5,164.7,168.9,178.1,,,,,195.9,186.6,184.174
WPU11490701                   ,WPU11490701                   ,"PPI Commodity data for Machinery and equipment-Industrial patterns, not seasonally adjusted",Index base: 1984.12 = 100,1991-M07,2022-M04,,,,,,,,,,,,,,,,,,,,,,,,,,,,,,,,,,,,,,,,,,,,,,,,,,,,,,117.2,119.5,119.8,123.4,125.9,126.5,127.7,127.6,127.9,128.4,131.0,131.0,132.3,133.7,140.1,145.0,151.2,154.3,156.3,163.5,164.7,168.9,178.1,,,,,195.9,186.6,184.174
WPU114908                     ,WPU114908                     ,"PPI Commodity data for Machinery and equipment-Filters and strainers, not seasonally adjusted",Index base: 1984.12 = 100,1984-M12,2022-M04,,,,,,,,,,,,,,,,,,,,,,,,,,,,,,,,,,,,,,,,,,,,,,,102.3,105.8,108.0,111.9,116.8,123.9,128.8,133.9,137.3,141.0,145.1,148.4,150.9,153.9,157.6,157.8,158.8,162.2,163.1,165.9,170.2,178.1,185.6,194.0,205.4,211.3,219.7,225.1,230.8,236.5,236.6,243.4,240.3,243.6,250.6,249.7,266.678
WPU11490805                   ,WPU11490805                   ,"PPI Commodity data for Machinery and equipment-Filters and strainers, except fluid power, not seasonally adjusted",Index base: 2003.12 = 100,2003-M12,2022-M04,,,,,,,,,,,,,,,,,,,,,,,,,,,,,,,,,,,,,,,,,,,,,,,,,,,,,,,,,,,,,,,,,,102.0,105.0,110.6,115.5,119.7,126.6,128.7,134.1,137.4,140.9,144.2,145.1,149.7,151.3,153.5,158.9,155.8,163.704
WPU114908051                  ,WPU114908051                  ,"PPI Commodity data for Machinery and equipment-Industrial filters and strainers and reusable media, except fluid power, not seasonally adjusted",Index base: 2011.12 = 100,2011-M12,2022-M04,,,,,,,,,,,,,,,,,,,,,,,,,,,,,,,,,,,,,,,,,,,,,,,,,,,,,,,,,,,,,,,,,,,,,,,,,,101.1,104.0,106.6,107.3,112.0,113.4,114.8,118.8,116.2,122.043
WPU114908052                  ,WPU114908052                  ,"PPI Commodity data for Machinery and equipment-Nonreusable media for filters and strainers, except fluid power, not seasonally adjusted",Index base: 2011.12 = 100,2011-M12,2022-M04,,,,,,,,,,,,,,,,,,,,,,,,,,,,,,,,,,,,,,,,,,,,,,,,,,,,,,,,,,,,,,,,,,,,,,,,,,101.5,102.7,104.3,,,105.8,109.0,113.1,110.8,116.619
WPU114908053                  ,WPU114908053                  ,"PPI Commodity data for Machinery and equipment-Parts and accessories for filters and strainers, except fluid power, not seasonally adjusted",Index base: 2011.12 = 100,2011-M12,2022-M04,,,,,,,,,,,,,,,,,,,,,,,,,,,,,,,,,,,,,,,,,,,,,,,,,,,,,,,,,,,,,,,,,,,,,,,,,,102.9,108.2,110.2,,,,108.9,111.5,114.4,122.26
WPU114911                     ,WPU114911                     ,"PPI Commodity data for Machinery and equipment-Other miscellaneous general purpose equipment, not seasonally adjusted",Index base: 1984.12 = 100,1984-M12,2022-M04,,,,,,,,,,,,,,,,,,,,,,,,,,,,,,,,,,,,,,,,,,,,,,,101.0,102.1,103.6,113.0,119.3,124.5,130.6,133.7,138.4,140.8,144.6,148.2,149.5,149.0,151.1,154.7,155.0,156.8,156.0,159.5,162.6,165.6,169.2,176.5,181.4,181.9,188.5,194.1,199.0,203.2,205.4,206.6,207.4,210.0,216.4,219.2,225.824
WPU11491102                   ,WPU11491102                   ,"PPI Commodity data for Machinery and equipment-General industrial machinery equipment, n.e.c., not seasonally adjusted",Index base: 2007.06 = 100,2007-M06,2022-M04,,,,,,,,,,,,,,,,,,,,,,,,,,,,,,,,,,,,,,,,,,,,,,,,,,,,,,,,,,,,,,,,,,,,,,103.6,106.0,106.8,110.5,113.8,116.7,119.5,121.4,122.1,122.4,124.1,127.7,129.6,133.647
WPU11491103                   ,WPU11491103                   ,"PPI Commodity data for Machinery and equipment-Miscellaneous machinery products, except electrical, n.e.c., not seasonally adjusted",Index base: 2007.06 = 100,2007-M06,2015-M09,,,,,,,,,,,,,,,,,,,,,,,,,,,,,,,,,,,,,,,,,,,,,,,,,,,,,,,,,,,,,,,,,,,,,,106.9,111.8,110.1,114.9,118.1,120.8,122.4,,,,,,,
WPU115                        ,WPU115                        ,"PPI Commodity data for Machinery and equipment-Electronic computers and computer equipment, not seasonally adjusted",Index base: 1998.12 = 100,1990-M12,2022-M04,,,,,,,,,,,,,,,,,,,,,,,,,,,,,,,,,,,,,,,,,,,,,,,,,,,,,294.6,242.4,206.0,188.7,173.0,150.7,129.7,108.2,93.5,86.3,78.4,68.9,61.5,56.6,51.9,47.8,43.8,40.3,37.6,35.8,34.0,32.8,31.0,30.3,29.1,27.9,27.5,27.3,26.3,25.6,25.719
WPU1151                       ,WPU1151                       ,"PPI Commodity data for Machinery and equipment-Electronic computers, not seasonally adjusted",Index base: 2004.12 = 100,1990-M12,2022-M04,,,,,,,,,,,,,,,,,,,,,,,,,,,,,,,,,,,,,,,,,,,,,,,,,,,,,1460.2,1201.8,1032.5,952.9,850.1,697.0,544.9,405.6,312.6,261.6,203.4,153.5,122.3,107.3,85.5,66.5,51.6,40.8,34.0,30.3,26.8,24.8,22.5,21.3,20.4,19.5,18.4,17.8,16.6,15.4,15.631
WPU115101                     ,WPU115101                     ,"PPI Commodity data for Machinery and equipment-Electronic computers, not seasonally adjusted",Index base: 2004.12 = 100,1990-M12,2022-M04,,,,,,,,,,,,,,,,,,,,,,,,,,,,,,,,,,,,,,,,,,,,,,,,,,,,,1460.2,1201.8,1032.5,952.9,850.1,697.0,544.9,405.6,312.6,261.6,203.4,153.5,122.3,107.3,85.5,66.5,51.6,40.8,34.0,30.3,26.8,24.8,22.5,21.3,20.4,19.5,18.4,17.8,16.6,15.4,15.631
WPU11510114                   ,WPU11510114                   ,"PPI Commodity data for Machinery and equipment-Personal computers and workstations (excluding portable computers), not seasonally adjusted",Index base: 2007.06 = 100,1992-M12,2022-M04,,,,,,,,,,,,,,,,,,,,,,,,,,,,,,,,,,,,,,,,,,,,,,,,,,,,,,,5873.7,5198.2,4184.6,2895.0,1951.4,1165.6,758.7,612.2,431.8,336.0,268.9,238.5,178.4,130.9,97.9,71.0,54.6,48.6,40.7,36.7,33.1,30.8,29.2,27.7,26.4,25.2,23.3,21.7,21.415
WPU11510115                   ,WPU11510115                   ,"PPI Commodity data for Machinery and equipment-Portable computers, laptops, tablets and other single user computers, not seasonally adjusted",Index base: 2007.06 = 100,1992-M12,2022-M04,,,,,,,,,,,,,,,,,,,,,,,,,,,,,,,,,,,,,,,,,,,,,,,,,,,,,,,10088.7,8728.0,6490.6,4347.7,2857.7,1765.8,1024.4,804.9,540.6,396.0,299.8,242.6,188.2,127.8,97.1,70.9,55.8,46.5,39.2,33.8,28.4,24.9,22.3,20.4,,18.4,17.5,15.6,14.848
WPU11510116                   ,WPU11510116                   ,"PPI Commodity data for Machinery and equipment-Host computers, multiusers (mainframes, UNIX and PC servers), not seasonally adjusted",Index base: 2004.12 = 100,2004-M12,2022-M04,,,,,,,,,,,,,,,,,,,,,,,,,,,,,,,,,,,,,,,,,,,,,,,,,,,,,,,,,,,,,,,,,,,87.7,70.7,54.0,45.6,40.8,36.8,33.9,33.0,31.5,31.1,30.9,30.1,28.1,,25.7,24.0,24.545
WPU1152                       ,WPU1152                       ,"PPI Commodity data for Machinery and equipment-Computer storage devices, not seasonally adjusted",Index base: 2004.12 = 100,1992-M12,2022-M04,,,,,,,,,,,,,,,,,,,,,,,,,,,,,,,,,,,,,,,,,,,,,,,,,,,,,,,782.5,675.3,592.7,498.2,427.9,369.7,330.1,302.4,269.3,198.1,152.0,116.3,93.4,72.8,65.1,61.2,56.9,53.2,51.1,52.6,49.2,48.1,46.7,46.9,46.6,46.2,45.7,46.2,46.786
WPU115201                     ,WPU115201                     ,"PPI Commodity data for Machinery and equipment-Computer storage devices (except parts, attachments and accessories), not seasonally adjusted",Index base: 2004.12 = 100,1992-M12,2022-M04,,,,,,,,,,,,,,,,,,,,,,,,,,,,,,,,,,,,,,,,,,,,,,,,,,,,,,,871.5,748.5,655.3,537.3,443.8,373.9,338.5,310.0,276.1,203.1,155.8,117.7,89.5,69.6,62.1,57.1,51.1,47.7,47.1,52.5,48.5,47.3,45.8,46.2,46.0,45.7,45.2,45.6,46.294
WPU11520101                   ,WPU11520101                   ,"PPI Commodity data for Machinery and equipment-Computer storage devices (except parts, attachments and accessories), not seasonally adjusted",Index base: 2004.12 = 100,1992-M12,2022-M04,,,,,,,,,,,,,,,,,,,,,,,,,,,,,,,,,,,,,,,,,,,,,,,,,,,,,,,871.5,748.5,655.3,537.3,443.8,373.9,338.5,310.0,276.1,203.1,155.8,117.7,89.5,69.6,62.1,57.1,51.1,47.7,47.1,52.5,48.5,47.3,45.8,46.2,46.0,45.7,45.2,45.6,46.294
WPU1154                       ,WPU1154                       ,"PPI Commodity data for Machinery and equipment-Computer peripheral equipment and parts, not seasonally adjusted",Index base: 1998.12 = 100,1993-M12,2022-M04,,,,,,,,,,,,,,,,,,,,,,,,,,,,,,,,,,,,,,,,,,,,,,,,,,,,,,,,125.7,122.7,118.2,114.2,105.0,97.9,96.6,96.0,96.6,95.6,93.3,92.4,91.4,90.7,90.5,90.9,90.0,88.5,88.3,90.0,92.0,87.9,82.4,85.1,86.4,82.8,80.3,79.893
WPU115405                     ,WPU115405                     ,"PPI Commodity data for Machinery and equipment-Parts, attachments & accessories for computer and POS terminals and computer peripherals, not seasonally adjusted",Index base: 1998.12 = 100,1994-M07,2018-M13,,,,,,,,,,,,,,,,,,,,,,,,,,,,,,,,,,,,,,,,,,,,,,,,,,,,,,,,,96.8,98.0,98.5,99.6,100.0,97.9,97.2,103.7,103.8,100.4,98.9,95.7,94.9,94.2,92.6,91.2,90.7,91.3,95.7,102.1,105.9,110.5,122.1,125.2,,,
WPU11540501                   ,WPU11540501                   ,"PPI Commodity data for Machinery and equipment-Parts, attachments & accessories for computer and POS terminals and computer peripherals, not seasonally adjusted",Index base: 1998.12 = 100,1994-M07,2018-M13,,,,,,,,,,,,,,,,,,,,,,,,,,,,,,,,,,,,,,,,,,,,,,,,,,,,,,,,,96.8,98.0,98.5,99.6,100.0,97.9,97.2,103.7,103.8,100.4,98.9,95.7,94.9,94.2,92.6,91.2,90.7,91.3,95.7,102.1,105.9,110.5,122.1,125.2,,,
WPU115406                     ,WPU115406                     ,"PPI Commodity data for Machinery and equipment-POS terminals, funds-transfer devices, computer terminals & other computer peripheral equip., not seasonally adjusted",Index base: 1999.06 = 100,1999-M06,2022-M04,,,,,,,,,,,,,,,,,,,,,,,,,,,,,,,,,,,,,,,,,,,,,,,,,,,,,,,,,,,,,,99.3,99.7,99.4,98.8,96.6,95.7,,95.5,95.2,96.2,95.3,93.5,93.1,93.5,93.2,84.4,72.9,71.1,71.5,67.4,64.5,64.07
WPU11540602                   ,WPU11540602                   ,"PPI Commodity data for Machinery and equipment-POS terminals, funds-transfer devices, computer terminals & other computer peripheral equip., not seasonally adjusted",Index base: 2007.06 = 100,2007-M06,2022-M04,,,,,,,,,,,,,,,,,,,,,,,,,,,,,,,,,,,,,,,,,,,,,,,,,,,,,,,,,,,,,,,,,,,,,,99.5,100.5,99.6,97.8,97.3,97.7,97.4,88.2,76.3,74.3,74.7,70.4,67.4,66.972
WPU116                        ,WPU116                        ,"PPI Commodity data for Machinery and equipment-Special industry machinery and equipment, not seasonally adjusted",Index base: 1982 = 100,1961-M01,2022-M04,,,,,,,,,,,,,,,,,,,,,,,26.5,26.9,27.4,27.9,28.4,29.5,30.8,32.4,33.8,35.6,37.2,38.0,40.0,46.4,53.8,58.0,62.3,68.6,76.0,84.8,94.7,100.0,103.7,107.3,110.8,114.2,117.3,121.7,127.0,131.5,135.9,139.5,143.7,146.2,149.8,153.3,156.7,159.1,161.3,163.1,165.0,165.5,166.6,170.1,173.8,177.6,182.4,187.6,189.7,189.0,191.7,193.7,194.4,197.6,200.1,201.3,203.6,207.0,211.3,215.2,230.501
WPU1161                       ,WPU1161                       ,"PPI Commodity data for Machinery and equipment-Food products machinery, not seasonally adjusted",Index base: 1982 = 100,1960-M12,2022-M04,,,,,,,,,,,,,,,,,,,,,,28.4,28.5,28.9,29.5,30.0,30.4,31.0,32.1,34.1,35.2,37.1,38.7,40.1,42.1,47.3,53.3,57.8,62.4,67.7,74.6,84.9,95.8,100.0,101.6,102.8,108.4,113.5,115.9,120.9,127.8,133.4,139.3,143.8,147.3,152.6,157.5,161.1,165.4,168.9,171.7,175.9,179.2,180.5,182.6,189.4,196.3,207.8,222.3,230.6,232.6,235.7,241.0,248.3,254.9,261.4,265.3,270.7,274.0,282.8,290.7,297.6,307.973
WPU116101                     ,WPU116101                     ,"PPI Commodity data for Machinery and equipment-Dairy and milk products plant machinery and equipment, not seasonally adjusted",Index base: 1982 = 100,1960-M12,2022-M04,,,,,,,,,,,,,,,,,,,,,,39.1,39.1,39.7,40.7,41.7,42.4,43.6,44.5,45.7,46.8,49.2,50.9,51.7,53.2,57.0,63.3,67.7,71.6,74.9,82.7,91.0,97.5,100.0,101.6,104.3,102.7,105.7,109.7,116.6,124.1,128.4,134.7,140.5,141.9,151.2,159.2,162.4,166.1,168.1,169.4,176.1,181.6,185.9,190.7,199.2,205.1,213.4,222.9,230.6,226.2,225.7,227.8,231.5,236.8,238.9,244.2,246.9,250.7,258.9,269.1,275.7,292.457
WPU11610111                   ,WPU11610111                   ,"PPI Commodity data for Machinery and equipment-Dairy and milk products plant machinery and equipment, not seasonally adjusted",Index base: 1983.12 = 100,1983-M12,2022-M04,,,,,,,,,,,,,,,,,,,,,,,,,,,,,,,,,,,,,,,,,,,,,,,,,,,,,,137.4,138.8,147.9,155.7,158.8,162.4,164.5,165.7,172.3,177.7,181.9,186.6,194.9,200.6,208.8,218.0,225.5,221.3,220.8,222.9,226.5,231.6,233.7,238.9,241.5,245.3,253.3,263.2,269.7,286.094
WPU116104                     ,WPU116104                     ,"PPI Commodity data for Machinery and equipment-Commercial food products machinery (except packaging and cooking equipment), not seasonally adjusted",Index base: 1982 = 100,1961-M01,2022-M04,,,,,,,,,,,,,,,,,,,,,,,30.7,31.1,31.1,31.1,31.1,31.7,32.8,34.4,35.6,37.8,40.1,41.1,42.6,47.3,52.2,56.5,61.1,67.2,74.2,85.1,96.9,100.0,100.9,101.2,109.4,115.2,117.2,122.3,128.3,133.1,138.2,142.4,145.7,150.6,155.0,158.6,162.5,165.8,167.4,170.6,171.7,171.8,173.0,179.6,187.1,192.4,200.4,206.7,210.2,214.1,217.4,223.3,228.5,232.6,233.9,238.8,239.3,249.0,254.4,260.0,268.884
WPU11610409                   ,WPU11610409                   ,"PPI Commodity data for Machinery and equipment-Commercial food products machinery (except packaging and cooking equipment), not seasonally adjusted",Index base: 1983.12 = 100,1983-M12,2022-M04,,,,,,,,,,,,,,,,,,,,,,,,,,,,,,,,,,,,,,,,,,,,,,,,,,,,,,140.5,143.8,148.5,152.9,156.5,160.4,163.6,165.2,168.3,169.4,169.5,170.7,177.2,184.6,189.8,197.7,203.9,207.4,211.2,214.5,220.3,225.4,229.5,230.8,235.6,236.1,245.6,250.9,256.5,265.268
WPU116105                     ,WPU116105                     ,"PPI Commodity data for Machinery and equipment-Industrial food products machinery for processing foods, beverages, & animal & fowl feed, not seasonally adjusted",Index base: 1983.12 = 100,1984-M02,2022-M04,,,,,,,,,,,,,,,,,,,,,,,,,,,,,,,,,,,,,,,,,,,,,,101.5,104.4,106.7,108.2,112.1,118.9,125.1,131.2,135.0,139.5,143.0,146.4,149.9,154.4,158.2,162.3,166.3,170.5,171.9,174.0,180.0,186.0,203.0,223.2,232.9,235.1,238.2,245.8,254.7,262.8,273.5,280.0,286.6,293.0,300.0,308.9,316.8,323.845
WPU11610501                   ,WPU11610501                   ,"PPI Commodity data for Machinery and equipment-Industrial food products machinery for processing foods, beverages, & animal & fowl feed, not seasonally adjusted",Index base: 1983.12 = 100,1983-M12,2022-M04,,,,,,,,,,,,,,,,,,,,,,,,,,,,,,,,,,,,,,,,,,,,,,,,,,,,,,135.0,139.5,143.0,146.4,149.9,154.4,158.2,162.3,166.3,170.5,171.9,174.0,180.0,186.0,203.0,223.2,232.9,235.1,238.2,245.8,254.7,262.8,273.5,280.0,286.6,293.0,300.0,308.9,316.8,323.845
WPU116105012                  ,WPU116105012                  ,"PPI Commodity data for Machinery and equipment-Other industrial food and feed machinery, not seasonally adjusted",Index base: 2012.12 = 100,2012-M12,2022-M04,,,,,,,,,,,,,,,,,,,,,,,,,,,,,,,,,,,,,,,,,,,,,,,,,,,,,,,,,,,,,,,,,,,,,,,,,,,102.9,108.3,110.9,112.2,114.0,116.8,119.6,122.4,124.746
WPU116105013                  ,WPU116105013                  ,"PPI Commodity data for Machinery and equipment-Machinery for sorting, grading, and cleaning fruits, vegetables, eggs, and for processing meat, not seasonally adjusted",Index base: 2012.12 = 100,2012-M12,2022-M04,,,,,,,,,,,,,,,,,,,,,,,,,,,,,,,,,,,,,,,,,,,,,,,,,,,,,,,,,,,,,,,,,,,,,,,,,,,102.7,106.0,108.8,113.7,118.1,120.2,123.3,127.3,132.062
WPU116105014                  ,WPU116105014                  ,"PPI Commodity data for Machinery and equipment-Parts and attachments for industrial food and feed products machinery, not seasonally adjusted",Index base: 2012.12 = 100,2012-M12,2022-M04,,,,,,,,,,,,,,,,,,,,,,,,,,,,,,,,,,,,,,,,,,,,,,,,,,,,,,,,,,,,,,,,,,,,,,,,,,,101.8,101.5,103.5,107.7,110.4,114.3,119.9,122.4,123.657
WPU1162                       ,WPU1162                       ,"PPI Commodity data for Machinery and equipment-Textile machinery and equipment, not seasonally adjusted",Index base: 1982 = 100,1960-M12,2022-M04,,,,,,,,,,,,,,,,,,,,,,35.8,36.1,36.5,36.8,37.1,37.6,38.3,39.3,41.2,42.8,45.4,47.5,48.5,50.9,56.2,63.3,66.5,69.8,74.5,80.1,87.2,96.0,100.0,102.7,104.9,107.6,112.1,115.5,119.4,123.9,128.8,135.0,138.9,143.7,144.9,146.7,148.4,152.1,152.8,154.2,156.2,158.0,157.0,157.6,158.1,160.5,161.7,162.5,164.9,166.3,165.9,166.9,168.9,172.8,175.4,176.1,173.0,171.3,171.7,172.2,173.8,174.646
WPU116212                     ,WPU116212                     ,"PPI Commodity data for Machinery and equipment-Textile machinery (except parts, attachments, and accessories), not seasonally adjusted",Index base: 1986.06 = 100,1986-M06,2022-M04,,,,,,,,,,,,,,,,,,,,,,,,,,,,,,,,,,,,,,,,,,,,,,,,,103.4,107.7,112.8,119.7,127.3,129.7,130.6,130.7,131.1,131.9,133.8,134.2,134.8,136.9,139.0,139.2,139.7,139.9,141.5,141.7,141.4,142.2,143.0,142.0,141.6,141.8,144.3,146.0,,144.8,144.8,145.4,145.9,147.6,147.963
WPU11621201                   ,WPU11621201                   ,"PPI Commodity data for Machinery and equipment-Textile machinery (except parts, attachments, and accessories), not seasonally adjusted",Index base: 1986.06 = 100,1986-M06,2022-M04,,,,,,,,,,,,,,,,,,,,,,,,,,,,,,,,,,,,,,,,,,,,,,,,,103.4,107.7,112.8,119.7,127.3,129.7,130.6,130.7,131.1,131.9,133.8,134.2,134.8,136.9,139.0,139.2,139.7,139.9,141.5,141.7,141.4,142.2,143.0,142.0,141.6,141.8,144.3,146.0,,144.8,144.8,145.4,145.9,147.6,147.963
WPU116277                     ,WPU116277                     ,"PPI Commodity data for Machinery and equipment-Textile machinery parts and attachments, not seasonally adjusted",Index base: 1982 = 100,1980-M12,2022-M04,,,,,,,,,,,,,,,,,,,,,,,,,,,,,,,,,,,,,,,,,,,92.8,100.0,101.5,104.4,108.0,111.8,116.0,119.6,122.7,125.1,128.9,135.0,146.3,148.4,151.2,153.4,156.8,158.1,160.5,162.7,164.0,161.7,162.1,163.2,166.9,170.3,173.3,178.6,181.1,182.0,185.4,191.5,198.0,202.5,204.4,197.3,191.6,191.5,191.5,192.3,194.353
WPU11627701                   ,WPU11627701                   ,"PPI Commodity data for Machinery and equipment-Textile machinery parts and attachments, not seasonally adjusted",Index base: 1986.06 = 100,1986-M06,2022-M04,,,,,,,,,,,,,,,,,,,,,,,,,,,,,,,,,,,,,,,,,,,,,,,,,104.1,107.4,110.1,112.3,115.7,121.2,131.3,133.2,135.7,137.7,140.8,141.9,144.0,146.0,147.2,145.1,145.5,146.5,149.8,152.8,155.6,160.3,162.5,163.3,166.4,171.9,177.7,181.7,183.4,177.0,171.9,171.9,171.9,172.6,174.426
WPU1163                       ,WPU1163                       ,"PPI Commodity data for Machinery and equipment-Sawmill and woodworking machinery, not seasonally adjusted",Index base: 1982 = 100,1960-M12,2022-M04,,,,,,,,,,,,,,,,,,,,,,30.9,30.9,31.0,31.5,32.1,32.3,32.6,34.9,35.1,36.7,37.9,39.5,41.1,41.9,47.2,54.3,59.2,63.6,68.7,75.5,86.0,94.0,100.0,102.1,102.7,105.6,106.3,108.0,113.6,117.9,122.1,124.5,128.4,132.8,133.4,137.1,141.9,143.9,144.8,145.8,145.6,145.5,147.0,147.5,147.0,151.2,155.6,159.5,166.6,168.9,169.7,172.3,176.5,180.6,187.5,197.0,202.7,209.9,226.6,234.0,236.1,253.772
WPU116306                     ,WPU116306                     ,"PPI Commodity data for Machinery and equipment-Sawmill and woodworking machinery, not seasonally adjusted",Index base: 2004.12 = 100,2004-M12,2022-M04,,,,,,,,,,,,,,,,,,,,,,,,,,,,,,,,,,,,,,,,,,,,,,,,,,,,,,,,,,,,,,,,,,,101.7,104.6,107.2,112.0,113.6,114.1,115.8,118.7,121.4,126.1,132.4,136.3,141.1,152.3,157.3,158.7,170.602
WPU11630602                   ,WPU11630602                   ,"PPI Commodity data for Machinery and equipment-Sawmill and woodworking machinery, excluding parts and attachments (sold separately), not seasonally adjusted",Index base: 2012.06 = 100,2012-M06,2022-M04,,,,,,,,,,,,,,,,,,,,,,,,,,,,,,,,,,,,,,,,,,,,,,,,,,,,,,,,,,,,,,,,,,,,,,,,,,,103.1,107.5,114.3,117.8,121.0,127.9,131.5,132.7,143.943
WPU11630603                   ,WPU11630603                   ,"PPI Commodity data for Machinery and equipment-Parts, attachments, & accessories for sawmill & woodworking machinery, not seasonally adjusted",Index base: 2012.06 = 100,2012-M06,2022-M04,,,,,,,,,,,,,,,,,,,,,,,,,,,,,,,,,,,,,,,,,,,,,,,,,,,,,,,,,,,,,,,,,,,,,,,,,,,102.0,104.3,104.7,107.3,114.3,137.7,,,150.668
WPU1164                       ,WPU1164                       ,"PPI Commodity data for Machinery and equipment-Paper industries machinery, not seasonally adjusted",Index base: 1982.06 = 100,1982-M06,2022-M04,,,,,,,,,,,,,,,,,,,,,,,,,,,,,,,,,,,,,,,,,,,,,103.7,106.3,109.8,113.0,115.4,119.4,128.5,134.8,140.1,142.7,144.9,147.5,151.0,153.8,157.4,160.0,162.6,164.7,166.8,168.9,170.3,173.7,178.1,180.6,183.4,188.5,193.7,197.2,200.7,204.7,208.6,213.0,216.2,219.8,219.5,222.3,227.8,229.2,235.118
WPU116401                     ,WPU116401                     ,"PPI Commodity data for Machinery and equipment-Paper industries machinery, not seasonally adjusted",Index base: 1982.06 = 100,1982-M06,2022-M04,,,,,,,,,,,,,,,,,,,,,,,,,,,,,,,,,,,,,,,,,,,,,103.7,106.3,109.8,113.0,115.4,119.4,128.5,134.8,140.1,142.7,144.9,147.5,151.0,153.8,157.4,160.0,162.6,164.7,166.8,168.9,170.3,173.7,178.1,180.6,183.4,188.5,193.7,197.2,200.7,204.7,208.6,213.0,216.2,219.8,219.5,222.3,227.8,229.2,235.118
WPU11640114                   ,WPU11640114                   ,"PPI Commodity data for Machinery and equipment-Paper industries machinery, excluding parts & attachments (sold separately), not seasonally adjusted",Index base: 2003.12 = 100,2003-M12,2022-M04,,,,,,,,,,,,,,,,,,,,,,,,,,,,,,,,,,,,,,,,,,,,,,,,,,,,,,,,,,,,,,,,,,101.4,103.2,104.5,106.2,108.3,110.5,113.1,115.5,118.1,120.2,121.7,123.7,126.1,125.1,125.9,127.7,127.8,131.162
WPU11640115                   ,WPU11640115                   ,"PPI Commodity data for Machinery and equipment-Parts and attachments for paper industries machinery, not seasonally adjusted",Index base: 2003.12 = 100,2003-M12,2022-M04,,,,,,,,,,,,,,,,,,,,,,,,,,,,,,,,,,,,,,,,,,,,,,,,,,,,,,,,,,,,,,,,,,103.4,107.7,109.6,110.8,115.3,119.8,121.0,122.4,124.3,127.0,131.0,132.7,134.5,135.3,138.2,143.2,144.9,148.616
WPU1165                       ,WPU1165                       ,"PPI Commodity data for Machinery and equipment-Printing trades machinery and equipment, not seasonally adjusted",Index base: 1982 = 100,1960-M12,2022-M04,,,,,,,,,,,,,,,,,,,,,,26.9,27.4,28.3,28.8,29.4,30.2,31.7,33.8,37.2,40.1,42.5,43.8,44.2,46.6,51.5,58.3,61.7,66.6,72.8,80.3,89.7,96.2,100.0,104.4,106.9,109.0,111.9,114.5,120.1,123.0,124.9,126.5,126.8,129.5,130.9,133.6,136.8,138.8,140.9,141.0,142.1,143.3,143.7,143.1,143.4,144.3,146.5,150.5,152.7,157.1,155.4,156.5,158.5,161.1,160.2,162.3,163.8,163.0,164.0,164.6,165.3,167.93
WPU116508                     ,WPU116508                     ,"PPI Commodity data for Machinery and equipment-Printing presses, not seasonally adjusted",Index base: 2009.06 = 100,2009-M06,2022-M04,,,,,,,,,,,,,,,,,,,,,,,,,,,,,,,,,,,,,,,,,,,,,,,,,,,,,,,,,,,,,,,,,,,,,,,,,96.0,97.3,101.4,101.5,102.6,103.9,103.3,103.4,103.3,103.4,105.886
WPU11650830                   ,WPU11650830                   ,"PPI Commodity data for Machinery and equipment-Printing presses, not seasonally adjusted",Index base: 2009.06 = 100,2009-M06,2022-M04,,,,,,,,,,,,,,,,,,,,,,,,,,,,,,,,,,,,,,,,,,,,,,,,,,,,,,,,,,,,,,,,,,,,,,,,,96.0,97.3,101.4,101.5,102.6,103.9,103.3,103.4,103.3,103.4,105.886
WPU116509                     ,WPU116509                     ,"PPI Commodity data for Machinery and equipment-Other printing machinery and equipment, not seasonally adjusted",Index base: 1982.12 = 100,1982-M12,2022-M04,,,,,,,,,,,,,,,,,,,,,,,,,,,,,,,,,,,,,,,,,,,,,101.0,105.6,110.1,113.0,115.5,119.5,121.9,124.0,127.2,129.5,131.0,131.5,135.9,138.0,140.9,142.3,143.5,145.2,146.3,145.7,145.1,146.1,147.1,147.1,148.5,150.0,148.6,147.8,149.9,151.4,152.3,150.9,153.1,154.3,153.5,154.8,155.5,156.3,158.449
WPU11650912                   ,WPU11650912                   ,"PPI Commodity data for Machinery and equipment-Other printing machinery and equipment, incl. pre-press preparation equipment & plates, not seasonally adjusted",Index base: 2009.06 = 100,2009-M06,2022-M04,,,,,,,,,,,,,,,,,,,,,,,,,,,,,,,,,,,,,,,,,,,,,,,,,,,,,,,,,,,,,,,,,,,,,,,,99.6,101.0,101.2,101.4,97.6,97.4,96.1,93.1,93.9,93.6,94.4,95.387
WPU11650913                   ,WPU11650913                   ,"PPI Commodity data for Machinery and equipment-Parts, attachments, & accessories for printing trades machinery, not seasonally adjusted",Index base: 2009.06 = 100,2009-M06,2022-M04,,,,,,,,,,,,,,,,,,,,,,,,,,,,,,,,,,,,,,,,,,,,,,,,,,,,,,,,,,,,,,,,,,,,,,,,99.0,100.6,102.8,103.9,104.4,105.9,107.3,109.0,110.2,111.2,111.6,113.33
WPU11650914                   ,WPU11650914                   ,"PPI Commodity data for Machinery and equipment-Bookbinding machinery and equipment, not seasonally adjusted",Index base: 2011.12 = 100,2011-M12,2020-M09,,,,,,,,,,,,,,,,,,,,,,,,,,,,,,,,,,,,,,,,,,,,,,,,,,,,,,,,,,,,,,,,,,,,,,,,,,,,,,,114.5,114.5,114.7,,
WPU1166                       ,WPU1166                       ,"PPI Commodity data for Machinery and equipment-Other special industry machinery, not seasonally adjusted",Index base: 1982 = 100,1960-M12,2022-M04,,,,,,,,,,,,,,,,,,,,,,20.7,20.7,20.9,21.6,22.0,22.7,23.9,25.1,26.0,27.1,28.3,29.9,30.4,32.3,40.7,49.2,53.7,58.4,65.8,74.1,82.9,93.9,100.0,104.2,109.0,112.7,115.6,119.0,123.2,128.1,132.8,137.4,141.7,146.8,148.5,151.9,155.8,158.6,160.9,163.4,164.2,165.6,164.2,165.0,169.0,171.5,174.2,177.5,180.1,178.2,174.7,177.0,176.8,174.3,175.3,175.7,175.9,177.6,179.7,183.3,188.8,211.952
WPU116603                     ,WPU116603                     ,"PPI Commodity data for Machinery and equipment-Plastics and rubber working machinery, not seasonally adjusted",Index base: 1982 = 100,1981-M12,2022-M04,,,,,,,,,,,,,,,,,,,,,,,,,,,,,,,,,,,,,,,,,,,,100.0,104.1,110.9,114.0,118.8,124.9,129.4,134.2,138.2,142.8,144.8,150.3,152.5,157.3,160.3,163.3,166.4,169.3,170.6,173.4,174.1,174.2,178.2,184.1,187.2,188.0,196.1,200.5,202.2,204.2,206.9,211.1,212.9,215.0,216.2,215.9,215.2,219.6,222.3,218.379
WPU11660319                   ,WPU11660319                   ,"PPI Commodity data for Machinery and equipment-Rubberworking machinery and equipment, excluding molds, not seasonally adjusted",Index base: 1987.06 = 100,1991-M07,2015-M07,,,,,,,,,,,,,,,,,,,,,,,,,,,,,,,,,,,,,,,,,,,,,,,,,,,,,,,,,143.5,148.3,157.1,158.9,158.2,158.0,157.5,157.2,160.6,162.9,166.0,169.0,172.2,179.9,,,215.9,213.0,224.0,223.5,,,,,,,
WPU1166039                    ,WPU1166039                    ,"PPI Commodity data for Machinery and equipment-Plastics working machinery and equipment, excluding patterns and molds, including parts, not seasonally adjusted",Index base: 2015.09 = 100,2015-M09,2022-M04,,,,,,,,,,,,,,,,,,,,,,,,,,,,,,,,,,,,,,,,,,,,,,,,,,,,,,,,,,,,,,,,,,,,,,,,,,,,,,100.5,100.3,99.7,102.1,103.6,101.468
WPU11660391                   ,WPU11660391                   ,"PPI Commodity data for Machinery and equipment-Plasticworking machinery (excluding parts), not seasonally adjusted",Index base: 2008.12 = 100,2008-M12,2022-M04,,,,,,,,,,,,,,,,,,,,,,,,,,,,,,,,,,,,,,,,,,,,,,,,,,,,,,,,,,,,,,,,,,,,,,,100.4,101.2,102.1,103.6,105.9,107.0,107.9,108.3,108.0,107.0,109.7,111.1,107.627
WPU11660395                   ,WPU11660395                   ,"PPI Commodity data for Machinery and equipment-Parts for plasticworking machinery, not seasonally adjusted",Index base: 2008.12 = 100,2008-M12,2022-M04,,,,,,,,,,,,,,,,,,,,,,,,,,,,,,,,,,,,,,,,,,,,,,,,,,,,,,,,,,,,,,,,,,,,,,,99.5,100.7,102.3,102.3,102.8,102.8,105.0,106.3,107.2,107.8,110.1,112.3,114.741
WPU116606                     ,WPU116606                     ,"PPI Commodity data for Machinery and equipment-Miscellaneous special industry machinery, not seasonally adjusted",Index base: 1982 = 100,1961-M01,2022-M04,,,,,,,,,,,,,,,,,,,,,,,20.4,21.3,21.8,21.9,23.0,24.3,25.7,27.5,28.5,29.0,30.0,30.5,32.1,38.8,49.2,53.4,60.3,67.3,74.3,83.7,92.0,100.0,104.3,110.0,114.4,117.4,120.5,125.0,129.6,134.5,139.3,144.3,149.7,151.2,153.8,158.4,160.5,162.5,164.9,165.4,166.4,163.6,164.2,167.7,168.9,169.8,172.3,174.1,171.4,166.2,167.1,166.2,162.8,163.5,163.9,164.1,165.9,168.4,171.7,177.3,203.107
WPU11660615                   ,WPU11660615                   ,"PPI Commodity data for Machinery and equipment-Chemical manufacturing machinery, not seasonally adjusted",Index base: 2001.06 = 100,2001-M06,2015-M09,,,,,,,,,,,,,,,,,,,,,,,,,,,,,,,,,,,,,,,,,,,,,,,,,,,,,,,,,,,,,,,,97.0,95.6,100.0,104.5,116.9,128.2,128.1,122.7,124.9,133.8,136.7,136.5,139.1,,,,,,,
WPU11660632                   ,WPU11660632                   ,"PPI Commodity data for Machinery and equipment-Foundry machinery and parts, not seasonally adjusted",Index base: 1983.06 = 100,1983-M06,2015-M09,,,,,,,,,,,,,,,,,,,,,,,,,,,,,,,,,,,,,,,,,,,,,,107.6,112.5,115.1,117.6,119.7,123.3,124.7,126.2,126.9,127.8,129.5,134.7,140.2,141.7,148.7,150.7,152.7,,,,,,,,,,230.2,234.6,236.4,238.9,240.0,,,,,,,
WPU11660638                   ,WPU11660638                   ,"PPI Commodity data for Machinery and equipment-Semiconductor manufacturing machinery and parts, not seasonally adjusted",Index base: 1987.06 = 100,1987-M06,2022-M04,,,,,,,,,,,,,,,,,,,,,,,,,,,,,,,,,,,,,,,,,,,,,,,,,,100.8,103.8,108.3,115.6,118.2,121.0,121.3,124.0,130.2,132.6,133.3,135.3,135.0,135.2,129.9,128.7,128.6,128.1,128.3,128.9,127.3,122.4,114.5,115.1,,,,,,,109.6,112.0,114.1,113.639
WPU11660641                   ,WPU11660641                   ,"PPI Commodity data for Machinery and equipment-Printed circuit board manufacturing machinery, not seasonally adjusted",Index base: 2001.06 = 100,2001-M06,2014-M04,,,,,,,,,,,,,,,,,,,,,,,,,,,,,,,,,,,,,,,,,,,,,,,,,,,,,,,,,,,,,,,,97.0,96.7,99.3,102.1,100.7,101.4,105.4,108.0,111.3,110.7,111.2,111.2,,,,,,,,
WPU11660647                   ,WPU11660647                   ,"PPI Commodity data for Machinery and equipment-All other miscellaneous special industry machinery and equipment, not seasonally adjusted",Index base: 2001.06 = 100,2001-M06,2021-M05,,,,,,,,,,,,,,,,,,,,,,,,,,,,,,,,,,,,,,,,,,,,,,,,,,,,,,,,,,,,,,,,100.0,101.8,107.2,109.6,110.0,112.6,118.6,119.3,120.3,121.1,122.6,123.1,124.7,125.5,125.8,129.2,133.1,134.4,143.9,
WPU1167                       ,WPU1167                       ,"PPI Commodity data for Machinery and equipment-Packing, packaging, and bottling machinery and parts, not seasonally adjusted",Index base: 1982 = 100,1976-M12,2022-M04,,,,,,,,,,,,,,,,,,,,,,,,,,,,,,,,,,,,,,,62.8,68.0,75.0,83.0,92.6,100.0,106.1,112.0,117.8,124.3,129.3,133.9,140.4,145.5,149.7,153.0,157.5,161.6,165.4,168.7,172.5,175.9,179.6,184.4,187.8,189.8,192.3,195.5,200.0,203.9,206.5,221.6,228.5,233.1,239.3,245.8,250.9,260.0,270.5,271.5,276.9,284.8,289.5,286.1,295.734
WPU116705                     ,WPU116705                     ,"PPI Commodity data for Machinery and equipment-Packing, packaging, and bottling machinery and parts, not seasonally adjusted",Index base: 2006.06 = 100,2006-M06,2022-M04,,,,,,,,,,,,,,,,,,,,,,,,,,,,,,,,,,,,,,,,,,,,,,,,,,,,,,,,,,,,,,,,,,,,,100.9,108.3,111.7,113.9,117.0,120.1,122.6,127.1,132.2,132.7,135.3,139.2,141.5,139.8,144.518
WPU11670501                   ,WPU11670501                   ,"PPI Commodity data for Machinery and equipment-Packing, packaging, and bottling machinery, excluding parts, not seasonally adjusted",Index base: 2006.06 = 100,2006-M06,2022-M04,,,,,,,,,,,,,,,,,,,,,,,,,,,,,,,,,,,,,,,,,,,,,,,,,,,,,,,,,,,,,,,,,,,,,100.7,108.0,111.5,113.0,115.5,118.4,120.6,124.3,127.6,128.7,131.6,134.5,135.7,136.8,140.761
WPU11670502                   ,WPU11670502                   ,"PPI Commodity data for Machinery and equipment-Parts for packing, packaging, and bottling machinery, not seasonally adjusted",Index base: 1983.12 = 100,1983-M12,2022-M04,,,,,,,,,,,,,,,,,,,,,,,,,,,,,,,,,,,,,,,,,,,,,,101.3,104.6,107.7,104.3,103.1,109.9,113.4,118.3,119.2,123.5,129.7,134.3,135.7,138.9,141.6,146.1,152.3,153.4,154.3,154.6,162.4,167.7,173.5,180.8,194.3,199.8,208.6,218.7,225.3,231.7,245.0,265.4,262.3,265.3,277.5,286.4,271.8,283.731
WPU1168                       ,WPU1168                       ,"PPI Commodity data for Machinery and equipment-Service industry machinery and parts, not seasonally adjusted",Index base: 1982.06 = 100,1982-M06,2022-M04,,,,,,,,,,,,,,,,,,,,,,,,,,,,,,,,,,,,,,,,,,,,,104.4,108.6,111.4,114.2,116.0,119.7,125.0,130.0,135.4,139.4,143.6,147.3,151.7,155.4,160.2,162.8,164.9,166.6,168.9,172.6,174.6,178.4,185.5,191.8,201.2,208.0,214.3,215.5,217.7,220.7,224.6,231.7,235.6,238.1,242.1,245.2,250.4,254.9,266.141
WPU116801                     ,WPU116801                     ,"PPI Commodity data for Machinery and equipment-Service industry machinery and parts, not seasonally adjusted",Index base: 1982.06 = 100,1982-M06,2022-M04,,,,,,,,,,,,,,,,,,,,,,,,,,,,,,,,,,,,,,,,,,,,,104.4,108.6,111.4,114.2,116.0,119.7,125.0,130.0,135.4,139.4,143.6,147.3,151.7,155.4,160.2,162.8,164.9,166.6,168.9,172.6,174.6,178.4,185.5,191.8,201.2,208.0,214.3,215.5,217.7,220.7,224.6,231.7,235.6,238.1,242.1,245.2,250.4,254.9,266.141
WPU11680111                   ,WPU11680111                   ,"PPI Commodity data for Machinery and equipment-Commercial and industrial vacuum cleaners, not seasonally adjusted",Index base: 1982.06 = 100,1982-M06,2020-M13,,,,,,,,,,,,,,,,,,,,,,,,,,,,,,,,,,,,,,,,,,,,,102.0,106.3,112.9,115.1,115.5,118.0,124.5,128.0,134.2,138.0,141.9,144.0,146.1,150.8,156.6,157.8,158.8,160.5,161.9,162.5,162.5,165.5,173.3,187.8,193.3,202.3,211.3,211.5,214.2,214.4,215.7,219.2,221.0,223.4,228.6,234.3,247.8,273.8,
WPU11680118                   ,WPU11680118                   ,"PPI Commodity data for Machinery and equipment-Commercial cooking and food warming equipment, not seasonally adjusted",Index base: 2003.12 = 100,1982-M06,2022-M04,,,,,,,,,,,,,,,,,,,,,,,,,,,,,,,,,,,,,,,,,,,,,107.0,111.8,113.5,114.8,115.9,117.4,121.2,124.2,126.8,129.4,131.6,133.9,136.4,138.4,141.2,143.1,146.2,,,,,102.6,109.1,115.4,122.3,128.2,131.4,131.9,134.8,137.3,141.5,144.7,146.6,149.9,155.4,157.4,160.0,161.4,172.448
WPU116801181                  ,WPU116801181                  ,"PPI Commodity data for Machinery and equipment-Commercial cooking equipment incl. ranges, deep-fat fryers, etc. except electric, not seasonally adjusted",Index base: 2011.12 = 100,2011-M12,2022-M04,,,,,,,,,,,,,,,,,,,,,,,,,,,,,,,,,,,,,,,,,,,,,,,,,,,,,,,,,,,,,,,,,,,,,,,,,,,,,,,119.6,121.2,122.8,123.8,135.759
WPU116801182                  ,WPU116801182                  ,"PPI Commodity data for Machinery and equipment-Commercial electric cooking equipment, incl. ranges, deep-fat fryers, etc., not seasonally adjusted",Index base: 2011.12 = 100,2011-M12,2022-M04,,,,,,,,,,,,,,,,,,,,,,,,,,,,,,,,,,,,,,,,,,,,,,,,,,,,,,,,,,,,,,,,,,,,,,,,,,,,,,,110.0,111.3,113.4,114.7,118.922
WPU116801183                  ,WPU116801183                  ,"PPI Commodity data for Machinery and equipment-Parts and accessories for commercial cooking and food warming equipment, not seasonally adjusted",Index base: 2011.12 = 100,2011-M12,2022-M04,,,,,,,,,,,,,,,,,,,,,,,,,,,,,,,,,,,,,,,,,,,,,,,,,,,,,,,,,,,,,,,,,,,,,,,,,,,,,,,110.0,111.0,114.1,114.4,116.359
WPU11680123                   ,WPU11680123                   ,"PPI Commodity data for Machinery and equipment-Other service industry machinery, incl. electronic teaching mach. & auto. maintenance equipment, not seasonally adjusted",Index base: 2007.06 = 100,2007-M06,2022-M04,,,,,,,,,,,,,,,,,,,,,,,,,,,,,,,,,,,,,,,,,,,,,,,,,,,,,,,,,,,,,,,,,,,,,,102.9,106.1,106.8,107.5,108.9,110.4,114.3,116.5,117.2,118.4,119.8,122.3,124.2,128.222
WPU116801232                  ,WPU116801232                  ,"PPI Commodity data for Machinery and equipment-All other parts and attachments for service industry equipment, not seasonally adjusted",Index base: 2011.12 = 100,2011-M12,2022-M04,,,,,,,,,,,,,,,,,,,,,,,,,,,,,,,,,,,,,,,,,,,,,,,,,,,,,,,,,,,,,,,,,,,,,,,,,,,,,,,97.9,99.5,102.4,103.5,110.403
WPU116801233                  ,WPU116801233                  ,"PPI Commodity data for Machinery and equipment-Commercial and industrial floor & carpet cleaning machines, excl. vacuum cleaners, not seasonally adjusted",Index base: 2016.09 = 100,2016-M09,2022-M04,,,,,,,,,,,,,,,,,,,,,,,,,,,,,,,,,,,,,,,,,,,,,,,,,,,,,,,,,,,,,,,,,,,,,,,,,,,,,,,101.7,104.4,111.1,114.8,118.869
WPU116801234                  ,WPU116801234                  ,"PPI Commodity data for Machinery and equipment-Automotive maintenance equipment, excluding handtools, not seasonally adjusted",Index base: 2016.09 = 100,2016-M09,2020-M05,,,,,,,,,,,,,,,,,,,,,,,,,,,,,,,,,,,,,,,,,,,,,,,,,,,,,,,,,,,,,,,,,,,,,,,,,,,,,,,100.0,100.0,100.1,,
WPU116801235                  ,WPU116801235                  ,"PPI Commodity data for Machinery and equipment-Electronic teaching machines, teaching aids, etc., incl. kits, not seasonally adjusted",Index base: 2016.09 = 100,2016-M09,2022-M04,,,,,,,,,,,,,,,,,,,,,,,,,,,,,,,,,,,,,,,,,,,,,,,,,,,,,,,,,,,,,,,,,,,,,,,,,,,,,,,101.4,101.9,101.9,102.0,102.118
WPU116801236                  ,WPU116801236                  ,"PPI Commodity data for Machinery and equipment-Other service industry equipment, not seasonally adjusted",Index base: 2016.09 = 100,2016-M09,2022-M04,,,,,,,,,,,,,,,,,,,,,,,,,,,,,,,,,,,,,,,,,,,,,,,,,,,,,,,,,,,,,,,,,,,,,,,,,,,,,,,100.9,102.6,105.8,108.2,113.434
WPU1169                       ,WPU1169                       ,"PPI Commodity data for Machinery and equipment-Commercial laundry and drycleaning machinery products, not seasonally adjusted",Index base: 1982.12 = 100,1982-M12,2022-M04,,,,,,,,,,,,,,,,,,,,,,,,,,,,,,,,,,,,,,,,,,,,,101.3,103.8,108.0,110.0,112.5,115.1,120.8,124.1,128.7,132.5,135.3,139.5,146.5,149.6,152.2,155.2,159.2,162.4,166.4,171.2,175.8,185.0,193.8,198.6,206.1,214.0,221.7,226.6,231.5,235.8,237.9,241.5,247.2,251.7,255.9,261.8,272.7,274.0,281.466
WPU116909                     ,WPU116909                     ,"PPI Commodity data for Machinery and equipment-Commercial laundry and drycleaning machinery products, not seasonally adjusted",Index base: 2003.06 = 100,2003-M06,2022-M04,,,,,,,,,,,,,,,,,,,,,,,,,,,,,,,,,,,,,,,,,,,,,,,,,,,,,,,,,,,,,,,,,,104.7,109.7,112.4,116.6,121.1,125.4,128.2,131.0,133.4,134.6,136.6,139.8,142.4,144.8,148.1,154.3,155.0,159.243
WPU11690901                   ,WPU11690901                   ,"PPI Commodity data for Machinery and equipment-Commercial laundry and drycleaning machinery products, not seasonally adjusted",Index base: 2003.06 = 100,2003-M06,2022-M04,,,,,,,,,,,,,,,,,,,,,,,,,,,,,,,,,,,,,,,,,,,,,,,,,,,,,,,,,,,,,,,,,,104.7,109.7,112.4,116.6,121.1,125.4,128.2,131.0,133.4,134.6,136.6,139.8,142.4,144.8,148.1,154.3,155.0,159.243
