index,Index,Label,unit,start,last,1926,1927,1928,1929,1930,1931,1932,1933,1934,1935,1936,1937,1938,1939,1940,1941,1942,1943,1944,1945,1946,1947,1948,1949,1950,1951,1952,1953,1954,1955,1956,1957,1958,1959,1960,1961,1962,1963,1964,1965,1966,1967,1968,1969,1970,1971,1972,1973,1974,1975,1976,1977,1978,1979,1980,1981,1982,1983,1984,1985,1986,1987,1988,1989,1990,1991,1992,1993,1994,1995,1996,1997,1998,1999,2000,2001,2002,2003,2004,2005,2006,2007,2008,2009,2010,2011,2012,2013,2014
WDU01110207                   ,WDU01110207                   ,"PPI Commodity data for Farm products-Pineapples, not seasonally adjusted, discontinued",Index base: 1991.12 = 100,1991-M12,2015-M10,,,,,,,,,,,,,,,,,,,,,,,,,,,,,,,,,,,,,,,,,,,,,,,,,,,,,,,,,,,,,,,,,,,108.7,109.9,96.0,104.2,107.9,113.6,,,116.3,118.6,113.3,128.3,134.5,130.6,,,,,,,,,
WDU01110217                   ,WDU01110217                   ,"PPI Commodity data for Farm products-Bananas, 40 lb. box, not seasonally adjusted, discontinued",Index base: 1982 = 100,1962-M12,1985-M13,,,,,,,,,,,,,,,,,,,,,,,,,,,,,,,,,,,,,47.0,45.7,46.1,42.9,41.3,42.2,41.3,43.5,43.9,38.1,43.3,44.0,49.1,64.8,68.7,72.8,76.5,87.0,101.3,107.1,100.0,114.6,98.5,104.4,,,,,,,,,,,,,,,,,,,,,,,,,,,,,
WDU01110218                   ,WDU01110218                   ,"PPI Commodity data for Farm products-Table grapes, not seasonally adjusted, discontinued",Index base: 1982 = 100,1947-M01,2011-M13,,,,,,,,,,,,,,,,,,,,,,32.4,29.8,29.0,25.5,29.3,23.2,30.7,25.0,27.4,29.1,28.8,31.0,31.4,27.6,30.6,28.9,29.8,30.1,25.0,26.8,29.6,30.7,30.7,31.2,,52.1,50.6,52.1,56.1,60.8,80.9,,88.8,98.7,98.5,100.0,81.7,,81.2,102.8,,,,,,,,,,,,,,,,,,,,,,141.5,103.2,129.2,116.7,,,
WDU01110223                   ,WDU01110223                   ,"PPI Commodity data for Farm products-Cantaloupes, not seasonally adjusted, discontinued",Index base: 1982 = 100,1947-M05,1991-M10,,,,,,,,,,,,,,,,,,,,,,31.0,38.0,38.8,33.6,35.1,39.6,34.7,25.4,23.7,30.5,33.1,35.7,35.3,36.5,35.2,34.9,36.7,39.5,35.4,41.2,44.1,42.7,40.9,45.4,,48.3,58.2,66.1,68.0,73.3,71.4,91.3,91.7,97.9,112.3,,,154.0,65.3,80.5,81.2,,,,,,,,,,,,,,,,,,,,,,,,,,,
WDU0112                       ,WDU0112                       ,"PPI Commodity data for Farm products-Dried fruits, bulk, not seasonally adjusted, discontinued",Index base: 1982 = 100,1947-M01,1985-M13,,,,,,,,,,,,,,,,,,,,,,16.3,11.9,12.8,16.3,18.1,15.4,16.6,18.5,19.7,19.6,19.4,27.3,29.9,24.9,26.2,24.4,23.3,23.2,22.4,23.1,25.2,28.2,28.8,30.1,30.2,35.7,52.7,62.3,53.7,59.8,86.3,90.7,135.0,97.4,98.1,100.0,100.7,90.4,80.1,,,,,,,,,,,,,,,,,,,,,,,,,,,,,
WDU01120101                   ,WDU01120101                   ,"PPI Commodity data for Farm products-Prunes, not seasonally adjusted, discontinued",Index base: 1982 = 100,1947-M01,1985-M13,,,,,,,,,,,,,,,,,,,,,,24.6,19.8,22.4,26.7,28.7,25.7,30.8,37.1,39.9,37.8,29.1,33.8,42.3,42.7,44.8,38.5,34.6,33.4,31.3,34.0,38.2,39.8,40.1,44.4,43.3,48.0,61.7,71.9,64.8,64.1,77.3,94.0,120.4,115.7,106.3,100.0,101.3,102.3,101.4,,,,,,,,,,,,,,,,,,,,,,,,,,,,,
WDU01120102                   ,WDU01120102                   ,"PPI Commodity data for Farm products-Raisins, not seasonally adjusted, discontinued",Index base: 1982 = 100,1947-M01,1985-M13,,,,,,,,,,,,,,,,,,,,,,14.2,9.6,9.9,13.4,15.2,12.4,12.1,12.2,12.9,13.6,16.2,25.3,24.6,16.0,17.0,18.1,,,,,,23.2,24.0,24.0,24.5,30.4,48.7,58.0,48.8,57.8,90.1,89.3,141.5,88.8,94.5,100.0,100.5,85.2,70.7,,,,,,,,,,,,,,,,,,,,,,,,,,,,,
WDU01130101                   ,WDU01130101                   ,"PPI Commodity data for Farm products-Dry pea beans, not seasonally adjusted, discontinued",Index base: 1982 = 100,1947-M01,2015-M09,,,,,,,,,,,,,,,,,,,,,,37.3,34.3,21.9,22.1,22.2,23.9,25.6,26.5,29.0,22.3,22.5,26.2,21.0,19.3,20.1,21.1,21.0,21.2,23.2,24.6,22.8,28.1,26.8,25.7,41.4,39.4,49.5,120.7,,75.8,65.8,68.3,65.0,81.0,117.5,100.0,74.5,94.6,,64.1,78.7,101.8,116.4,98.5,65.3,69.5,68.6,96.2,100.4,87.2,66.9,69.8,80.8,50.2,67.4,87.8,82.0,119.8,127.3,107.9,138.1,,,168.8,222.6,238.4,,223.7
WDU01130102                   ,WDU01130102                   ,"PPI Commodity data for Farm products-Dry pinto beans, not seasonally adjusted, discontinued",Index base: 1991.12 = 100,1991-M12,2015-M09,,,,,,,,,,,,,,,,,,,,,,,,,,,,,,,,,,,,,,,,,,,,,,,,,,,,,,,,,,,,,,,,,,,129.4,173.1,197.8,133.4,185.1,155.5,165.0,119.4,112.3,147.9,253.6,175.2,226.5,255.3,184.9,265.5,344.0,320.2,268.8,371.7,484.7,400.3,327.8
WDU01130103                   ,WDU01130103                   ,"PPI Commodity data for Farm products-Dry great northern beans, not seasonally adjusted, discontinued",Index base: 1991.12 = 100,1991-M12,2015-M09,,,,,,,,,,,,,,,,,,,,,,,,,,,,,,,,,,,,,,,,,,,,,,,,,,,,,,,,,,,,,,,,,,,112.4,125.5,176.1,216.9,184.0,131.9,142.8,127.1,117.3,129.2,185.5,198.0,174.9,183.7,194.8,301.7,,,307.3,399.7,,494.8,
WDU01130104                   ,WDU01130104                   ,"PPI Commodity data for Farm products-Dry pink beans, not seasonally adjusted, discontinued",Index base: 1991.12 = 100,1991-M12,2015-M08,,,,,,,,,,,,,,,,,,,,,,,,,,,,,,,,,,,,,,,,,,,,,,,,,,,,,,,,,,,,,,,,,,,123.2,146.9,142.8,132.3,164.2,169.3,148.4,124.2,99.6,139.1,230.9,199.6,214.6,221.0,200.5,237.2,,,,,453.0,,
WDU01130105                   ,WDU01130105                   ,"PPI Commodity data for Farm products-Dry peas, not seasonally adjusted, discontinued",Index base: 1991.12 = 100,1991-M12,2015-M09,,,,,,,,,,,,,,,,,,,,,,,,,,,,,,,,,,,,,,,,,,,,,,,,,,,,,,,,,,,,,,,,,,,103.7,102.2,103.1,132.0,128.9,128.3,94.2,83.1,75.2,93.5,132.1,149.2,131.2,91.7,99.2,163.6,256.2,209.4,171.4,213.2,254.7,292.5,256.5
WDU01130106                   ,WDU01130106                   ,"PPI Commodity data for Farm products-Dry lentils, not seasonally adjusted, discontinued",Index base: 1991.12 = 100,1991-M12,2015-M09,,,,,,,,,,,,,,,,,,,,,,,,,,,,,,,,,,,,,,,,,,,,,,,,,,,,,,,,,,,,,,,,,,,108.3,104.9,87.0,91.5,110.9,95.8,70.4,75.8,77.0,68.5,88.9,127.8,127.6,93.0,72.8,139.0,,211.1,212.7,,,,
WDU01130109                   ,WDU01130109                   ,"PPI Commodity data for Farm products-Dry garbanzo beans, not seasonally adjusted, discontinued",Index base: 2011.12 = 100,2011-M12,2015-M09,,,,,,,,,,,,,,,,,,,,,,,,,,,,,,,,,,,,,,,,,,,,,,,,,,,,,,,,,,,,,,,,,,,,,,,,,,,,,,,,,,,,,,,,,65.0
WDU01130227                   ,WDU01130227                   ,"PPI Commodity data for Farm products-Green onions, not seasonally adjusted, discontinued",Index base: 1991.12 = 100,1991-M12,2011-M05,,,,,,,,,,,,,,,,,,,,,,,,,,,,,,,,,,,,,,,,,,,,,,,,,,,,,,,,,,,,,,,,,,,,68.1,75.1,,,,,,,,,,268.6,470.6,322.7,268.0,310.2,257.3,265.1,,,,
WDU01130233                   ,WDU01130233                   ,"PPI Commodity data for Farm products-Radishes, not seasonally adjusted, discontinued",Index base: 1991.12 = 100,1991-M12,2011-M05,,,,,,,,,,,,,,,,,,,,,,,,,,,,,,,,,,,,,,,,,,,,,,,,,,,,,,,,,,,,,,,,,,,194.8,310.3,258.8,278.9,212.5,210.9,306.6,,,,221.5,250.2,254.6,270.9,284.0,295.0,,292.4,314.8,,,,
WDU01130331                   ,WDU01130331                   ,"PPI Commodity data for Farm products-Sweet potatoes, New York, not seasonally adjusted, discontinued",Index base: 1982 = 100,1947-M01,1991-M13,,,,,,,,,,,,,,,,,,,,,,31.3,36.3,36.3,27.9,34.4,58.4,46.0,35.0,35.8,33.0,39.8,44.8,34.6,32.9,42.7,39.2,30.8,49.3,47.5,38.3,49.2,60.6,46.0,48.0,57.2,63.9,76.1,70.7,90.9,71.6,100.7,112.3,76.8,95.6,160.9,100.0,86.6,154.9,111.3,88.8,162.4,170.8,210.5,168.3,128.5,,,,,,,,,,,,,,,,,,,,,,,
WDU01130332                   ,WDU01130332                   ,"PPI Commodity data for Farm products-Sweet potatoes, Chicago, not seasonally adjusted, discontinued",Index base: 1982 = 100,1947-M01,1991-M13,,,,,,,,,,,,,,,,,,,,,,25.5,28.5,38.3,24.4,37.5,57.2,46.7,35.2,36.3,29.8,39.2,41.4,33.5,34.3,44.5,38.7,32.6,48.6,43.9,36.5,46.4,52.4,45.4,47.3,52.1,58.8,68.8,69.1,87.4,69.3,99.5,102.6,81.3,95.3,141.4,100.0,84.8,148.8,112.2,87.0,139.9,158.8,195.3,156.1,125.8,,,,,,,,,,,,,,,,,,,,,,,
WDU011304                     ,WDU011304                     ,"PPI Commodity data for Farm products-Irish potatoes for consumer use, not seasonally adjusted, discontinued",Index base: 1982 = 100,1947-M01,2011-M13,,,,,,,,,,,,,,,,,,,,,,35.1,40.6,37.4,30.9,35.2,52.6,33.3,32.1,36.6,43.5,31.9,35.3,34.9,41.0,29.0,28.7,28.8,42.1,50.4,35.0,33.3,32.7,39.0,41.7,37.7,45.0,74.4,90.7,75.6,69.5,71.6,76.9,72.2,103.3,131.1,100.0,106.5,132.4,101.3,104.1,120.1,113.9,153.6,157.3,125.7,118.4,144.9,142.0,142.6,133.9,106.1,122.5,126.9,100.5,128.9,173.2,96.2,94.1,115.8,160.0,129.0,210.0,155.7,141.1,206.0,,,
WDU01130402                   ,WDU01130402                   ,"PPI Commodity data for Farm products-Round white potatoes, not seasonally adjusted, discontinued",Index base: 1991.12 = 100,1991-M12,2011-M12,,,,,,,,,,,,,,,,,,,,,,,,,,,,,,,,,,,,,,,,,,,,,,,,,,,,,,,,,,,,,,,,,,,83.3,104.9,116.1,93.0,104.8,99.4,105.1,,92.0,135.0,168.5,126.3,133.0,166.2,275.0,168.1,255.3,200.4,177.2,,,,
WDU01130403                   ,WDU01130403                   ,"PPI Commodity data for Farm products-Russet potatoes, not seasonally adjusted, discontinued",Index base: 1991.12 = 100,1991-M12,2011-M13,,,,,,,,,,,,,,,,,,,,,,,,,,,,,,,,,,,,,,,,,,,,,,,,,,,,,,,,,,,,,,,,,,,137.4,166.6,157.9,166.4,149.1,109.5,130.3,135.3,94.3,131.0,175.5,84.4,78.3,98.3,129.3,115.5,191.4,132.2,117.8,187.0,,,
WDU01130404                   ,WDU01130404                   ,"PPI Commodity data for Farm products-Round red potatoes, not seasonally adjusted, discontinued",Index base: 1991.12 = 100,1991-M12,2011-M13,,,,,,,,,,,,,,,,,,,,,,,,,,,,,,,,,,,,,,,,,,,,,,,,,,,,,,,,,,,,,,,,,,,98.2,118.9,147.3,124.8,117.6,107.9,122.9,112.9,129.4,123.2,156.0,108.6,101.3,128.6,152.7,129.3,185.9,167.3,169.1,219.7,,,
WDU01130441                   ,WDU01130441                   ,"PPI Commodity data for Farm products-Western, Chicago, not seasonally adjusted, discontinued",Index base: 1982 = 100,1961-M01,1991-M13,,,,,,,,,,,,,,,,,,,,,,,,,,,,,,,,,,,,26.1,24.6,25.1,34.3,41.7,26.5,27.6,28.1,35.6,36.1,,38.4,60.9,72.1,62.3,61.2,63.3,71.8,69.1,94.3,110.7,100.0,,,126.3,122.5,124.2,119.1,160.1,174.0,127.0,,,,,,,,,,,,,,,,,,,,,,,
WDU01130442                   ,WDU01130442                   ,"PPI Commodity data for Farm products-Midwestern, Chicago, not seasonally adjusted, discontinued",Index base: 1982 = 100,1961-M01,1991-M11,,,,,,,,,,,,,,,,,,,,,,,,,,,,,,,,,,,,28.0,30.0,24.7,40.9,48.7,31.3,32.1,32.2,34.7,36.0,,35.5,71.5,93.7,77.9,78.4,74.7,74.6,72.7,113.0,142.3,100.0,110.9,137.4,105.3,93.9,112.1,107.2,,,,,,,,,,,,,,,,,,,,,,,,,,
WDU01130443                   ,WDU01130443                   ,"PPI Commodity data for Farm products-Eastern, New York, not seasonally adjusted, discontinued",Index base: 1982 = 100,1961-M01,1991-M13,,,,,,,,,,,,,,,,,,,,,,,,,,,,,,,,,,,,33.9,34.2,35.3,54.3,61.5,50.2,39.9,38.8,46.7,53.7,52.6,55.3,101.3,116.7,88.9,96.3,100.0,87.6,83.0,114.5,154.6,100.0,118.2,141.4,87.2,96.2,136.7,121.8,182.5,177.5,145.7,,,,,,,,,,,,,,,,,,,,,,,
WDU01130444                   ,WDU01130444                   ,"PPI Commodity data for Farm products-Western, New York, not seasonally adjusted, discontinued",Index base: 1982 = 100,1961-M01,1991-M13,,,,,,,,,,,,,,,,,,,,,,,,,,,,,,,,,,,,32.0,29.0,31.4,38.7,48.7,32.7,34.3,35.9,42.0,42.7,38.7,44.6,64.1,77.7,68.8,68.5,71.3,,74.3,99.9,116.8,100.0,108.3,,131.0,122.9,130.9,130.4,173.9,176.2,142.2,,,,,,,,,,,,,,,,,,,,,,,
WDU01130445                   ,WDU01130445                   ,"PPI Commodity data for Farm products-Western, Los Angeles, not seasonally adjusted, discontinued",Index base: 1982 = 100,1961-M01,1991-M13,,,,,,,,,,,,,,,,,,,,,,,,,,,,,,,,,,,,24.0,23.5,23.8,33.6,41.9,25.5,28.2,27.3,33.0,33.5,28.2,37.2,57.4,69.6,66.0,58.5,61.5,76.1,68.6,97.6,125.6,100.0,103.6,128.1,93.7,103.2,,107.5,144.7,148.8,121.6,,,,,,,,,,,,,,,,,,,,,,,
WDU011305                     ,WDU011305                     ,"PPI Commodity data for Farm products-Irish potatoes for processing, not seasonally adjusted, discontinued",Index base: 1991.12 = 100,1991-M12,2011-M12,,,,,,,,,,,,,,,,,,,,,,,,,,,,,,,,,,,,,,,,,,,,,,,,,,,,,,,,,,,,,,,,,,,129.4,213.7,199.9,204.6,236.7,153.4,,114.4,,,65.4,36.6,,70.4,111.5,85.2,117.0,112.1,,,,,
WDU01130501                   ,WDU01130501                   ,"PPI Commodity data for Farm products-Irish potatoes for processing, not seasonally adjusted, discontinued",Index base: 1991.12 = 100,1991-M12,2011-M12,,,,,,,,,,,,,,,,,,,,,,,,,,,,,,,,,,,,,,,,,,,,,,,,,,,,,,,,,,,,,,,,,,,129.4,213.7,199.9,204.6,236.7,153.4,,114.4,,,65.4,36.6,,70.4,111.5,85.2,117.0,112.1,,,,,
WDU01230101                   ,WDU01230101                   ,"PPI Commodity data for Farm products-Long grain rice, not seasonally adjusted, discontinued",Index base: 1991.12 = 100,1991-M12,2004-M12,,,,,,,,,,,,,,,,,,,,,,,,,,,,,,,,,,,,,,,,,,,,,,,,,,,,,,,,,,,,,,,,,,,83.5,,,,,,,84.1,,,49.7,,,,,,,,,,,,
WDU01230102                   ,WDU01230102                   ,"PPI Commodity data for Farm products-Medium grain rice, not seasonally adjusted, discontinued",Index base: 1991.12 = 100,1991-M12,2004-M09,,,,,,,,,,,,,,,,,,,,,,,,,,,,,,,,,,,,,,,,,,,,,,,,,,,,,,,,,,,,,,,,,,,,,,,,,,,,,68.9,,,,,,,,,,,,
WDU01310101                   ,WDU01310101                   ,"PPI Commodity data for Farm products-Prime, not seasonally adjusted, discontinued",Index base: 1982 = 100,1947-M01,1987-M13,,,,,,,,,,,,,,,,,,,,,,37.8,44.2,37.2,41.3,48.0,44.6,33.8,34.6,33.0,31.6,32.7,37.2,37.5,35.4,32.2,36.7,31.0,29.8,33.9,33.9,33.3,36.2,39.6,38.4,43.1,47.3,59.1,55.7,,,61.4,80.3,102.3,101.7,97.0,100.0,96.8,101.5,89.3,89.7,101.2,,,,,,,,,,,,,,,,,,,,,,,,,,,
WDU01310111                   ,WDU01310111                   ,"PPI Commodity data for Farm products-Choice, not seasonally adjusted, discontinued",Index base: 1982 = 100,1947-M01,1991-M13,,,,,,,,,,,,,,,,,,,,,,39.4,46.8,39.8,45.0,53.5,49.8,36.4,37.1,35.8,33.9,35.9,41.6,42.5,39.8,37.3,41.0,36.2,34.4,38.3,39.1,38.3,41.4,45.3,44.7,50.0,55.3,69.5,65.4,68.7,60.8,62.4,80.9,104.8,104.0,98.9,100.0,97.0,101.4,91.2,89.6,100.3,107.8,112.0,119.9,114.0,,,,,,,,,,,,,,,,,,,,,,,
WDU01310122                   ,WDU01310122                   ,"PPI Commodity data for Farm products-Select, not seasonally adjusted, discontinued",Index base: 1982 = 100,1951-M01,1991-M09,,,,,,,,,,,,,,,,,,,,,,,,,,53.1,48.4,34.1,34.3,33.2,31.3,34.4,41.1,42.6,39.2,37.7,40.4,36.7,33.9,37.4,39.1,38.7,40.8,44.5,44.2,49.3,55.9,70.8,65.3,65.6,60.3,61.1,80.3,105.6,104.4,100.1,100.0,95.6,99.1,89.7,87.5,98.2,112.2,117.4,126.0,,,,,,,,,,,,,,,,,,,,,,,,
WDU01310123                   ,WDU01310123                   ,"PPI Commodity data for Farm products-Standard, not seasonally adjusted, discontinued",Index base: 1967 = 100,1951-M01,1981-M06,,,,,,,,,,,,,,,,,,,,,,,,,,131.6,114.6,78.3,78.2,74.5,71.2,81.4,101.9,105.7,95.0,92.9,99.1,89.6,82.7,93.1,101.3,100.0,104.6,114.1,114.6,127.1,148.2,191.8,170.0,164.4,159.2,158.2,214.4,280.3,277.5,,,,,,,,,,,,,,,,,,,,,,,,,,,,,,,,,,
WDU01310231                   ,WDU01310231                   ,"PPI Commodity data for Farm products-Commercial, not seasonally adjusted, discontinued",Index base: 1982 = 100,1947-M01,1991-M13,,,,,,,,,,,,,,,,,,,,,,40.6,53.8,44.3,52.3,68.7,54.0,34.9,33.1,32.0,31.7,36.4,48.5,47.4,40.2,39.7,39.4,37.1,33.4,35.6,45.6,42.5,43.4,49.6,52.6,51.5,61.5,82.1,63.7,53.2,65.0,64.3,93.2,123.7,110.4,103.7,100.0,96.9,101.9,93.9,90.7,110.2,112.9,115.4,131.0,121.2,,,,,,,,,,,,,,,,,,,,,,,
WDU01310241                   ,WDU01310241                   ,"PPI Commodity data for Farm products-Cutter, not seasonally adjusted, discontinued",Index base: 1982 = 100,1947-M01,1991-M13,,,,,,,,,,,,,,,,,,,,,,30.5,42.6,36.4,42.9,54.5,43.6,28.3,25.2,25.7,26.1,31.1,42.9,42.4,37.5,37.1,36.6,34.5,31.9,32.7,43.3,42.5,44.4,49.0,52.2,50.9,63.1,83.2,63.8,46.4,59.9,62.3,93.0,127.9,115.5,109.3,100.0,98.9,97.8,98.1,93.2,110.8,128.0,132.0,147.7,139.3,,,,,,,,,,,,,,,,,,,,,,,
WDU01310351                   ,WDU01310351                   ,"PPI Commodity data for Farm products-Calves, choice, New York auction, not seasonally adjusted, discontinued",Index base: 1982 = 100,1947-M01,1991-M13,,,,,,,,,,,,,,,,,,,,,,61.5,71.3,67.9,76.2,91.6,84.5,61.8,57.3,60.8,58.9,64.0,79.3,73.2,69.2,73.4,72.4,73.0,63.8,66.1,78.8,78.8,82.3,90.6,92.8,93.9,113.0,137.8,111.3,,,61.4,75.6,105.8,103.9,98.7,100.0,95.0,89.3,81.9,76.0,84.0,92.9,94.9,95.0,91.9,,,,,,,,,,,,,,,,,,,,,,,
WDU01310353                   ,WDU01310353                   ,"PPI Commodity data for Farm products-Choice, South St. Paul, not seasonally adjusted, discontinued",Index base: 1982 = 100,1958-M01,1991-M13,,,,,,,,,,,,,,,,,,,,,,,,,,,,,,,,,39.5,41.3,39.1,39.1,40.6,38.3,35.4,36.3,42.3,41.5,44.2,50.6,58.0,60.4,71.1,82.6,63.8,53.7,58.4,62.3,90.6,118.5,97.8,99.6,100.0,94.5,82.1,75.3,76.9,102.5,126.7,161.2,136.4,129.9,,,,,,,,,,,,,,,,,,,,,,,
WDU01320161                   ,WDU01320161                   ,"PPI Commodity data for Farm products-Barrows and gilts, 220-240 pounds, not seasonally adjusted, discontinued",Index base: 1982 = 100,1947-M01,1991-M13,,,,,,,,,,,,,,,,,,,,,,49.1,47.7,37.2,36.5,40.0,35.8,42.8,43.9,30.7,28.6,35.1,39.3,27.9,31.0,32.9,32.5,30.1,30.0,41.1,46.1,37.7,36.4,43.8,43.5,35.8,51.0,77.3,68.5,92.8,84.2,78.4,90.6,78.0,72.9,80.9,100.0,87.3,88.8,81.4,93.6,93.3,79.6,80.2,99.1,89.1,,,,,,,,,,,,,,,,,,,,,,,
WDU01320171                   ,WDU01320171                   ,"PPI Commodity data for Farm products-Barrows and gilts, 270-300 lb., not seasonally adjusted, discontinued",Index base: 1982 = 100,1947-M01,1989-M04,,,,,,,,,,,,,,,,,,,,,,58.5,55.9,44.0,43.4,47.7,42.3,51.3,51.8,35.7,33.9,41.6,46.5,33.1,36.6,39.0,38.0,35.3,34.6,48.6,53.6,44.0,43.3,53.0,51.5,42.3,59.8,91.2,79.9,,97.3,91.6,104.6,88.9,,,,80.1,83.9,79.7,115.4,115.0,97.1,,,,,,,,,,,,,,,,,,,,,,,,,,
WDU01320281                   ,WDU01320281                   ,"PPI Commodity data for Farm products-Sows, 300-400 pounds, not seasonally adjusted, discontinued",Index base: 1982 = 100,1947-M01,1991-M13,,,,,,,,,,,,,,,,,,,,,,51.4,48.7,38.4,39.3,42.9,38.1,46.7,45.9,32.3,30.8,38.6,42.5,28.9,32.6,35.4,34.6,31.9,30.7,44.3,47.8,39.6,39.1,49.1,44.9,37.1,53.7,82.7,68.9,98.6,86.0,81.7,98.1,74.7,74.1,81.5,100.0,83.5,85.8,77.4,92.2,90.5,70.1,74.0,96.6,83.2,,,,,,,,,,,,,,,,,,,,,,,
WDU01330191                   ,WDU01330191                   ,"PPI Commodity data for Farm products-Choice, not seasonally adjusted, discontinued",Index base: 1982 = 100,1947-M01,1991-M07,,,,,,,,,,,,,,,,,,,,,,38.1,42.4,41.7,44.7,56.0,44.9,37.4,36.5,35.1,35.5,37.8,38.3,35.6,33.6,29.4,32.5,33.5,36.9,41.1,41.9,39.7,42.8,46.7,45.7,47.7,54.0,67.4,71.6,78.2,89.6,96.4,115.4,120.5,118.6,103.8,100.0,100.6,111.3,121.8,125.0,137.3,,,,,,,,,,,,,,,,,,,,,,,,,,,
WDU014101                     ,WDU014101                     ,"PPI Commodity data for Farm products-Hens, not seasonally adjusted, discontinued",Index base: 1967 = 100,1947-M01,1969-M13,,,,,,,,,,,,,,,,,,,,,,308.5,352.2,320.1,264.9,323.7,267.2,291.4,221.2,247.5,217.9,171.1,184.3,133.9,158.4,126.4,124.8,125.9,112.6,114.5,129.5,100.0,91.7,131.5,,,,,,,,,,,,,,,,,,,,,,,,,,,,,,,,,,,,,,,,,,,,,
WDU01410101                   ,WDU01410101                   ,"PPI Commodity data for Farm products-Chicken,light,Iowa farm . . . . . . . . . . . . . . . . . . ., not seasonally adjusted, discontinued",Index base: 1967 = 100,1947-M01,1969-M13,,,,,,,,,,,,,,,,,,,,,,428.9,494.6,450.2,373.0,455.4,369.2,415.5,310.3,347.1,302.5,222.6,250.6,154.4,192.5,138.9,129.9,135.4,117.2,118.2,139.1,100.0,97.3,156.9,,,,,,,,,,,,,,,,,,,,,,,,,,,,,,,,,,,,,,,,,,,,,
WDU01410112                   ,WDU01410112                   ,"PPI Commodity data for Farm products-Chicken,light,West Pennsylvania . . . . . . . . . . . . . . ., not seasonally adjusted, discontinued",Index base: 1967 = 100,1967-M06,1968-M13,,,,,,,,,,,,,,,,,,,,,,,,,,,,,,,,,,,,,,,,,,100.0,83.6,,,,,,,,,,,,,,,,,,,,,,,,,,,,,,,,,,,,,,,,,,,,,,
WDU01410131                   ,WDU01410131                   ,"PPI Commodity data for Farm products-Chicken,light,central California. . . . . . . . . . . . . . ., not seasonally adjusted, discontinued",Index base: 1967 = 100,1947-M01,1969-M13,,,,,,,,,,,,,,,,,,,,,,501.6,550.6,494.5,404.2,494.5,394.5,422.4,303.7,333.0,299.3,249.0,269.5,174.4,204.6,154.5,130.0,141.3,122.4,116.2,188.9,100.0,119.6,208.1,,,,,,,,,,,,,,,,,,,,,,,,,,,,,,,,,,,,,,,,,,,,,
WDU01410241                   ,WDU01410241                   ,"PPI Commodity data for Farm products-Broilers and fryers,Alabama . . . . . . . . . . . . . . . . ., not seasonally adjusted, discontinued",Index base: 1967 = 100,1947-M01,1969-M13,,,,,,,,,,,,,,,,,,,,,,203.1,238.3,181.6,181.6,187.1,203.3,188.5,158.0,172.7,136.4,138.3,132.7,111.9,120.3,96.3,106.9,101.0,99.0,105.9,114.8,100.0,113.3,123.0,,,,,,,,,,,,,,,,,,,,,,,,,,,,,,,,,,,,,,,,,,,,,
WDU01410251                   ,WDU01410251                   ,"PPI Commodity data for Farm products-Broilers and fryers,N. Georgia. . . . . . . . . . . . . . . ., not seasonally adjusted, discontinued",Index base: 1967 = 100,1947-M01,1969-M13,,,,,,,,,,,,,,,,,,,,,,235.7,265.6,204.3,198.7,212.2,216.5,202.2,167.0,188.5,140.7,138.1,135.7,118.8,124.7,102.4,109.8,105.1,101.6,107.7,114.1,100.0,112.7,122.3,,,,,,,,,,,,,,,,,,,,,,,,,,,,,,,,,,,,,,,,,,,,,
WDU01410261                   ,WDU01410261                   ,"PPI Commodity data for Farm products-Fryers,Del.,Mar.,Va . . . . . . . . . . . . . . . . . . . . ., not seasonally adjusted, discontinued",Index base: 1967 = 100,1947-M01,1969-M13,,,,,,,,,,,,,,,,,,,,,,210.5,244.4,186.9,180.7,187.1,193.2,180.4,155.9,179.8,137.1,132.9,132.0,117.6,120.7,104.7,111.0,106.6,105.7,108.8,108.0,100.0,109.9,124.0,,,,,,,,,,,,,,,,,,,,,,,,,,,,,,,,,,,,,,,,,,,,,
WDU01410271                   ,WDU01410271                   ,"PPI Commodity data for Farm products-Fryers,central California . . . . . . . . . . . . . . . . . ., not seasonally adjusted, discontinued",Index base: 1967 = 100,1947-M01,1969-M13,,,,,,,,,,,,,,,,,,,,,,207.7,241.2,192.7,189.4,163.3,164.4,162.0,142.4,151.7,120.3,118.3,119.2,106.7,110.0,91.2,101.4,100.5,99.1,99.8,105.8,100.0,98.1,101.1,,,,,,,,,,,,,,,,,,,,,,,,,,,,,,,,,,,,,,,,,,,,,
WDU014103                     ,WDU014103                     ,"PPI Commodity data for Farm products-Slaughter hens, not seasonally adjusted, discontinued",Index base: 1991.12 = 100,1991-M12,2001-M13,,,,,,,,,,,,,,,,,,,,,,,,,,,,,,,,,,,,,,,,,,,,,,,,,,,,,,,,,,,,,,,,,,,77.9,66.8,40.1,35.4,45.0,138.0,96.6,36.7,8.3,0.8,,,,,,,,,,,,,
WDU01410399                   ,WDU01410399                   ,"PPI Commodity data for Farm products-Slaughter hens, not seasonally adjusted, discontinued",Index base: 1991.12 = 100,1991-M12,2001-M13,,,,,,,,,,,,,,,,,,,,,,,,,,,,,,,,,,,,,,,,,,,,,,,,,,,,,,,,,,,,,,,,,,,77.9,66.8,40.1,35.4,45.0,138.0,96.6,36.7,8.3,0.8,,,,,,,,,,,,,
WDU01420175                   ,WDU01420175                   ,"PPI Commodity data for Farm products-Turkey fryer. . . . . . . . . . . . . . . . . . . . . . . . ., not seasonally adjusted, discontinued",Index base: 1967 = 100,1955-M01,1971-M13,,,,,,,,,,,,,,,,,,,,,,,,,,,,,,150.9,142.6,124.4,130.9,115.2,130.0,101.0,115.3,115.8,104.2,115.6,114.1,100.0,99.3,109.2,130.6,112.8,,,,,,,,,,,,,,,,,,,,,,,,,,,,,,,,,,,,,,,,,,,
WDU01420181                   ,WDU01420181                   ,"PPI Commodity data for Farm products-Hens, not seasonally adjusted, discontinued",Index base: 1982 = 100,1955-M01,1991-M12,,,,,,,,,,,,,,,,,,,,,,,,,,,,,,80.0,70.4,59.5,65.0,64.9,70.3,52.9,57.6,60.6,55.5,62.1,62.2,48.1,58.4,64.9,64.9,,62.2,109.0,83.0,93.8,81.2,91.7,,115.1,111.0,,,,,,,,,,,,,,,,,,,,,,,,,,,,,,,,,,
WDU01420185                   ,WDU01420185                   ,"PPI Commodity data for Farm products-Toms, not seasonally adjusted, discontinued",Index base: 1982 = 100,1955-M01,1991-M12,,,,,,,,,,,,,,,,,,,,,,,,,,,,,,69.1,66.1,51.8,54.3,63.1,63.3,45.2,49.8,54.1,52.2,57.5,59.1,44.8,50.6,58.2,56.3,,55.6,101.1,74.9,,,,,108.4,,,,,,,,,,,,,,,,,,,,,,,,,,,,,,,,,,,
WDU0152                       ,WDU0152                       ,"PPI Commodity data for Farm products-Wool, not seasonally adjusted, discontinued",Index base: 1982 = 100,1947-M01,2011-M07,,,,,,,,,,,,,,,,,,,,,,62.4,75.0,77.2,94.9,125.8,76.4,80.2,79.5,68.4,66.2,76.8,57.0,60.0,58.9,58.8,61.7,65.8,70.3,64.1,67.5,57.7,56.0,57.0,50.3,34.2,54.7,112.5,80.4,63.1,80.8,85.2,88.8,98.8,108.2,115.6,100.0,86.5,99.0,80.7,81.1,101.8,147.5,137.7,89.6,69.4,81.6,56.5,80.5,99.6,78.1,91.9,65.5,43.1,39.9,46.0,78.9,99.3,95.8,75.8,71.4,,125.4,,,,,,
WDU015201                     ,WDU015201                     ,"PPI Commodity data for Farm products-Wool, not seasonally adjusted, discontinued",Index base: 1982 = 100,1975-M01,2011-M07,,,,,,,,,,,,,,,,,,,,,,,,,,,,,,,,,,,,,,,,,,,,,,,,,,63.1,80.8,85.2,88.8,98.8,108.2,115.6,100.0,86.5,99.0,80.7,81.1,101.8,147.5,137.7,89.6,69.4,81.6,56.5,80.5,99.6,78.1,91.9,65.5,43.1,39.9,46.0,78.9,99.3,95.8,75.8,71.4,,125.4,,,,,,
WDU01520101                   ,WDU01520101                   ,"PPI Commodity data for Farm products-64's, staple 2 3/4 in. and up, not seasonally adjusted, discontinued",Index base: 1982 = 100,1947-M01,1991-M13,,,,,,,,,,,,,,,,,,,,,,56.3,74.7,75.6,89.8,112.6,67.8,70.4,69.4,57.9,55.8,65.4,48.3,49.5,47.3,48.0,50.7,53.9,56.7,51.0,54.9,49.5,49.0,49.7,42.0,27.1,46.8,102.0,72.6,60.6,74.1,74.3,77.4,88.0,,112.6,,86.1,92.9,78.2,77.9,107.5,178.5,151.6,104.8,80.9,,,,,,,,,,,,,,,,,,,,,,,
WDU01520102                   ,WDU01520102                   ,"PPI Commodity data for Farm products-Short french combing and clothing, not seasonally adjusted, discontinued",Index base: 1967 = 100,1947-M01,1975-M01,,,,,,,,,,,,,,,,,,,,,,100.3,119.9,130.4,163.7,213.6,137.2,146.9,146.8,122.4,112.7,129.0,98.2,102.1,99.2,100.9,102.4,107.6,116.8,104.4,113.6,100.0,90.6,96.9,83.8,52.7,92.2,194.5,137.0,,,,,,,,,,,,,,,,,,,,,,,,,,,,,,,,,,,,,,,,
WDU01520106                   ,WDU01520106                   ,"PPI Commodity data for Farm products-62's, staple 3 in. and up, not seasonally adjusted, discontinued",Index base: 1982 = 100,1947-M01,1991-M13,,,,,,,,,,,,,,,,,,,,,,56.3,68.8,69.7,84.1,116.4,69.9,72.1,72.4,62.6,59.8,71.5,52.4,55.5,53.0,52.8,56.0,59.3,63.2,58.2,61.5,53.0,51.3,52.1,45.4,29.6,48.9,105.6,75.1,59.5,74.3,76.8,79.3,89.9,,112.7,,81.9,92.1,74.9,74.9,99.9,151.9,138.7,91.0,69.4,,,,,,,,,,,,,,,,,,,,,,,
WDU01520107                   ,WDU01520107                   ,"PPI Commodity data for Farm products-60's, staple 3 in. and up, not seasonally adjusted, discontinued",Index base: 1982 = 100,1947-M01,1991-M13,,,,,,,,,,,,,,,,,,,,,,61.1,70.8,73.5,86.8,118.8,81.9,91.8,92.3,78.4,71.9,88.9,65.5,69.5,66.2,65.7,67.2,70.2,73.3,66.7,76.5,66.1,61.2,63.2,54.7,36.3,60.1,131.1,92.1,69.5,87.9,90.3,95.8,106.6,,122.3,,83.6,104.9,82.2,84.1,107.7,151.8,142.7,91.0,71.0,,,,,,,,,,,,,,,,,,,,,,,
WDU01520108                   ,WDU01520108                   ,"PPI Commodity data for Farm products-58's, staple 3 1/4 in. and up, not seasonally adjusted, discontinued",Index base: 1982 = 100,1947-M01,1991-M13,,,,,,,,,,,,,,,,,,,,,,73.4,73.8,77.4,103.0,147.6,88.1,90.8,90.2,80.7,79.2,89.6,68.5,74.1,75.2,73.4,76.6,82.1,88.9,83.4,85.5,67.4,65.8,66.0,60.7,44.6,63.4,116.2,87.7,65.3,92.9,102.0,107.4,115.5,,119.2,,86.3,112.5,88.2,89.4,109.8,149.7,142.7,90.6,71.3,,,,,,,,,,,,,,,,,,,,,,,
WDU01520111                   ,WDU01520111                   ,"PPI Commodity data for Farm products-54's staple 3 1/2 in. and up, not seasonally adjusted, discontinued",Index base: 1982 = 100,1947-M01,1991-M13,,,,,,,,,,,,,,,,,,,,,,83.7,79.8,81.5,109.9,159.4,88.3,95.0,93.0,85.9,86.7,98.3,72.8,82.5,87.3,83.8,89.0,96.9,107.1,98.9,96.6,73.4,68.6,70.2,71.3,55.0,74.5,129.2,89.1,61.6,92.7,110.7,113.4,123.0,,123.7,,85.7,107.4,92.0,93.0,104.6,134.8,140.3,88.5,68.3,,,,,,,,,,,,,,,,,,,,,,,
WDU01520199                   ,WDU01520199                   ,"PPI Commodity data for Farm products-Wool, not seasonally adjusted, discontinued",Index base: 1991.12 = 100,1992-M01,2011-M07,,,,,,,,,,,,,,,,,,,,,,,,,,,,,,,,,,,,,,,,,,,,,,,,,,,,,,,,,,,,,,,,,,,121.0,83.8,119.4,147.8,116.0,136.3,97.2,63.9,59.1,68.3,117.1,147.3,142.1,112.4,105.9,,186.1,,,,,,
WDU0153                       ,WDU0153                       ,"PPI Commodity data for Farm products-Foreign wool, not seasonally adjusted, discontinued",Index base: 1982 = 100,1947-M01,1985-M13,,,,,,,,,,,,,,,,,,,,,,32.5,48.2,50.3,63.6,93.2,50.5,54.4,54.9,48.8,47.2,56.7,44.1,41.5,44.1,41.6,42.8,47.9,52.9,43.5,45.4,43.5,41.1,42.5,38.1,36.9,58.1,103.1,83.4,71.8,88.1,92.5,96.7,118.6,117.7,112.7,100.0,92.3,95.4,90.9,,,,,,,,,,,,,,,,,,,,,,,,,,,,,
WDU015301                     ,WDU015301                     ,"PPI Commodity data for Farm products-Apparel wool, not seasonally adjusted, discontinued",Index base: 1982 = 100,1947-M01,1985-M13,,,,,,,,,,,,,,,,,,,,,,39.4,58.5,61.0,77.2,113.1,61.2,65.9,66.7,59.1,57.2,68.8,53.5,50.3,53.5,50.5,51.9,58.1,64.1,52.7,55.0,51.2,49.9,50.1,42.6,38.6,55.8,107.8,85.8,72.0,73.1,77.8,79.7,95.2,97.6,103.7,100.0,90.8,92.1,86.1,,,,,,,,,,,,,,,,,,,,,,,,,,,,,
WDU01530101                   ,WDU01530101                   ,"PPI Commodity data for Farm products-Australian 64's type 62, not seasonally adjusted, discontinued",Index base: 1982 = 100,1947-M01,1985-M13,,,,,,,,,,,,,,,,,,,,,,42.7,66.4,70.8,81.7,107.6,62.3,73.5,71.4,58.0,57.4,64.6,48.9,45.0,48.5,46.1,47.9,53.3,57.7,48.5,52.1,48.5,49.3,49.5,41.3,36.6,54.1,113.1,84.4,71.4,,79.3,80.8,95.5,,103.6,100.0,90.8,92.1,86.1,,,,,,,,,,,,,,,,,,,,,,,,,,,,,
WDU01530102                   ,WDU01530102                   ,"PPI Commodity data for Farm products-Australian 58,s/60,s type 433/2, not seasonally adjusted, discontinued",Index base: 1967 = 100,1947-M01,1974-M13,,,,,,,,,,,,,,,,,,,,,,79.1,129.3,130.5,157.6,219.4,125.0,138.5,134.9,115.8,120.3,131.8,97.4,92.3,100.1,94.6,99.0,111.1,121.7,100.2,108.1,100.0,98.5,96.0,81.8,75.3,111.9,236.8,164.4,,,,,,,,,,,,,,,,,,,,,,,,,,,,,,,,,,,,,,,,
WDU01530103                   ,WDU01530103                   ,"PPI Commodity data for Farm products-Montevideo, 58's/60's, not seasonally adjusted, discontinued",Index base: 1967 = 100,1947-M01,1972-M13,,,,,,,,,,,,,,,,,,,,,,87.2,125.2,129.7,164.5,269.6,133.3,133.7,138.6,123.9,115.1,150.4,113.5,108.3,101.4,93.5,103.8,118.6,131.6,100.4,110.2,100.0,90.3,92.2,82.3,73.9,73.5,,,,,,,,,,,,,,,,,,,,,,,,,,,,,,,,,,,,,,,,,,
WDU01530104                   ,WDU01530104                   ,"PPI Commodity data for Farm products-Montevideo, 50's/56's, not seasonally adjusted, discontinued",Index base: 1967 = 100,1947-M01,1972-M13,,,,,,,,,,,,,,,,,,,,,,86.3,120.9,120.6,157.7,263.1,130.5,125.2,139.0,128.1,120.6,155.7,116.6,114.7,109.5,100.1,109.7,122.8,138.5,104.1,114.7,100.0,88.0,88.3,79.0,74.0,73.9,,,,,,,,,,,,,,,,,,,,,,,,,,,,,,,,,,,,,,,,,,
WDU01530107                   ,WDU01530107                   ,"PPI Commodity data for Farm products-S. African, 64's-70's, good topmaking, not seasonally adjusted, discontinued",Index base: 1967 = 100,1965-M12,1981-M04,,,,,,,,,,,,,,,,,,,,,,,,,,,,,,,,,,,,,,,,100.6,100.8,100.0,95.8,95.9,81.6,74.6,105.1,212.4,176.9,,150.7,,,,,,,,,,,,,,,,,,,,,,,,,,,,,,,,,,,,,,
WDU01530108                   ,WDU01530108                   ,"PPI Commodity data for Farm products-New Zealand, 56's, combing, not seasonally adjusted, discontinued",Index base: 1967 = 100,1965-M12,1972-M13,,,,,,,,,,,,,,,,,,,,,,,,,,,,,,,,,,,,,,,,107.3,106.2,100.0,88.4,92.7,82.4,79.4,121.3,,,,,,,,,,,,,,,,,,,,,,,,,,,,,,,,,,,,,,,,,,
WDU015302                     ,WDU015302                     ,"PPI Commodity data for Farm products-Carpet wool, not seasonally adjusted, discontinued",Index base: 1982 = 100,1967-M01,1985-M13,,,,,,,,,,,,,,,,,,,,,,,,,,,,,,,,,,,,,,,,,,34.8,31.4,33.9,32.6,34.2,58.9,95.8,78.9,69.8,99.2,103.5,109.3,135.9,132.6,119.4,100.0,93.4,97.7,94.4,,,,,,,,,,,,,,,,,,,,,,,,,,,,,
WDU01530211                   ,WDU01530211                   ,"PPI Commodity data for Farm products-B.a. march, 40's/36's, not seasonally adjusted, discontinued",Index base: 1982 = 100,1967-M01,1977-M01,,,,,,,,,,,,,,,,,,,,,,,,,,,,,,,,,,,,,,,,,,26.6,26.6,30.0,28.7,30.0,51.6,84.6,74.9,,97.0,,,,,,,,,,,,,,,,,,,,,,,,,,,,,,,,,,,,,,
WDU01530212                   ,WDU01530212                   ,"PPI Commodity data for Farm products-B.A. November, 40's/36's, not seasonally adjusted, discontinued",Index base: 1982 = 100,1967-M01,1981-M01,,,,,,,,,,,,,,,,,,,,,,,,,,,,,,,,,,,,,,,,,,28.4,28.3,31.5,30.1,31.7,55.0,87.8,73.1,61.2,94.0,93.6,113.1,184.8,159.2,,,,,,,,,,,,,,,,,,,,,,,,,,,,,,,,,,
WDU01530214                   ,WDU01530214                   ,"PPI Commodity data for Farm products-New Zealand, 2nd shear B, not seasonally adjusted, discontinued",Index base: 1982 = 100,1967-M01,1981-M01,,,,,,,,,,,,,,,,,,,,,,,,,,,,,,,,,,,,,,,,,,40.2,33.6,35.2,34.0,35.7,61.1,100.2,81.0,73.6,99.6,104.2,108.6,130.0,129.3,,,,,,,,,,,,,,,,,,,,,,,,,,,,,,,,,,
WDU01540101                   ,WDU01540101                   ,"PPI Commodity data for Farm products-Raw silk. . . . . . . . . . . . . . . . . . . . . . . . . . ., not seasonally adjusted, discontinued",Index base: 1967 = 100,1947-M01,1970-M13,,,,,,,,,,,,,,,,,,,,,,52.2,30.0,30.8,37.1,51.0,54.7,56.1,52.2,48.7,47.6,47.6,43.4,43.4,48.7,55.1,63.9,74.9,60.4,72.3,85.7,100.0,105.5,98.8,118.7,,,,,,,,,,,,,,,,,,,,,,,,,,,,,,,,,,,,,,,,,,,,
WDU0155                       ,WDU0155                       ,"PPI Commodity data for Farm products-Plant fibers, except cotton, not seasonally adjusted, discontinued",Index base: 1982 = 100,1947-M01,1985-M13,,,,,,,,,,,,,,,,,,,,,,60.2,68.5,65.6,61.7,92.1,65.3,51.1,43.7,43.0,44.7,47.6,46.5,54.9,61.0,60.2,55.2,67.5,64.1,52.6,50.3,43.4,41.0,44.3,42.6,45.2,48.2,62.3,106.2,90.9,70.7,74.4,77.9,91.3,112.7,104.0,100.0,96.0,120.5,129.5,,,,,,,,,,,,,,,,,,,,,,,,,,,,,
WDU015501                     ,WDU015501                     ,"PPI Commodity data for Farm products-Hard fibers, not seasonally adjusted, discontinued",Index base: 1982 = 100,1947-M01,1985-M13,,,,,,,,,,,,,,,,,,,,,,50.8,57.2,55.2,52.8,78.8,56.8,43.6,35.7,35.8,37.3,38.9,38.5,47.0,51.1,46.7,45.0,57.7,54.0,41.4,37.9,32.7,30.2,31.1,31.3,33.9,36.5,59.9,125.7,91.4,69.7,72.6,70.1,86.2,112.0,103.3,100.0,97.5,123.4,109.5,,,,,,,,,,,,,,,,,,,,,,,,,,,,,
WDU01550101                   ,WDU01550101                   ,"PPI Commodity data for Farm products-Abaca, manila fiber, grade I, not seasonally adjusted, discontinued",Index base: 1982 = 100,1947-M01,1985-M13,,,,,,,,,,,,,,,,,,,,,,51.1,59.6,59.4,56.2,67.4,50.4,51.0,38.9,40.8,46.9,57.1,54.5,64.7,66.9,62.0,48.9,47.4,49.5,48.9,43.7,38.6,33.6,35.6,,,,,,,68.2,72.1,63.5,82.3,,104.0,100.0,94.0,149.4,115.7,,,,,,,,,,,,,,,,,,,,,,,,,,,,,
WDU01550121                   ,WDU01550121                   ,"PPI Commodity data for Farm products-Sisal, not seasonally adjusted, discontinued",Index base: 1982 = 100,1947-M01,1969-M13,,,,,,,,,,,,,,,,,,,,,,50.4,56.4,54.0,56.5,96.4,65.7,41.1,37.4,35.0,34.2,31.2,31.7,39.4,44.1,39.8,43.7,63.6,57.0,38.4,35.3,30.2,29.0,29.3,,,,,,,,,,,,,,,,,,,,,,,,,,,,,,,,,,,,,,,,,,,,,
WDU015502                     ,WDU015502                     ,"PPI Commodity data for Farm products-Soft (bast) fibers, not seasonally adjusted, discontinued",Index base: 1982 = 100,1971-M01,1984-M13,,,,,,,,,,,,,,,,,,,,,,,,,,,,,,,,,,,,,,,,,,,,,,62.8,,,,,72.8,78.2,94.8,102.3,,105.3,100.0,92.6,114.4,,,,,,,,,,,,,,,,,,,,,,,,,,,,,,
WDU01550231                   ,WDU01550231                   ,"PPI Commodity data for Farm products-Jute,raw,bang tossa C, not seasonally adjusted, discontinued",Index base: 1982 = 100,1947-M01,1984-M13,,,,,,,,,,,,,,,,,,,,,,50.4,60.5,55.7,47.9,70.5,44.8,40.0,43.0,39.8,40.5,46.9,43.9,45.4,55.6,70.7,53.7,51.8,53.0,58.3,64.4,59.9,57.7,64.7,60.2,62.8,66.5,66.2,74.5,,72.8,77.9,97.3,103.1,,105.3,100.0,92.6,109.1,,,,,,,,,,,,,,,,,,,,,,,,,,,,,,
WDU01610101                   ,WDU01610101                   ,"PPI Commodity data for Farm products-New York, not seasonally adjusted, discontinued",Index base: 1967 = 100,1947-M01,1973-M06,,,,,,,,,,,,,,,,,,,,,,85.2,96.6,90.6,86.6,96.3,94.4,90.5,89.0,91.1,91.5,96.5,95.2,96.0,94.6,91.1,90.2,86.7,88.1,88.9,95.3,100.0,106.0,111.9,115.6,118.2,121.4,,,,,,,,,,,,,,,,,,,,,,,,,,,,,,,,,,,,,,,,,,
WDU01610111                   ,WDU01610111                   ,"PPI Commodity data for Farm products-Chicago, not seasonally adjusted, discontinued",Index base: 1967 = 100,1947-M01,1973-M06,,,,,,,,,,,,,,,,,,,,,,79.6,92.3,72.7,71.1,84.7,92.7,80.3,72.0,73.3,78.0,76.3,76.0,74.9,83.3,84.2,83.8,82.8,82.7,82.4,92.7,100.0,107.5,111.6,114.8,119.2,122.2,,,,,,,,,,,,,,,,,,,,,,,,,,,,,,,,,,,,,,,,,,
WDU01610121                   ,WDU01610121                   ,"PPI Commodity data for Farm products-San Francisco, not seasonally adjusted, discontinued",Index base: 1967 = 100,1947-M01,1973-M06,,,,,,,,,,,,,,,,,,,,,,80.3,87.1,83.1,75.8,86.0,97.1,93.2,84.1,83.5,87.6,93.1,92.4,95.4,96.4,96.4,96.9,95.9,95.9,95.9,97.6,100.0,103.7,105.1,106.6,109.3,110.6,,,,,,,,,,,,,,,,,,,,,,,,,,,,,,,,,,,,,,,,,,
WDU01610131                   ,WDU01610131                   ,"PPI Commodity data for Farm products-Dallas, not seasonally adjusted, discontinued",Index base: 1967 = 100,1947-M01,1973-M06,,,,,,,,,,,,,,,,,,,,,,76.8,87.3,82.9,75.0,89.8,97.9,86.4,77.9,82.0,86.3,81.9,81.5,78.5,81.1,80.1,75.3,79.4,80.8,79.6,93.0,100.0,108.1,110.7,114.3,116.4,114.8,,,,,,,,,,,,,,,,,,,,,,,,,,,,,,,,,,,,,,,,,,
WDU01610141                   ,WDU01610141                   ,"PPI Commodity data for Farm products-Washington, D.C., not seasonally adjusted, discontinued",Index base: 1967 = 100,1958-M01,1973-M06,,,,,,,,,,,,,,,,,,,,,,,,,,,,,,,,,92.4,91.1,90.5,87.6,84.5,81.5,83.9,85.3,92.8,100.0,105.1,110.3,114.5,117.2,120.3,,,,,,,,,,,,,,,,,,,,,,,,,,,,,,,,,,,,,,,,,,
WDU0162                       ,WDU0162                       ,"PPI Commodity data for Farm products-Milk, manufacturing grade, not seasonally adjusted, discontinued",Index base: 1982 = 100,1947-M01,2010-M13,,,,,,,,,,,,,,,,,,,,,,27.6,31.5,23.2,23.6,28.7,29.9,26.5,24.1,23.8,24.5,24.8,24.0,24.0,25.0,25.9,24.8,25.0,25.5,26.3,31.4,31.6,33.1,34.9,36.9,38.1,39.7,47.9,56.4,60.0,67.9,68.8,75.8,87.4,95.1,100.7,100.0,99.5,98.0,92.8,90.0,90.2,88.4,98.1,97.5,87.9,94.3,93.3,94.3,92.9,105.7,95.3,113.3,102.5,86.3,110.6,89.2,96.3,126.6,118.7,100.1,149.7,148.0,99.5,121.4,,,,
WDU016201                     ,WDU016201                     ,"PPI Commodity data for Farm products-Milk, manufacturing grade, not seasonally adjusted, discontinued",Index base: 1982 = 100,1991-M07,2010-M13,,,,,,,,,,,,,,,,,,,,,,,,,,,,,,,,,,,,,,,,,,,,,,,,,,,,,,,,,,,,,,,,,,,94.3,93.3,94.3,92.9,105.7,95.3,113.3,102.5,86.3,110.6,89.2,96.3,126.6,118.7,100.1,149.7,148.0,99.5,121.4,,,,
WDU01620101                   ,WDU01620101                   ,"PPI Commodity data for Farm products-Milk, manufacturing grade, not seasonally adjusted, discontinued",Index base: 1982 = 100,1973-M08,2010-M13,,,,,,,,,,,,,,,,,,,,,,,,,,,,,,,,,,,,,,,,,,,,,,,,,56.4,60.0,67.9,68.8,76.0,87.4,95.2,100.7,100.0,99.5,97.9,92.8,90.0,90.2,88.4,98.1,97.5,87.9,94.3,93.3,94.3,92.9,105.7,95.3,113.3,102.5,86.3,110.6,89.2,96.3,126.6,118.7,100.1,149.7,148.0,99.5,121.4,,,,
WDU01620102                   ,WDU01620102                   ,"PPI Commodity data for Farm products-For butter, not seasonally adjusted, discontinued",Index base: 1967 = 100,1958-M01,1973-M03,,,,,,,,,,,,,,,,,,,,,,,,,,,,,,,,,75.6,76.2,78.2,81.8,78.7,78.4,80.1,83.2,97.6,100.0,104.5,108.6,115.7,120.2,124.9,,,,,,,,,,,,,,,,,,,,,,,,,,,,,,,,,,,,,,,,,,
WDU01620103                   ,WDU01620103                   ,"PPI Commodity data for Farm products-For cheese, not seasonally adjusted, discontinued",Index base: 1967 = 100,1958-M01,1973-M03,,,,,,,,,,,,,,,,,,,,,,,,,,,,,,,,,76.7,76.1,81.8,82.5,78.5,80.2,81.6,84.0,102.7,100.0,104.7,113.7,119.3,122.0,127.5,,,,,,,,,,,,,,,,,,,,,,,,,,,,,,,,,,,,,,,,,,
WDU01620104                   ,WDU01620104                   ,"PPI Commodity data for Farm products-For evaporated milk, not seasonally adjusted, discontinued",Index base: 1967 = 100,1958-M01,1973-M03,,,,,,,,,,,,,,,,,,,,,,,,,,,,,,,,,75.1,75.7,79.3,81.5,76.9,78.8,80.3,82.1,99.7,100.0,104.6,111.3,115.6,118.0,121.2,,,,,,,,,,,,,,,,,,,,,,,,,,,,,,,,,,,,,,,,,,
WDU01710101                   ,WDU01710101                   ,"PPI Commodity data for Farm products-Eggs,large,New England. . . . . . . . . . . . . . . . . . . ., not seasonally adjusted, discontinued",Index base: 1967 = 100,1947-M01,1971-M13,,,,,,,,,,,,,,,,,,,,,,159.4,166.4,161.3,136.0,173.8,152.2,167.3,129.1,143.2,129.2,124.1,131.6,104.4,130.7,117.5,115.6,110.0,105.9,117.3,122.1,100.0,112.1,131.5,121.4,102.6,,,,,,,,,,,,,,,,,,,,,,,,,,,,,,,,,,,,,,,,,,,
WDU01710102                   ,WDU01710102                   ,"PPI Commodity data for Farm products-Eggs,extra large,Chicago. . . . . . . . . . . . . . . . . . ., not seasonally adjusted, discontinued",Index base: 1967 = 100,1947-M01,1971-M13,,,,,,,,,,,,,,,,,,,,,,149.9,166.8,161.4,136.0,173.3,152.8,170.6,127.2,136.7,129.8,122.0,128.7,102.6,121.0,118.5,114.3,113.2,109.0,112.7,132.6,100.0,112.1,137.9,129.6,99.2,,,,,,,,,,,,,,,,,,,,,,,,,,,,,,,,,,,,,,,,,,,
WDU01710103                   ,WDU01710103                   ,"PPI Commodity data for Farm products-Eggs,fancy heavy weights,New York . . . . . . . . . . . . . ., not seasonally adjusted, discontinued",Index base: 1967 = 100,1947-M01,1971-M13,,,,,,,,,,,,,,,,,,,,,,149.3,159.7,154.5,132.2,166.7,149.3,162.7,123.1,133.0,128.8,121.2,129.2,103.3,121.1,117.9,115.6,112.9,107.4,112.5,128.3,100.0,110.3,137.4,129.0,102.4,,,,,,,,,,,,,,,,,,,,,,,,,,,,,,,,,,,,,,,,,,,
WDU01710104                   ,WDU01710104                   ,"PPI Commodity data for Farm products-Eggs,grade A,large,San Francisco. . . . . . . . . . . . . . ., not seasonally adjusted, discontinued",Index base: 1967 = 100,1947-M01,1971-M13,,,,,,,,,,,,,,,,,,,,,,157.8,167.6,154.8,130.8,169.4,151.8,167.5,129.7,131.7,129.5,122.0,127.1,107.4,120.8,117.1,105.8,108.0,109.3,104.2,121.3,100.0,103.8,122.9,121.5,97.2,,,,,,,,,,,,,,,,,,,,,,,,,,,,,,,,,,,,,,,,,,,
WDU01710105                   ,WDU01710105                   ,"PPI Commodity data for Farm products-Eggs, large, not seasonally adjusted, discontinued",Index base: 1982 = 100,1971-M12,1984-M13,,,,,,,,,,,,,,,,,,,,,,,,,,,,,,,,,,,,,,,,,,,,,,,58.0,92.7,89.9,89.4,100.2,90.6,88.8,98.8,95.7,104.7,100.0,,117.9,,,,,,,,,,,,,,,,,,,,,,,,,,,,,,
WDU017102                     ,WDU017102                     ,"PPI Commodity data for Farm products-Eggs, jumbo, not seasonally adjusted, discontinued",Index base: 1984.12 = 100,1984-M12,1991-M13,,,,,,,,,,,,,,,,,,,,,,,,,,,,,,,,,,,,,,,,,,,,,,,,,,,,,,,,,,,,89.9,79.0,94.8,89.4,110.7,108.1,92.6,,,,,,,,,,,,,,,,,,,,,,,
WDU01710201                   ,WDU01710201                   ,"PPI Commodity data for Farm products-Eggs, jumbo, grade A, not seasonally adjusted, discontinued",Index base: 1984.12 = 100,1986-M01,1991-M13,,,,,,,,,,,,,,,,,,,,,,,,,,,,,,,,,,,,,,,,,,,,,,,,,,,,,,,,,,,,,79.0,94.8,89.4,110.7,108.1,92.6,,,,,,,,,,,,,,,,,,,,,,,
WDU017103                     ,WDU017103                     ,"PPI Commodity data for Farm products-Eggs, extra large, not seasonally adjusted, discontinued",Index base: 1984.12 = 100,1984-M12,1991-M13,,,,,,,,,,,,,,,,,,,,,,,,,,,,,,,,,,,,,,,,,,,,,,,,,,,,,,,,,,,,91.7,97.2,85.4,86.9,114.3,113.8,109.0,,,,,,,,,,,,,,,,,,,,,,,
WDU01710301                   ,WDU01710301                   ,"PPI Commodity data for Farm products-Eggs, extra large, grade A, not seasonally adjusted, discontinued",Index base: 1984.12 = 100,1984-M12,1991-M13,,,,,,,,,,,,,,,,,,,,,,,,,,,,,,,,,,,,,,,,,,,,,,,,,,,,,,,,,,,,91.6,97.9,86.2,86.2,112.3,112.6,106.0,,,,,,,,,,,,,,,,,,,,,,,
WDU01710302                   ,WDU01710302                   ,"PPI Commodity data for Farm products-Eggs, extra large, grade AA, not seasonally adjusted, discontinued",Index base: 1984.12 = 100,1984-M12,1991-M13,,,,,,,,,,,,,,,,,,,,,,,,,,,,,,,,,,,,,,,,,,,,,,,,,,,,,,,,,,,,92.0,95.2,83.4,88.0,118.6,,115.3,,,,,,,,,,,,,,,,,,,,,,,
WDU017104                     ,WDU017104                     ,"PPI Commodity data for Farm products-Eggs, large, not seasonally adjusted, discontinued",Index base: 1982 = 100,1971-M12,1991-M13,,,,,,,,,,,,,,,,,,,,,,,,,,,,,,,,,,,,,,,,,,,,,,,58.0,92.7,89.9,89.4,100.2,90.6,88.8,98.8,95.7,104.7,100.0,,117.9,95.9,102.3,88.7,90.0,120.4,119.2,113.2,,,,,,,,,,,,,,,,,,,,,,,
WDU01710401                   ,WDU01710401                   ,"PPI Commodity data for Farm products-Eggs, large, grade A, not seasonally adjusted, discontinued",Index base: 1984.12 = 100,1984-M12,1991-M13,,,,,,,,,,,,,,,,,,,,,,,,,,,,,,,,,,,,,,,,,,,,,,,,,,,,,,,,,,,,91.2,97.9,85.2,85.4,112.5,112.8,105.6,,,,,,,,,,,,,,,,,,,,,,,
WDU01710402                   ,WDU01710402                   ,"PPI Commodity data for Farm products-Eggs, large grade AA, not seasonally adjusted, discontinued",Index base: 1984.12 = 100,1984-M12,1991-M13,,,,,,,,,,,,,,,,,,,,,,,,,,,,,,,,,,,,,,,,,,,,,,,,,,,,,,,,,,,,91.9,96.4,82.8,86.6,119.7,,112.8,,,,,,,,,,,,,,,,,,,,,,,
WDU017105                     ,WDU017105                     ,"PPI Commodity data for Farm products-Eggs, medium, not seasonally adjusted, discontinued",Index base: 1984.12 = 100,1984-M12,1991-M13,,,,,,,,,,,,,,,,,,,,,,,,,,,,,,,,,,,,,,,,,,,,,,,,,,,,,,,,,,,,89.3,92.0,78.1,79.9,113.8,108.8,99.5,,,,,,,,,,,,,,,,,,,,,,,
WDU01710501                   ,WDU01710501                   ,"PPI Commodity data for Farm products-Eggs, medium, grade A, not seasonally adjusted, discontinued",Index base: 1984.12 = 100,1984-M12,1991-M13,,,,,,,,,,,,,,,,,,,,,,,,,,,,,,,,,,,,,,,,,,,,,,,,,,,,,,,,,,,,89.0,92.1,77.8,78.8,111.6,106.2,96.4,,,,,,,,,,,,,,,,,,,,,,,
WDU01710502                   ,WDU01710502                   ,"PPI Commodity data for Farm products-Eggs, medium, grade AA, not seasonally adjusted, discontinued",Index base: 1984.12 = 100,1984-M12,1991-M13,,,,,,,,,,,,,,,,,,,,,,,,,,,,,,,,,,,,,,,,,,,,,,,,,,,,,,,,,,,,89.7,91.9,78.7,82.6,118.8,,106.4,,,,,,,,,,,,,,,,,,,,,,,
WDU017106                     ,WDU017106                     ,"PPI Commodity data for Farm products-Eggs, small, not seasonally adjusted, discontinued",Index base: 1984.12 = 100,1984-M12,1991-M13,,,,,,,,,,,,,,,,,,,,,,,,,,,,,,,,,,,,,,,,,,,,,,,,,,,,,,,,,,,,95.5,71.7,57.2,55.4,107.1,100.3,97.0,,,,,,,,,,,,,,,,,,,,,,,
WDU01710601                   ,WDU01710601                   ,"PPI Commodity data for Farm products-Eggs, small, grade A, not seasonally adjusted, discontinued",Index base: 1984.12 = 100,1986-M01,1991-M13,,,,,,,,,,,,,,,,,,,,,,,,,,,,,,,,,,,,,,,,,,,,,,,,,,,,,,,,,,,,,71.7,57.2,55.4,107.1,100.3,97.0,,,,,,,,,,,,,,,,,,,,,,,
WDU01810111                   ,WDU01810111                   ,"PPI Commodity data for Farm products-Hay,timothy . . . . . . . . . . . . . . . . . . . . . . . . ., not seasonally adjusted, discontinued",Index base: 1967 = 100,1947-M01,1968-M13,,,,,,,,,,,,,,,,,,,,,,93.8,104.1,103.8,99.7,99.0,96.3,100.8,103.6,88.4,79.8,82.1,84.3,94.3,86.5,82.7,89.2,103.9,108.3,106.3,109.3,100.0,99.9,,,,,,,,,,,,,,,,,,,,,,,,,,,,,,,,,,,,,,,,,,,,,,
WDU0182                       ,WDU0182                       ,"PPI Commodity data for Farm products-Hayseeds, not seasonally adjusted, discontinued",Index base: 1982 = 100,1947-M01,1991-M06,,,,,,,,,,,,,,,,,,,,,,51.2,57.4,61.8,60.8,63.8,62.2,43.2,42.8,52.6,41.6,41.9,39.6,41.7,40.0,40.7,53.8,58.2,44.7,43.3,45.6,51.0,55.3,57.1,59.1,50.8,54.6,94.2,128.6,89.8,103.0,137.8,140.2,149.1,127.7,121.5,100.0,135.7,129.4,124.9,118.9,150.4,146.7,152.8,132.3,,,,,,,,,,,,,,,,,,,,,,,,
WDU01820101                   ,WDU01820101                   ,"PPI Commodity data for Farm products-Alfalfa hayseeds, not seasonally adjusted, discontinued",Index base: 1982 = 100,1947-M01,1989-M13,,,,,,,,,,,,,,,,,,,,,,53.4,60.5,83.0,79.1,95.0,90.6,56.1,50.5,51.6,39.7,41.8,42.1,42.8,43.5,46.3,62.4,,,50.0,53.7,58.3,58.9,58.2,61.4,53.6,57.2,119.0,147.7,88.1,108.6,148.7,150.7,163.6,137.5,128.7,100.0,138.4,132.0,,120.0,145.1,145.6,124.6,,,,,,,,,,,,,,,,,,,,,,,,,
WDU01820111                   ,WDU01820111                   ,"PPI Commodity data for Farm products-Clover hayseeds, not seasonally adjusted, discontinued",Index base: 1982 = 100,1947-M01,1991-M05,,,,,,,,,,,,,,,,,,,,,,44.5,49.3,38.7,40.2,32.6,33.5,28.7,32.6,48.6,39.1,37.8,33.3,37.6,34.4,29.5,36.2,42.0,36.7,31.6,30.6,35.3,44.2,49.2,49.3,41.3,44.9,73.2,87.7,82.5,78.5,89.0,93.5,84.6,83.8,,100.0,124.0,116.3,102.5,114.3,132.9,128.7,143.5,120.6,,,,,,,,,,,,,,,,,,,,,,,,
WDU01830101                   ,WDU01830101                   ,"PPI Commodity data for Farm products-Flaxseed, not seasonally adjusted, discontinued",Index base: 1982 = 100,1947-M01,1987-M07,,,,,,,,,,,,,,,,,,,,,,102.3,91.7,67.6,56.3,62.8,61.2,56.7,54.6,48.1,51.7,48.8,45.8,48.0,46.4,50.0,49.1,45.3,45.9,46.1,46.7,47.3,46.5,44.7,41.6,39.3,43.3,94.6,153.6,109.4,105.6,92.1,80.0,102.2,104.8,116.1,100.0,91.2,104.2,97.2,76.8,,,,,,,,,,,,,,,,,,,,,,,,,,,,
WDU01830141                   ,WDU01830141                   ,"PPI Commodity data for Farm products-Copra . . . . . . . . . . . . . . . . . . . . . . . . . . . ., not seasonally adjusted, discontinued",Index base: 1967 = 100,1947-M01,1970-M13,,,,,,,,,,,,,,,,,,,,,,111.5,155.2,97.0,111.8,115.4,84.1,117.1,98.5,87.8,85.9,87.7,109.0,134.9,106.6,86.9,83.8,94.8,100.0,111.7,93.7,100.0,114.9,100.6,120.7,,,,,,,,,,,,,,,,,,,,,,,,,,,,,,,,,,,,,,,,,,,,
WDU019                        ,WDU019                        ,"PPI Commodity data for Farm products-Other farm products, not seasonally adjusted, discontinued",Index base: 1982 = 100,1926-M01,2005-M03,13.2,13.1,14.8,14.4,9.7,6.8,6.0,6.6,8.2,9.3,8.9,10.7,8.9,8.5,7.7,10.1,14.7,16.7,17.5,17.2,19.7,25.3,26.3,27.3,33.6,36.4,35.9,37.1,45.0,37.5,38.6,38.0,36.9,34.9,33.8,34.1,33.6,32.7,36.1,35.7,37.1,36.4,37.7,39.9,42.7,42.1,45.5,53.7,59.9,61.8,81.4,118.7,100.2,105.3,108.9,99.7,100.0,102.8,104.1,103.1,96.3,94.4,95.4,103.3,125.3,151.6,150.6,149.6,149.5,152.9,156.8,,156.8,151.5,,156.9,,152.1,137.8,,,,,,,,,,
WDU0191                       ,WDU0191                       ,"PPI Commodity data for Farm products-Green coffee, cocoa beans, and tea, not seasonally adjusted, discontinued",Index base: 1982 = 100,1947-M01,1985-M13,,,,,,,,,,,,,,,,,,,,,,24.0,25.7,26.5,39.8,43.1,42.5,45.3,61.7,46.0,47.2,45.1,41.0,33.9,32.2,30.3,28.6,29.5,36.8,34.6,34.4,32.5,33.3,36.0,43.5,38.0,42.4,56.1,64.4,60.6,100.1,170.6,130.1,138.5,138.2,107.6,100.0,99.9,106.7,103.4,,,,,,,,,,,,,,,,,,,,,,,,,,,,,
WDU019101                     ,WDU019101                     ,"PPI Commodity data for Farm products-Green coffee, not seasonally adjusted, discontinued",Index base: 1982 = 100,1947-M01,1985-M13,,,,,,,,,,,,,,,,,,,,,,21.8,23.0,26.8,41.0,44.3,43.8,46.7,62.3,47.1,50.7,47.4,40.2,33.1,32.3,30.2,28.6,29.0,37.7,36.0,34.8,32.1,32.0,33.6,44.2,38.7,43.0,54.2,58.1,57.1,98.1,162.2,121.4,133.6,138.2,106.0,100.0,96.3,98.9,99.6,,,,,,,,,,,,,,,,,,,,,,,,,,,,,
WDU01910101                   ,WDU01910101                   ,"PPI Commodity data for Farm products-Santos, no. 4, not seasonally adjusted, discontinued",Index base: 1982 = 100,1947-M01,1985-M13,,,,,,,,,,,,,,,,,,,,,,22.9,23.3,27.6,44.2,47.1,47.0,50.7,68.0,49.5,50.6,49.7,42.4,32.6,32.0,31.5,29.9,30.0,41.5,39.1,35.9,33.3,32.7,35.4,48.3,40.0,47.2,58.7,60.9,,,,,124.2,145.5,112.2,100.0,98.6,100.7,100.7,,,,,,,,,,,,,,,,,,,,,,,,,,,,,
WDU01910111                   ,WDU01910111                   ,"PPI Commodity data for Farm products-Colombian, Manizales, not seasonally adjusted, discontinued",Index base: 1982 = 100,1947-M01,1985-M13,,,,,,,,,,,,,,,,,,,,,,20.2,22.2,25.5,36.6,40.3,39.3,41.2,54.7,43.9,51.0,44.4,36.0,31.2,30.9,30.0,28.1,27.3,33.9,33.4,32.8,29.1,29.5,30.8,39.1,34.3,39.4,50.1,53.3,56.2,,166.4,126.4,126.1,130.5,108.7,100.0,94.9,100.2,102.6,,,,,,,,,,,,,,,,,,,,,,,,,,,,,
WDU01910113                   ,WDU01910113                   ,"PPI Commodity data for Farm products-Coffee, ambiz; uganda lb., not seasonally adjusted, discontinued",Index base: 1982 = 100,1958-M01,1985-M13,,,,,,,,,,,,,,,,,,,,,,,,,,,,,,,,,38.1,29.2,24.0,19.0,20.4,27.0,34.9,30.0,32.2,32.2,32.3,31.9,40.0,40.9,42.5,47.3,56.5,,105.9,,,155.1,141.9,99.8,100.0,95.6,96.1,96.1,,,,,,,,,,,,,,,,,,,,,,,,,,,,,
WDU01910115                   ,WDU01910115                   ,"PPI Commodity data for Farm products-Mexican, washed, not seasonally adjusted, discontinued",Index base: 1982 = 100,1967-M01,1985-M13,,,,,,,,,,,,,,,,,,,,,,,,,,,,,,,,,,,,,,,,,,28.5,28.6,28.8,37.1,33.0,36.2,44.7,48.3,46.1,100.2,,119.3,122.9,113.1,91.7,100.0,92.7,96.9,98.8,,,,,,,,,,,,,,,,,,,,,,,,,,,,,
WDU019102                     ,WDU019102                     ,"PPI Commodity data for Farm products-Cocoa beans, not seasonally adjusted, discontinued",Index base: 1982 = 100,1967-M01,1985-M12,,,,,,,,,,,,,,,,,,,,,,,,,,,,,,,,,,,,,,,,,,31.4,38.1,50.7,37.6,30.1,35.8,70.3,106.7,81.5,120.8,236.8,192.8,181.0,147.7,119.9,100.0,117.8,140.7,,,,,,,,,,,,,,,,,,,,,,,,,,,,,,
WDU01910221                   ,WDU01910221                   ,"PPI Commodity data for Farm products-Accra, not seasonally adjusted, discontinued",Index base: 1982 = 100,1947-M01,1985-M01,,,,,,,,,,,,,,,,,,,,,,37.8,43.1,23.3,34.7,38.5,38.3,40.1,62.5,40.4,29.3,32.9,47.5,39.1,30.9,24.5,22.5,27.4,25.3,18.6,26.6,31.2,37.2,49.5,36.9,29.3,35.0,68.8,106.4,81.7,117.3,,188.5,181.4,146.1,117.4,100.0,117.0,136.6,,,,,,,,,,,,,,,,,,,,,,,,,,,,,,
WDU01910222                   ,WDU01910222                   ,"PPI Commodity data for Farm products-Bahia, not seasonally adjusted, discontinued",Index base: 1982 = 100,1967-M01,1985-M01,,,,,,,,,,,,,,,,,,,,,,,,,,,,,,,,,,,,,,,,,,31.8,40.1,53.2,39.1,31.8,38.4,72.4,107.6,80.0,126.5,,199.9,180.5,150.3,123.9,100.0,118.9,147.3,,,,,,,,,,,,,,,,,,,,,,,,,,,,,,
WDU019103                     ,WDU019103                     ,"PPI Commodity data for Farm products-Tea, not seasonally adjusted, discontinued",Index base: 1982 = 100,1971-M01,1985-M07,,,,,,,,,,,,,,,,,,,,,,,,,,,,,,,,,,,,,,,,,,,,,,51.7,,,,71.5,73.2,133.6,110.1,100.8,105.5,102.4,100.0,119.8,168.3,,,,,,,,,,,,,,,,,,,,,,,,,,,,,,
WDU01910331                   ,WDU01910331                   ,"PPI Commodity data for Farm products-Black, not seasonally adjusted, discontinued",Index base: 1982 = 100,1947-M01,1985-M07,,,,,,,,,,,,,,,,,,,,,,60.1,64.1,61.8,57.0,58.1,47.6,53.0,78.9,78.7,60.0,67.0,62.3,58.9,61.2,59.0,54.2,55.6,53.8,54.9,51.0,49.2,48.8,45.1,48.7,51.7,53.7,51.2,65.8,71.5,73.2,138.2,110.1,100.8,105.5,102.4,100.0,119.8,168.3,,,,,,,,,,,,,,,,,,,,,,,,,,,,,,
WDU0192                       ,WDU0192                       ,"PPI Commodity data for Farm products-Leaf tobacco, not seasonally adjusted, discontinued",Index base: 1982 = 100,1971-M01,2005-M03,,,,,,,,,,,,,,,,,,,,,,,,,,,,,,,,,,,,,,,,,,,,,,41.8,,,,,60.5,65.0,70.8,76.7,82.0,90.8,100.0,101.3,101.5,101.2,89.8,85.8,87.2,93.8,95.8,101.1,101.0,100.3,100.2,102.5,105.1,,105.1,101.6,,105.2,,102.0,92.4,,,,,,,,,,
WDU019201                     ,WDU019201                     ,"PPI Commodity data for Farm products-Leaf tobacco, not seasonally adjusted, discontinued",Index base: 1982 = 100,1971-M01,2005-M03,,,,,,,,,,,,,,,,,,,,,,,,,,,,,,,,,,,,,,,,,,,,,,41.8,,,,,60.5,65.0,70.8,76.7,82.0,90.8,100.0,101.3,101.5,101.2,89.8,85.8,87.2,93.8,95.8,101.1,101.0,100.3,100.2,102.5,105.1,,105.1,101.6,,105.2,,102.0,92.4,,,,,,,,,,
WDU01920101                   ,WDU01920101                   ,"PPI Commodity data for Farm products-Leaf tobacco, not seasonally adjusted, discontinued",Index base: 1982 = 100,1947-M01,2005-M03,,,,,,,,,,,,,,,,,,,,,,25.0,25.5,26.7,26.9,29.2,28.9,28.7,29.4,29.3,30.3,31.1,32.3,33.7,33.1,34.9,35.5,33.1,32.7,34.0,36.8,36.9,37.9,39.7,40.3,41.9,45.7,47.7,54.7,,60.6,65.1,70.8,76.7,82.1,91.2,100.0,101.3,101.5,101.2,89.8,85.8,87.2,93.8,95.8,101.1,101.0,100.3,100.2,102.5,105.1,,105.1,101.6,,105.2,,102.0,92.4,,,,,,,,,,
WDU01930101                   ,WDU01930101                   ,"PPI Commodity data for Farm products-Pecans (in shell), not seasonally adjusted, discontinued",Index base: 1982 = 100,1967-M11,1991-M11,,,,,,,,,,,,,,,,,,,,,,,,,,,,,,,,,,,,,,,,,,67.0,74.0,54.4,76.3,,85.0,80.0,81.1,,,,,,142.4,95.3,100.0,122.7,,,,,,,,,,,,,,,,,,,,,,,,,,,,,,,
