index,Index,Label,unit,start,last,1913,1914,1915,1916,1917,1918,1919,1920,1921,1922,1923,1924,1925,1926,1927,1928,1929,1930,1931,1932,1933,1934,1935,1936,1937,1938,1939,1940,1941,1942,1943,1944,1945,1946,1947,1948,1949,1950,1951,1952,1953,1954,1955,1956,1957,1958,1959,1960,1961,1962,1963,1964,1965,1966,1967,1968,1969,1970,1971,1972,1973,1974,1975,1976,1977,1978,1979,1980,1981,1982,1983,1984,1985,1986,1987,1988,1989,1990,1991,1992,1993,1994,1995,1996,1997,1998,1999,2000,2001,2002,2003,2004,2005,2006,2007,2008,2009,2010,2011,2012,2013,2014,2015,2016,2017,2018,2019,2020,2021
CUUR0000AA0      ,CUUR0000AA0      ,"All items - old base in U.S. city average, all urban consumers, not seasonally adjusted",Index base: 1967=100,1913-M01,2022-M01,29.7,30.1,30.4,32.7,38.4,45.1,51.8,60.0,53.6,50.2,51.1,51.2,52.5,53.0,52.0,51.3,51.3,50.0,45.6,40.9,38.8,40.1,41.1,41.5,43.0,42.2,41.6,42.0,44.1,48.8,51.8,52.7,53.9,58.5,66.9,72.1,71.4,72.1,77.8,79.5,80.1,80.5,80.2,81.4,84.3,86.6,87.3,88.7,89.6,90.6,91.7,92.9,94.5,97.2,100.0,104.2,109.8,116.3,121.3,125.3,133.1,147.7,161.2,170.5,181.5,195.4,217.4,246.8,272.4,289.1,298.4,311.1,322.2,328.4,340.4,354.3,371.3,391.4,408.0,420.3,432.7,444.0,456.5,469.9,480.8,488.3,499.0,515.8,530.4,538.8,551.1,565.8,585.0,603.9,621.106,644.951,642.658,653.198,673.818,687.761,697.836,709.156,709.998,718.955,734.269,752.205,765.836,775.284,811.705
CUUR0000AA0R     ,CUUR0000AA0R     ,"Purchasing power of the consumer dollar - old base in U.S. city average, all urban consumers, not seasonally adjusted",Index base: 1967=100,1913-M01,2022-M01,336.7,332.2,328.9,305.8,260.4,221.7,193.1,166.7,186.6,199.2,195.7,195.3,190.5,188.7,192.3,194.9,194.9,200.0,219.3,244.5,257.7,249.4,243.3,241.0,232.6,237.0,240.4,238.1,226.8,204.9,193.1,189.8,185.5,170.9,149.5,138.7,140.1,138.7,128.5,125.8,124.8,124.2,124.7,122.9,118.6,115.5,114.5,112.7,111.6,110.4,109.1,107.6,105.8,102.9,100.0,96.0,91.1,86.0,82.4,79.9,75.2,67.8,62.1,58.7,55.1,51.2,46.1,40.6,36.7,34.6,33.5,32.1,31.0,30.5,29.4,28.2,26.9,25.6,24.5,23.8,23.1,22.5,21.9,21.3,20.8,20.5,20.0,19.4,18.9,18.6,18.2,17.7,17.1,16.6,16.1,15.5,15.6,15.3,14.8,14.5,14.3,14.1,14.1,13.9,13.6,13.3,13.1,12.9,12.3
CUUR0000SA0      ,CUUR0000SA0      ,"All items in U.S. city average, all urban consumers, not seasonally adjusted",Index base: 1982-84=100,1913-M01,2022-M01,9.9,10.0,10.1,10.9,12.8,15.1,17.3,20.0,17.9,16.8,17.1,17.1,17.5,17.7,17.4,17.1,17.1,16.7,15.2,13.7,13.0,13.4,13.7,13.9,14.4,14.1,13.9,14.0,14.7,16.3,17.3,17.6,18.0,19.5,22.3,24.1,23.8,24.1,26.0,26.5,26.7,26.9,26.8,27.2,28.1,28.9,29.1,29.6,29.9,30.2,30.6,31.0,31.5,32.4,33.4,34.8,36.7,38.8,40.5,41.8,44.4,49.3,53.8,56.9,60.6,65.2,72.6,82.4,90.9,96.5,99.6,103.9,107.6,109.6,113.6,118.3,124.0,130.7,136.2,140.3,144.5,148.2,152.4,156.9,160.5,163.0,166.6,172.2,177.1,179.9,184.0,188.9,195.3,201.6,207.342,215.303,214.537,218.056,224.939,229.594,232.957,236.736,237.017,240.007,245.12,251.107,255.657,258.811,270.97
CUUR0000SA0E     ,CUUR0000SA0E     ,"Energy in U.S. city average, all urban consumers, not seasonally adjusted",Index base: 1982-84=100,1957-M01,2022-M01,,,,,,,,,,,,,,,,,,,,,,,,,,,,,,,,,,,,,,,,,,,,,21.5,21.5,21.9,22.4,22.5,22.6,22.6,22.5,22.9,23.3,23.8,24.2,24.8,25.5,26.5,27.2,29.4,38.1,42.1,45.1,49.4,52.5,65.7,86.0,97.7,99.2,99.9,100.9,101.6,88.2,88.6,89.3,94.3,102.1,102.5,103.0,104.2,104.6,105.2,110.1,111.5,102.9,106.6,124.6,129.3,121.7,136.5,151.4,177.1,196.9,207.723,236.666,193.126,211.449,243.909,246.08,244.409,243.583,202.895,189.535,204.54,219.941,215.294,196.949,238.325
CUUR0000SA0L1    ,CUUR0000SA0L1    ,"All items less food in U.S. city average, all urban consumers, not seasonally adjusted",Index base: 1982-84=100,1935-M03,2022-M01,,,,,,,,,,,,,,,,,,,,,,,15.0,15.2,15.7,15.9,15.8,15.8,16.3,17.4,17.9,18.6,19.0,19.8,21.7,23.3,23.5,23.8,25.3,25.9,26.4,26.6,26.6,27.1,28.0,28.6,29.2,29.7,30.0,30.3,30.7,31.1,31.6,32.3,33.4,34.9,36.8,39.0,40.8,42.0,43.7,48.0,52.5,56.0,59.6,63.9,71.2,81.5,90.4,96.3,99.7,104.0,108.0,109.8,113.6,118.3,123.7,130.3,136.1,140.8,145.1,149.0,153.1,157.5,161.1,163.4,167.0,173.0,177.8,180.5,184.7,189.4,196.0,202.7,208.098,215.528,214.008,217.828,224.503,228.962,232.343,235.818,235.433,238.773,244.345,250.71,255.228,257.477,269.891
CUUR0000SA0L12   ,CUUR0000SA0L12   ,"All items less food and shelter in U.S. city average, all urban consumers, not seasonally adjusted",Index base: 1982-84=100,1967-M01,2022-M01,,,,,,,,,,,,,,,,,,,,,,,,,,,,,,,,,,,,,,,,,,,,,,,,,,,,,,,35.8,37.3,39.0,40.9,42.9,44.0,45.5,50.1,54.7,58.5,62.3,65.9,72.4,81.7,90.2,95.9,100.0,104.1,107.5,107.7,111.0,115.1,120.5,126.9,132.6,137.1,141.4,144.8,148.6,152.6,155.4,156.2,159.0,165.0,168.7,169.2,172.9,177.2,184.6,190.8,194.722,202.931,199.303,205.531,213.961,217.997,220.151,221.72,217.103,217.528,221.248,225.999,227.903,227.673,241.76
CUUR0000SA0L12E  ,CUUR0000SA0L12E  ,"All items less food, shelter, and energy in U.S. city average, all urban consumers, not seasonally adjusted",Index base: 1982-84=100,1967-M01,2022-M01,,,,,,,,,,,,,,,,,,,,,,,,,,,,,,,,,,,,,,,,,,,,,,,,,,,,,,,38.7,40.5,42.4,44.6,46.8,47.9,49.3,53.1,57.8,61.9,65.6,69.3,74.1,80.6,88.3,95.1,100.0,105.0,109.0,112.7,117.0,121.9,127.3,133.5,140.4,145.8,150.8,154.9,159.3,163.2,166.4,169.2,171.9,175.2,178.7,181.1,182.6,184.6,188.1,191.6,194.205,198.353,202.626,206.565,210.502,214.869,217.804,219.936,222.007,225.035,226.771,229.676,232.769,235.456,245.397
CUUR0000SA0L12E4 ,CUUR0000SA0L12E4 ,"All items less food, shelter, energy, and used cars and trucks in U.S. city average, all urban consumers, not seasonally adjusted",Index base: 1982-84=100,1967-M01,2022-M01,,,,,,,,,,,,,,,,,,,,,,,,,,,,,,,,,,,,,,,,,,,,,,,,,,,,,,,39.6,41.4,43.5,45.8,48.0,49.2,50.6,54.6,59.2,63.1,66.8,70.6,75.5,82.4,89.4,95.6,100.1,104.2,108.5,113.1,117.6,122.6,128.1,134.6,141.7,147.1,152.0,156.0,160.2,164.1,167.7,170.5,173.3,176.6,180.1,183.0,185.1,187.8,191.1,194.7,197.752,202.263,207.226,210.374,214.162,218.73,221.881,224.198,226.504,229.933,232.19,235.284,238.497,240.94,247.853
CUUR0000SA0L1E   ,CUUR0000SA0L1E   ,"All items less food and energy in U.S. city average, all urban consumers, not seasonally adjusted",Index base: 1982-84=100,1957-M01,2022-M01,,,,,,,,,,,,,,,,,,,,,,,,,,,,,,,,,,,,,,,,,,,,,28.9,29.6,30.2,30.6,31.0,31.4,31.8,32.3,32.7,33.5,34.7,36.3,38.4,40.8,42.7,44.0,45.6,49.4,53.9,57.4,61.0,65.5,71.9,80.8,89.2,95.8,99.6,104.6,109.1,113.5,118.2,123.4,129.0,135.5,142.1,147.3,152.2,156.5,161.2,165.6,169.5,173.4,177.0,181.3,186.1,190.5,193.2,196.6,200.9,205.9,210.729,215.572,219.235,221.337,225.008,229.755,233.806,237.897,242.247,247.602,252.169,257.565,263.211,267.693,277.255
CUUR0000SA0L2    ,CUUR0000SA0L2    ,"All items less shelter in U.S. city average, all urban consumers, not seasonally adjusted",Index base: 1982-84=100,1935-M03,2022-M01,,,,,,,,,,,,,,,,,,,,,,,14.0,14.2,14.6,14.2,14.0,14.1,14.9,16.8,18.1,18.4,18.9,20.8,24.1,26.0,25.6,25.7,27.9,28.5,28.5,28.5,28.4,28.8,29.7,30.6,30.8,31.3,31.7,32.0,32.4,32.8,33.3,34.3,35.2,36.7,38.4,40.3,42.0,43.3,46.2,51.4,56.0,59.3,63.1,67.4,74.2,82.9,91.0,96.2,99.8,103.9,107.0,108.0,111.6,115.9,121.6,128.2,133.5,137.3,141.4,144.8,148.6,152.8,155.9,157.2,160.2,165.7,169.7,170.8,174.6,179.3,186.1,191.9,196.639,205.453,203.301,208.643,217.048,221.446,223.82,226.192,223.313,223.807,227.241,231.789,234.215,235.676,249.142
CUUR0000SA0L5    ,CUUR0000SA0L5    ,"All items  less medical care in U.S. city average, all urban consumers, not seasonally adjusted",Index base: 1982-84=100,1957-M01,2022-M01,,,,,,,,,,,,,,,,,,,,,,,,,,,,,,,,,,,,,,,,,,,,,28.7,29.5,29.8,30.2,30.5,30.8,31.1,31.5,32.0,33.0,33.7,35.1,37.0,39.2,40.8,42.1,44.8,49.8,54.3,57.2,60.8,65.4,72.9,82.8,91.4,96.8,99.6,103.7,107.2,108.8,112.6,117.0,122.4,128.8,133.8,137.5,141.2,144.7,148.6,152.8,156.3,158.6,162.0,167.3,171.9,174.3,178.1,182.7,188.7,194.7,200.08,207.777,206.555,209.689,216.325,220.553,223.616,227.107,226.909,229.271,234.073,239.895,244.012,246.354,258.763
CUUR0000SA0LE    ,CUUR0000SA0LE    ,"All items less energy in U.S. city average, all urban consumers, not seasonally adjusted",Index base: 1982-84=100,1957-M01,2022-M01,,,,,,,,,,,,,,,,,,,,,,,,,,,,,,,,,,,,,,,,,,,,,28.9,29.7,29.9,30.4,30.7,31.1,31.5,32.0,32.5,33.5,34.4,35.9,38.0,40.3,42.0,43.4,46.1,50.6,55.1,58.2,61.9,66.7,73.4,81.9,90.1,96.1,99.6,104.3,108.4,112.6,117.2,122.3,128.1,134.7,140.9,145.4,150.0,154.1,158.7,163.1,167.1,170.9,174.4,178.6,183.5,187.7,190.6,194.4,198.7,203.7,208.925,214.751,218.433,220.458,224.806,229.717,233.633,237.952,242.313,246.963,251.157,256.261,261.762,266.894,276.576
CUUR0000SA0R     ,CUUR0000SA0R     ,"Purchasing power of the consumer dollar in U.S. city average, all urban consumers, not seasonally adjusted",Index base: 1982-84=100,1913-M01,2022-M01,1007.7,994.2,984.3,915.2,779.3,663.5,577.9,498.9,558.5,596.2,585.7,584.5,570.1,564.7,575.5,583.3,583.3,598.6,656.3,731.7,771.2,746.4,728.1,721.3,696.1,709.3,719.5,712.6,678.8,613.2,577.9,568.0,555.2,511.5,447.4,415.1,419.3,415.1,384.6,376.5,373.5,371.7,373.2,367.8,354.9,345.7,342.7,337.3,334.0,330.4,326.5,322.0,316.6,308.0,299.3,287.3,272.6,257.4,246.6,239.1,225.1,202.9,185.9,175.7,164.9,153.2,138.0,121.5,109.8,103.5,100.3,96.1,92.8,91.3,88.0,84.6,80.7,76.6,73.4,71.3,69.2,67.5,65.6,63.8,62.3,61.4,60.0,58.1,56.5,55.6,54.4,53.0,51.2,49.6,48.2,46.5,46.6,45.9,44.5,43.6,42.9,42.2,42.2,41.7,40.8,39.8,39.1,38.6,36.9
CUUR0000SAC      ,CUUR0000SAC      ,"Commodities in U.S. city average, all urban consumers, not seasonally adjusted",Index base: 1982-84=100,1935-M03,2022-M01,,,,,,,,,,,,,,,,,,,,,,,14.9,15.1,15.7,15.1,14.8,14.9,15.9,18.2,19.9,20.1,20.7,22.9,27.6,29.6,28.8,29.0,31.6,32.0,31.9,31.6,31.3,31.6,32.6,33.3,33.3,33.6,33.8,34.1,34.4,34.8,35.2,36.1,36.8,38.1,39.9,41.7,43.2,44.5,47.8,53.5,58.2,60.7,64.2,68.8,76.6,86.0,93.2,97.0,99.8,103.2,105.4,104.4,107.7,111.5,116.7,122.8,126.6,129.1,131.5,133.8,136.4,139.9,141.8,141.9,144.4,149.2,150.7,149.7,151.2,154.7,160.2,164.0,167.509,174.764,169.698,174.566,183.862,187.577,187.67,187.943,181.703,179.236,181.242,184.617,185.266,184.799,199.227
CUUR0000SACE     ,CUUR0000SACE     ,"Energy commodities in U.S. city average, all urban consumers, not seasonally adjusted",Index base: 1982-84=100,1957-M01,2022-M01,,,,,,,,,,,,,,,,,,,,,,,,,,,,,,,,,,,,,,,,,,,,,21.6,21.3,21.5,21.9,21.9,22.0,22.1,21.9,22.6,23.2,23.9,24.4,25.2,25.6,26.1,26.4,29.1,40.4,43.4,45.4,48.7,51.0,68.7,95.2,107.6,102.9,99.0,98.1,98.2,77.2,80.2,80.8,87.9,101.2,99.1,98.3,97.3,97.6,98.8,105.7,105.7,92.1,100.0,129.5,125.2,117.1,136.7,161.2,197.4,223.0,241.018,284.352,205.281,242.636,306.445,315.999,307.373,296.9,216.714,191.589,216.285,246.21,237.363,198.779,269.119
CUUR0000SACL1    ,CUUR0000SACL1    ,"Commodities less food in U.S. city average, all urban consumers, not seasonally adjusted",Index base: 1982-84=100,1935-M03,2022-M01,,,,,,,,,,,,,,,,,,,,,,,17.8,18.0,18.7,18.7,18.4,18.5,19.5,21.6,22.6,23.8,24.8,26.3,29.7,31.9,31.5,31.4,33.8,34.1,34.2,33.8,33.6,33.9,34.9,35.3,35.8,36.0,36.1,36.3,36.6,36.9,37.2,37.7,38.6,40.0,41.7,43.4,45.1,46.1,47.7,52.8,57.6,60.5,63.8,67.5,75.3,85.7,93.1,96.9,100.0,103.1,105.2,101.7,104.3,107.7,112.0,117.4,121.3,124.2,126.3,127.9,129.8,132.6,133.4,132.0,134.0,139.2,138.9,136.0,136.5,138.8,144.5,148.0,149.72,155.31,147.071,152.99,162.409,165.264,164.129,162.323,152.217,148.608,150.505,153.646,152.898,149.298,164.441
CUUR0000SACL11   ,CUUR0000SACL11   ,"Commodities less food and beverages in U.S. city average, all urban consumers, not seasonally adjusted",Index base: 1982-84=100,1967-M01,2022-M01,,,,,,,,,,,,,,,,,,,,,,,,,,,,,,,,,,,,,,,,,,,,,,,,,,,,,,,38.3,39.7,41.4,43.1,44.7,45.8,47.3,52.4,57.3,60.2,63.6,67.3,75.2,85.7,93.1,96.9,100.0,103.1,105.2,101.4,104.0,107.3,111.6,117.0,120.4,123.2,125.3,126.9,128.9,131.5,132.2,130.5,132.5,137.7,137.2,134.2,134.5,136.7,142.5,145.9,147.515,153.034,144.395,150.392,159.943,162.745,161.484,159.568,149.153,145.373,147.234,150.338,149.49,145.692,161.012
CUUR0000SACL1E   ,CUUR0000SACL1E   ,"Commodities less food and energy commodities in U.S. city average, all urban consumers, not seasonally adjusted",Index base: 1982-84=100,1957-M01,2022-M01,,,,,,,,,,,,,,,,,,,,,,,,,,,,,,,,,,,,,,,,,,,,,37.4,37.9,38.4,38.5,38.6,38.9,39.2,39.6,39.8,40.3,41.3,42.9,44.7,46.7,48.5,49.7,51.1,55.0,60.1,63.2,66.5,70.5,76.4,83.5,90.0,95.3,100.2,104.4,107.1,108.6,111.8,115.8,119.6,123.6,128.8,132.5,135.2,137.1,139.3,141.3,142.3,143.2,144.1,144.9,145.3,143.7,140.9,139.6,140.3,140.6,140.053,140.246,142.041,143.588,145.499,147.331,147.279,146.77,146.08,145.396,144.377,144.051,144.361,144.571,153.757
CUUR0000SACL1E4  ,CUUR0000SACL1E4  ,"Commodities less food, energy, and used cars and trucks in U.S. city average, all urban consumers, not seasonally adjusted",Index base: 1982-84=100,1967-M01,2022-M01,,,,,,,,,,,,,,,,,,,,,,,,,,,,,,,,,,,,,,,,,,,,,,,,,,,,,,,42.8,44.4,46.5,48.6,50.5,51.7,53.1,57.3,62.3,65.1,68.3,72.5,78.6,86.5,91.9,96.5,100.6,102.9,105.9,108.6,112.2,116.1,120.1,124.5,129.9,133.5,135.9,137.5,139.0,141.1,142.5,143.4,144.3,144.8,145.0,143.9,141.6,141.0,141.2,141.5,141.251,141.633,144.246,144.357,145.841,147.742,147.73,147.255,146.679,146.259,145.751,145.346,145.502,145.063,149.854
CUUR0000SAD      ,CUUR0000SAD      ,"Durables in U.S. city average, all urban consumers, not seasonally adjusted",Index base: 1982-84=100,1935-M03,2022-M01,,,,,,,,,,,,,,,,,,,,,,,17.8,18.1,19.2,19.6,19.1,19.0,20.3,23.0,23.8,26.0,28.0,29.2,31.7,34.0,34.5,34.9,37.5,38.0,37.7,36.8,36.1,36.1,37.2,37.8,38.4,38.1,38.1,38.5,38.6,39.0,38.8,38.9,39.4,40.7,42.2,44.1,46.0,46.9,48.1,51.5,57.4,60.9,64.4,68.6,75.4,83.0,89.6,95.1,99.8,105.1,106.8,106.6,108.2,110.4,112.2,113.4,116.0,118.6,121.3,124.8,128.0,129.4,128.7,127.6,126.0,125.4,124.6,121.4,117.5,114.8,115.3,114.5,112.473,110.877,109.859,111.324,112.557,112.79,111.889,110.349,109.116,107.279,105.283,104.42,104.781,105.723,116.923
CUUR0000SAN      ,CUUR0000SAN      ,"Nondurables in U.S. city average, all urban consumers, not seasonally adjusted",Index base: 1982-84=100,1935-M03,2022-M01,,,,,,,,,,,,,,,,,,,,,,,13.9,14.2,14.7,14.0,13.7,13.9,14.9,17.0,18.5,18.7,19.2,21.3,25.7,27.6,26.8,27.0,29.5,29.8,29.7,29.7,29.5,29.9,30.9,31.7,31.5,32.0,32.2,32.5,32.9,33.2,33.8,35.1,35.7,37.1,38.9,40.8,42.1,43.5,47.5,54.0,58.3,60.5,64.0,68.6,77.2,87.6,95.2,97.8,99.7,102.5,104.8,103.5,107.5,111.8,118.2,126.0,130.3,132.8,135.1,136.8,139.3,143.5,146.4,146.9,151.2,158.2,160.6,161.1,165.3,172.2,180.2,186.7,193.468,205.901,198.548,205.271,219.049,224.622,225.271,226.662,217.624,214.973,219.62,225.843,226.642,224.974,239.982
CUUR0000SAN1D    ,CUUR0000SAN1D    ,"Domestically produced farm food in U.S. city average, all urban consumers, not seasonally adjusted",Index base: 1982-84=100,1971-M11,2022-M01,,,,,,,,,,,,,,,,,,,,,,,,,,,,,,,,,,,,,,,,,,,,,,,,,,,,,,,,,,,,44.7,52.4,59.6,63.9,64.6,66.0,73.5,82.1,88.0,94.7,98.1,99.0,102.9,104.1,106.3,111.6,116.5,124.6,133.5,137.4,138.4,142.0,145.4,149.5,156.1,159.8,163.2,166.6,170.1,176.5,179.2,183.7,191.7,195.0,198.1,206.457,220.104,220.386,221.577,232.49,238.732,241.374,247.865,251.041,247.347,246.637,247.723,249.503,258.381,267.432
CUUR0000SANL1    ,CUUR0000SANL1    ,"Nondurables less food in U.S. city average, all urban consumers, not seasonally adjusted",Index base: 1982-84=100,1935-M03,2022-M01,,,,,,,,,,,,,,,,,,,,,,,16.2,16.3,17.0,16.9,16.6,16.8,17.5,19.4,20.2,21.3,22.0,23.6,27.1,29.2,28.7,28.6,30.8,31.0,31.2,31.4,31.4,32.0,32.9,33.1,33.5,34.1,34.3,34.5,34.8,35.1,35.6,36.4,37.6,39.1,40.9,42.5,44.0,45.0,46.9,52.9,57.0,59.5,62.5,65.5,74.6,88.4,96.7,98.3,100.0,101.7,104.1,98.5,101.8,105.8,111.7,119.9,124.5,127.6,129.3,129.7,130.9,134.5,136.3,134.6,139.4,149.1,149.1,147.4,151.9,159.3,170.1,178.2,184.012,197.297,181.453,191.927,209.615,214.954,213.604,211.693,192.345,187.194,193.775,201.916,199.748,189.731,208.232
CUUR0000SANL11   ,CUUR0000SANL11   ,"Nondurables less food and beverages in U.S. city average, all urban consumers, not seasonally adjusted",Index base: 1982-84=100,1967-M01,2022-M01,,,,,,,,,,,,,,,,,,,,,,,,,,,,,,,,,,,,,,,,,,,,,,,,,,,,,,,36.9,38.4,40.2,41.7,43.1,44.2,46.1,52.4,56.3,58.9,62.1,65.0,74.3,88.5,97.0,98.3,100.0,101.7,104.0,97.8,101.1,105.2,111.2,119.6,123.5,126.5,128.1,128.4,129.5,133.0,134.6,132.6,137.5,147.4,147.1,145.1,149.7,157.2,168.4,176.7,182.526,196.192,178.959,189.916,208.427,213.804,212.176,210.029,189.406,183.769,190.56,198.952,196.46,185.487,204.85
CUUR0000SANL113  ,CUUR0000SANL113  ,"Nondurables less food, beverages, and apparel in U.S. city average, all urban consumers, not seasonally adjusted",Index base: 1982-84=100,1967-M01,2022-M01,,,,,,,,,,,,,,,,,,,,,,,,,,,,,,,,,,,,,,,,,,,,,,,,,,,,,,,31.2,32.2,33.4,34.6,35.9,36.8,38.6,45.6,50.3,52.9,56.2,59.4,70.5,87.2,97.1,98.4,100.0,101.7,104.0,95.9,99.5,103.2,111.0,121.1,124.8,127.9,129.6,130.3,132.9,138.6,140.6,137.4,146.0,162.5,163.4,162.2,171.5,183.9,202.6,216.3,226.224,248.809,219.592,238.053,266.957,273.168,269.79,266.212,233.268,223.909,235.272,248.961,245.86,231.457,261.519
CUUR0000SANL13   ,CUUR0000SANL13   ,"Nondurables less food and apparel in U.S. city average, all urban consumers, not seasonally adjusted",Index base: 1982-84=100,1935-M03,2022-M01,,,,,,,,,,,,,,,,,,,,,,,14.8,15.0,15.3,15.3,15.1,15.3,15.8,16.7,17.4,17.8,18.2,19.0,21.6,23.6,23.6,23.8,25.3,25.8,26.4,26.7,26.8,27.4,28.5,28.8,29.2,29.7,29.8,30.1,30.4,30.6,31.2,31.8,32.6,33.7,34.9,36.3,37.6,38.6,40.3,46.9,51.5,54.1,57.2,60.4,71.2,87.1,96.8,98.2,100.0,101.8,104.1,96.9,100.3,104.0,111.3,120.9,125.7,128.9,130.7,131.6,134.1,139.5,141.8,139.2,147.5,162.9,164.1,163.3,172.1,183.8,201.2,213.9,223.411,244.443,218.687,235.601,262.123,268.175,265.402,262.332,232.681,224.472,235.044,247.803,245.281,232.796,260.339
CUUR0000SAS      ,CUUR0000SAS      ,"Services in U.S. city average, all urban consumers, not seasonally adjusted",Index base: 1982-84=100,1935-M03,2022-M01,,,,,,,,,,,,,,,,,,,,,,,11.8,11.9,12.3,12.5,12.5,12.6,12.7,13.1,13.4,13.7,13.9,14.1,14.7,15.6,16.4,16.9,17.8,18.6,19.4,20.0,20.4,20.9,21.8,22.6,23.3,24.1,24.5,25.0,25.5,26.0,26.6,27.6,28.8,30.3,32.4,35.0,37.0,38.4,40.1,43.8,48.0,52.0,56.0,60.8,67.5,77.9,88.1,96.0,99.4,104.6,109.9,115.4,120.2,125.7,131.9,139.2,146.3,152.0,157.9,163.1,168.7,174.1,179.4,184.2,188.8,195.3,203.4,209.8,216.5,222.8,230.1,238.9,246.848,255.498,259.154,261.274,265.762,271.374,277.929,285.126,291.683,299.947,308.085,316.607,325.106,331.98,341.428
CUUR0000SAS24    ,CUUR0000SAS24    ,"Utilities and public transportation in U.S. city average, all urban consumers, not seasonally adjusted",Index base: 1982-84=100,1957-M01,2022-M01,,,,,,,,,,,,,,,,,,,,,,,,,,,,,,,,,,,,,,,,,,,,,25.0,26.0,26.7,27.6,28.1,28.5,28.8,29.0,29.0,29.2,29.8,30.3,31.4,33.4,35.7,37.4,38.7,42.1,46.7,51.2,55.7,59.3,63.4,72.4,83.2,93.5,100.6,105.9,109.0,111.0,111.1,112.8,116.6,121.1,125.9,128.9,134.6,136.8,138.3,142.2,145.9,146.0,147.3,152.6,161.0,158.4,164.3,167.5,176.6,186.7,191.34,202.783,200.337,203.061,206.541,207.469,212.115,216.73,214.816,215.216,216.396,217.178,217.97,218.462,227.859
CUUR0000SAS2RS   ,CUUR0000SAS2RS   ,"Rent of shelter in U.S. city average, all urban consumers, not seasonally adjusted",Index base: 1982.12=100,1982-M12,2022-M01,,,,,,,,,,,,,,,,,,,,,,,,,,,,,,,,,,,,,,,,,,,,,,,,,,,,,,,,,,,,,,,,,,,,,,,102.7,107.7,113.9,120.2,125.9,132.0,138.0,145.5,152.1,157.3,162.0,167.0,172.4,178.0,183.4,189.6,195.0,201.3,208.9,216.7,221.9,227.9,233.7,241.9,250.813,257.152,259.924,258.823,262.208,267.848,274.046,281.754,290.384,300.281,310.336,320.676,331.605,339.881,349.054
CUUR0000SAS367   ,CUUR0000SAS367   ,"Other services in U.S. city average, all urban consumers, not seasonally adjusted",Index base: 1982-84=100,1967-M01,2022-M01,,,,,,,,,,,,,,,,,,,,,,,,,,,,,,,,,,,,,,,,,,,,,,,,,,,,,,,36.0,38.1,40.0,42.2,44.4,45.6,47.7,51.3,55.1,58.4,62.1,66.4,71.9,78.7,86.1,93.5,100.0,106.5,113.0,119.4,125.7,132.6,140.9,150.2,159.8,168.5,177.0,185.4,193.3,201.4,209.6,216.9,223.1,229.9,238.0,246.4,254.4,261.3,268.4,277.5,285.559,295.78,303.992,309.602,314.431,322.304,328.746,334.384,339.394,346.037,347.781,352.732,358.85,367.812,375.824
CUUR0000SAS4     ,CUUR0000SAS4     ,"Transportation services in U.S. city average, all urban consumers, not seasonally adjusted",Index base: 1982-84=100,1935-M03,2022-M01,,,,,,,,,,,,,,,,,,,,,,,11.8,11.8,11.7,11.8,11.8,11.8,11.8,12.5,12.5,12.5,12.5,12.7,13.2,14.7,16.3,17.4,19.0,20.4,21.7,22.6,22.7,23.0,24.1,25.6,26.5,27.2,27.8,28.3,28.6,29.2,30.3,31.6,32.6,33.9,36.3,40.2,43.4,44.4,44.7,46.3,49.8,56.9,61.5,64.4,69.5,79.2,88.6,96.1,99.1,104.8,110.0,116.3,121.9,128.0,135.6,144.2,151.2,155.7,162.9,168.6,175.9,180.5,185.0,187.9,190.7,196.1,201.9,209.1,216.3,220.6,225.7,230.8,233.731,244.074,251.031,259.823,268.002,272.858,280.002,285.255,291.012,299.427,309.915,321.814,324.971,312.803,324.169
CUUR0000SASL2RS  ,CUUR0000SASL2RS  ,"Services less rent of shelter in U.S. city average, all urban consumers, not seasonally adjusted",Index base: 1982.12=100,1982-M12,2022-M01,,,,,,,,,,,,,,,,,,,,,,,,,,,,,,,,,,,,,,,,,,,,,,,,,,,,,,,,,,,,,,,,,,,,,,,102.9,108.5,113.5,118.7,123.1,128.3,135.1,142.7,150.9,157.6,164.8,170.7,176.8,182.5,188.1,191.8,195.8,202.9,212.3,217.5,226.4,233.5,243.2,253.3,260.764,273.0,278.064,284.368,290.554,296.561,304.05,311.188,315.79,322.763,329.294,336.37,342.777,348.587,359.079
CUUR0000SASL5    ,CUUR0000SASL5    ,"Services less medical care services in U.S. city average, all urban consumers, not seasonally adjusted",Index base: 1982-84=100,1957-M03,2022-M01,,,,,,,,,,,,,,,,,,,,,,,,,,,,,,,,,,,,,,,,,,,,,22.8,23.6,24.2,25.0,25.4,25.9,26.3,26.8,27.4,28.3,29.3,30.8,32.9,35.6,37.5,38.9,40.6,44.3,48.3,52.2,55.9,60.7,67.5,78.2,88.7,96.4,99.2,104.4,109.6,114.6,119.1,124.3,130.1,136.8,143.3,148.4,153.6,158.4,163.5,168.7,173.9,178.4,182.7,188.9,196.6,202.5,208.7,214.5,221.2,229.6,236.847,244.987,248.122,249.569,253.554,258.479,264.546,271.455,277.656,285.187,293.018,301.327,309.096,314.522,323.885
CUUR0000SASLE    ,CUUR0000SASLE    ,"Services less energy services in U.S. city average, all urban consumers, not seasonally adjusted",Index base: 1982-84=100,1957-M01,2022-M01,,,,,,,,,,,,,,,,,,,,,,,,,,,,,,,,,,,,,,,,,,,,,21.9,22.7,23.4,24.2,24.7,25.2,25.7,26.2,26.9,28.0,29.3,30.9,33.2,36.0,38.0,39.4,41.1,44.8,48.8,52.7,56.5,61.3,68.2,78.5,88.7,96.3,99.2,104.5,110.2,116.5,122.0,127.9,134.4,142.3,149.8,155.9,161.9,167.6,173.7,179.4,185.0,190.6,195.7,202.1,209.6,217.5,223.8,230.2,236.6,244.7,253.058,261.017,265.875,268.278,273.057,279.667,286.368,293.454,301.11,310.445,318.741,327.986,337.33,344.767,353.825
CUURN000SA0      ,CUURN000SA0      ,"All items in Size Class B/C, all urban consumers, not seasonally adjusted",Index base: 1996.12=100,1996-M12,2022-M01,,,,,,,,,,,,,,,,,,,,,,,,,,,,,,,,,,,,,,,,,,,,,,,,,,,,,,,,,,,,,,,,,,,,,,,,,,,,,,,,,,,,,101.1,102.2,104.2,107.6,110.2,111.3,113.6,116.9,120.6,124.4,127.868,132.987,132.397,134.819,139.381,142.122,144.007,146.167,145.602,146.897,149.701,153.01,155.508,157.323,165.356
CUURN000SA0E     ,CUURN000SA0E     ,"Energy in Size Class B/C, all urban consumers, not seasonally adjusted",Index base: 1997.12=100,1997-M12,2022-M01,,,,,,,,,,,,,,,,,,,,,,,,,,,,,,,,,,,,,,,,,,,,,,,,,,,,,,,,,,,,,,,,,,,,,,,,,,,,,,,,,,,,,,94.6,98.1,115.1,118.4,111.7,124.6,138.5,161.6,179.3,189.292,216.488,176.032,193.103,223.37,225.667,224.311,224.0,185.951,173.624,186.852,199.502,194.292,177.37,214.463
CUURN000SA0L1    ,CUURN000SA0L1    ,"All items less food in Size Class B/C, all urban consumers, not seasonally adjusted",Index base: 1997.12=100,1997-M12,2022-M01,,,,,,,,,,,,,,,,,,,,,,,,,,,,,,,,,,,,,,,,,,,,,,,,,,,,,,,,,,,,,,,,,,,,,,,,,,,,,,,,,,,,,,100.8,102.8,106.2,108.7,109.7,112.0,115.1,119.0,122.8,126.02,130.691,129.581,132.147,136.541,139.057,140.858,142.75,141.748,143.234,146.266,149.735,152.147,153.402,161.556
CUURN000SA0L1E   ,CUURN000SA0L1E   ,"All items less food and energy in Size Class B/C, all urban consumers, not seasonally adjusted",Index base: 1997.12=100,1997-M12,2022-M01,,,,,,,,,,,,,,,,,,,,,,,,,,,,,,,,,,,,,,,,,,,,,,,,,,,,,,,,,,,,,,,,,,,,,,,,,,,,,,,,,,,,,,101.5,103.2,105.3,107.7,109.5,110.8,112.9,115.0,117.5,120.122,122.82,125.063,126.415,128.701,131.165,133.236,135.339,137.358,139.965,142.168,144.889,147.889,150.452,156.469
CUURN000SA0L2    ,CUURN000SA0L2    ,"All items less shelter in Size Class B/C, all urban consumers, not seasonally adjusted",Index base: 1997.12=100,1997-M12,2022-M01,,,,,,,,,,,,,,,,,,,,,,,,,,,,,,,,,,,,,,,,,,,,,,,,,,,,,,,,,,,,,,,,,,,,,,,,,,,,,,,,,,,,,,100.4,102.3,105.9,108.3,108.9,111.1,114.3,118.5,122.2,125.323,131.16,129.73,133.355,138.847,141.679,143.083,144.635,142.523,142.812,145.028,147.656,149.013,149.957,158.934
CUURN000SA0L5    ,CUURN000SA0L5    ,"All items less medical care in Size Class B/C, all urban consumers, not seasonally adjusted",Index base: 1997.12=100,1997-M12,2022-M01,,,,,,,,,,,,,,,,,,,,,,,,,,,,,,,,,,,,,,,,,,,,,,,,,,,,,,,,,,,,,,,,,,,,,,,,,,,,,,,,,,,,,,100.8,102.7,105.8,108.2,109.1,111.2,114.2,117.8,121.4,124.687,129.684,128.752,130.934,135.367,137.894,139.662,141.677,140.843,141.738,144.351,147.615,149.891,151.181,159.528
CUURN000SA0LE    ,CUURN000SA0LE    ,"All items less energy in Size Class B/C, all urban consumers, not seasonally adjusted",Index base: 1997.12=100,1997-M12,2022-M01,,,,,,,,,,,,,,,,,,,,,,,,,,,,,,,,,,,,,,,,,,,,,,,,,,,,,,,,,,,,,,,,,,,,,,,,,,,,,,,,,,,,,,101.4,103.2,105.3,107.8,109.7,111.1,113.4,115.6,118.2,121.173,124.579,126.875,128.219,130.923,133.6,135.692,138.015,140.084,142.314,144.352,146.964,149.939,152.884,158.967
CUURN000SAC      ,CUURN000SAC      ,"Commodities in Size Class B/C, all urban consumers, not seasonally adjusted",Index base: 1997.12=100,1997-M12,2022-M01,,,,,,,,,,,,,,,,,,,,,,,,,,,,,,,,,,,,,,,,,,,,,,,,,,,,,,,,,,,,,,,,,,,,,,,,,,,,,,,,,,,,,,100.0,101.7,105.1,106.1,105.4,106.2,108.8,112.6,115.3,117.963,123.424,119.912,123.569,130.105,132.815,133.05,133.127,128.171,126.332,127.622,129.907,130.239,130.0,140.596
CUURN000SACE     ,CUURN000SACE     ,"Energy commodities in Size Class B/C, all urban consumers, not seasonally adjusted",Index base: 1997.12=100,1997-M12,2022-M01,,,,,,,,,,,,,,,,,,,,,,,,,,,,,,,,,,,,,,,,,,,,,,,,,,,,,,,,,,,,,,,,,,,,,,,,,,,,,,,,,,,,,,90.8,98.0,127.8,122.4,115.3,133.8,159.2,195.8,220.7,239.658,284.069,203.693,241.813,305.126,313.158,305.008,294.921,210.798,186.523,209.903,237.364,227.149,190.089,258.943
CUURN000SACL1    ,CUURN000SACL1    ,"Commodities less food in Size Class B/C, all urban consumers, not seasonally adjusted",Index base: 1997.12=100,1997-M12,2022-M01,,,,,,,,,,,,,,,,,,,,,,,,,,,,,,,,,,,,,,,,,,,,,,,,,,,,,,,,,,,,,,,,,,,,,,,,,,,,,,,,,,,,,,99.4,101.0,104.9,104.8,102.7,102.9,105.0,109.2,111.9,113.462,118.083,111.959,116.594,123.647,125.882,125.237,123.765,115.811,113.252,114.639,117.003,116.376,114.031,126.079
CUURN000SACL11   ,CUURN000SACL11   ,"Commodities less food and beverages in Size Class B/C, all urban consumers, not seasonally adjusted",Index base: 1997.12=100,1997-M12,2022-M01,,,,,,,,,,,,,,,,,,,,,,,,,,,,,,,,,,,,,,,,,,,,,,,,,,,,,,,,,,,,,,,,,,,,,,,,,,,,,,,,,,,,,,99.4,100.9,104.9,104.7,102.4,102.5,104.6,108.9,111.6,113.06,117.673,111.21,115.957,123.18,125.409,124.665,123.111,114.878,112.18,113.559,115.946,115.224,112.74,125.052
CUURN000SACL1E   ,CUURN000SACL1E   ,"Commodities less food and energy commodities in Size Class B/C, all urban consumers, not seasonally adjusted",Index base: 1997.12=100,1997-M12,2022-M01,,,,,,,,,,,,,,,,,,,,,,,,,,,,,,,,,,,,,,,,,,,,,,,,,,,,,,,,,,,,,,,,,,,,,,,,,,,,,,,,,,,,,,100.6,101.4,101.7,102.3,101.1,99.0,98.2,98.5,98.8,98.355,98.678,100.214,101.402,102.798,104.254,104.413,103.911,103.609,103.276,102.604,102.549,102.846,103.339,110.398
CUURN000SAD      ,CUURN000SAD      ,"Durables in Size Class B/C, all urban consumers, not seasonally adjusted",Index base: 1997.12=100,1997-M12,2022-M01,,,,,,,,,,,,,,,,,,,,,,,,,,,,,,,,,,,,,,,,,,,,,,,,,,,,,,,,,,,,,,,,,,,,,,,,,,,,,,,,,,,,,,99.7,98.5,97.7,97.1,94.4,91.2,88.8,89.4,88.9,87.274,86.064,85.355,86.918,87.993,88.278,87.69,86.492,85.959,84.903,83.502,82.928,83.25,84.247,93.598
CUURN000SAN      ,CUURN000SAN      ,"Nondurables in Size Class B/C, all urban consumers, not seasonally adjusted",Index base: 1997.12=100,1997-M12,2022-M01,,,,,,,,,,,,,,,,,,,,,,,,,,,,,,,,,,,,,,,,,,,,,,,,,,,,,,,,,,,,,,,,,,,,,,,,,,,,,,,,,,,,,,100.1,103.0,108.0,109.7,110.0,112.8,117.8,123.1,127.7,132.812,142.048,136.992,141.776,151.325,155.311,155.983,156.83,149.365,147.155,150.177,154.327,154.64,153.361,163.816
CUURN000SANL1    ,CUURN000SANL1    ,"Nondurables less food in Size Class B/C, all urban consumers, not seasonally adjusted",Index base: 1997.12=100,1997-M12,2022-M01,,,,,,,,,,,,,,,,,,,,,,,,,,,,,,,,,,,,,,,,,,,,,,,,,,,,,,,,,,,,,,,,,,,,,,,,,,,,,,,,,,,,,,99.1,102.9,110.5,110.8,109.6,113.0,119.3,127.0,133.4,138.471,149.449,137.551,145.398,158.711,162.859,162.161,160.526,144.521,140.54,145.411,151.535,149.658,142.308,156.623
CUURN000SANL11   ,CUURN000SANL11   ,"Nondurables less food and beverages in Size Class B/C, all urban consumers, not seasonally adjusted",Index base: 1997.12=100,1997-M12,2022-M01,,,,,,,,,,,,,,,,,,,,,,,,,,,,,,,,,,,,,,,,,,,,,,,,,,,,,,,,,,,,,,,,,,,,,,,,,,,,,,,,,,,,,,99.0,103.0,110.8,110.9,109.5,113.0,119.5,127.6,134.2,139.293,150.687,137.669,145.972,160.066,164.315,163.411,161.598,144.457,140.079,145.152,151.595,149.402,141.329,156.505
CUURN000SANL113  ,CUURN000SANL113  ,"Nondurables less food, beverages, and apparel in Size Class B/C, all urban consumers, not seasonally adjusted",Index base: 1997.12=100,1997-M12,2022-M01,,,,,,,,,,,,,,,,,,,,,,,,,,,,,,,,,,,,,,,,,,,,,,,,,,,,,,,,,,,,,,,,,,,,,,,,,,,,,,,,,,,,,,98.3,104.4,116.8,117.4,116.7,123.3,132.8,146.3,156.5,164.45,181.438,161.007,175.076,196.024,200.658,198.473,196.135,170.653,164.226,172.251,181.624,178.918,169.104,191.421
CUURN000SANL13   ,CUURN000SANL13   ,"Nondurables less food and apparel in Size Class B/C, all urban consumers, not seasonally adjusted",Index base: 1997.12=100,1997-M12,2022-M01,,,,,,,,,,,,,,,,,,,,,,,,,,,,,,,,,,,,,,,,,,,,,,,,,,,,,,,,,,,,,,,,,,,,,,,,,,,,,,,,,,,,,,98.5,104.3,116.0,116.7,116.3,122.5,131.4,143.9,153.4,161.121,177.003,158.907,171.776,190.954,195.421,193.647,191.611,168.548,162.888,170.363,179.015,176.818,168.23,188.609
CUURN000SAS      ,CUURN000SAS      ,"Services in Size Class B/C, all urban consumers, not seasonally adjusted",Index base: 1997.12=100,1997-M12,2022-M01,,,,,,,,,,,,,,,,,,,,,,,,,,,,,,,,,,,,,,,,,,,,,,,,,,,,,,,,,,,,,,,,,,,,,,,,,,,,,,,,,,,,,,101.6,103.7,106.9,110.7,113.4,117.0,120.7,124.3,128.7,132.914,137.602,139.633,140.891,143.658,146.371,149.581,153.412,156.446,160.278,164.264,168.324,172.653,176.244,181.631
CUURN000SAS2RS   ,CUURN000SAS2RS   ,"Rent of shelter in Size Class B/C, all urban consumers, not seasonally adjusted",Index base: 1997.12=100,1997-M12,2022-M01,,,,,,,,,,,,,,,,,,,,,,,,,,,,,,,,,,,,,,,,,,,,,,,,,,,,,,,,,,,,,,,,,,,,,,,,,,,,,,,,,,,,,,102.1,104.2,106.7,109.5,112.3,114.6,118.0,120.5,124.1,128.488,131.658,133.107,132.451,134.545,136.902,139.814,143.273,146.451,150.166,154.323,159.193,164.578,168.618,173.912
CUURN000SAS367   ,CUURN000SAS367   ,"Other services in Size Class B/C, all urban consumers, not seasonally adjusted",Index base: 1997.12=100,1997-M12,2022-M01,,,,,,,,,,,,,,,,,,,,,,,,,,,,,,,,,,,,,,,,,,,,,,,,,,,,,,,,,,,,,,,,,,,,,,,,,,,,,,,,,,,,,,101.7,104.6,107.8,111.4,115.2,118.5,121.5,124.4,128.5,132.083,136.397,140.653,144.009,146.201,149.656,152.593,155.629,157.693,161.261,161.813,163.807,166.587,171.402,174.619
CUURN000SAS4     ,CUURN000SAS4     ,"Transportation services in Size Class B/C, all urban consumers, not seasonally adjusted",Index base: 1997.12=100,1997-M12,2022-M01,,,,,,,,,,,,,,,,,,,,,,,,,,,,,,,,,,,,,,,,,,,,,,,,,,,,,,,,,,,,,,,,,,,,,,,,,,,,,,,,,,,,,,101.4,102.9,106.1,109.1,113.1,117.6,120.5,123.2,126.5,128.854,134.637,137.869,142.224,146.795,149.301,152.333,156.34,162.002,168.363,175.784,182.322,184.15,176.284,184.682
CUURN000SASL2RS  ,CUURN000SASL2RS  ,"Services less rent of shelter in Size Class B/C, all urban consumers, not seasonally adjusted",Index base: 1997.12=100,1997-M12,2022-M01,,,,,,,,,,,,,,,,,,,,,,,,,,,,,,,,,,,,,,,,,,,,,,,,,,,,,,,,,,,,,,,,,,,,,,,,,,,,,,,,,,,,,,101.1,103.2,107.1,111.9,114.6,119.3,123.3,128.2,133.5,137.409,143.847,146.557,150.018,153.538,156.643,160.178,164.408,167.282,171.234,175.033,178.213,181.42,184.517,190.005
CUURN000SASL5    ,CUURN000SASL5    ,"Services less medical care services in Size Class B/C, all urban consumers, not seasonally adjusted",Index base: 1997.12=100,1997-M12,2022-M01,,,,,,,,,,,,,,,,,,,,,,,,,,,,,,,,,,,,,,,,,,,,,,,,,,,,,,,,,,,,,,,,,,,,,,,,,,,,,,,,,,,,,,101.5,103.6,106.6,110.3,112.7,116.0,119.4,122.8,127.2,131.12,135.598,137.339,138.204,140.704,143.177,146.291,150.092,153.071,156.572,160.431,164.542,168.641,171.521,177.082
CUURN000SASLE    ,CUURN000SASLE    ,"Services less energy services in Size Class B/C, all urban consumers, not seasonally adjusted",Index base: 1997.12=100,1997-M12,2022-M01,,,,,,,,,,,,,,,,,,,,,,,,,,,,,,,,,,,,,,,,,,,,,,,,,,,,,,,,,,,,,,,,,,,,,,,,,,,,,,,,,,,,,,101.9,104.2,107.1,110.4,113.8,117.0,120.7,123.7,127.6,131.861,135.974,138.622,140.047,142.844,145.884,149.033,152.619,155.971,160.275,164.156,168.517,173.181,177.007,182.091
CUURS000AA0      ,CUURS000AA0      ,"All items - old base in Size Class A, all urban consumers, not seasonally adjusted",Index base: 1986.12=100,1986-M12,2022-M01,,,,,,,,,,,,,,,,,,,,,,,,,,,,,,,,,,,,,,,,,,,,,,,,,,,,,,,,,,,,,,,,,,,,,,,,,,,103.0,107.4,,,123.8,127.6,131.3,134.5,137.8,141.5,144.9,147.5,151.0,156.3,161.3,164.4,168.3,172.7,178.6,184.6,189.874,196.883,196.302,199.192,205.094,209.329,212.579,216.114,217.051,220.307,225.405,231.251,235.943,239.041,249.113
CUURS000SA0      ,CUURS000SA0      ,"All items in Size Class A, all urban consumers, not seasonally adjusted",Index base: 1986.12=100,1986-M12,2022-M01,,,,,,,,,,,,,,,,,,,,,,,,,,,,,,,,,,,,,,,,,,,,,,,,,,,,,,,,,,,,,,,,,,,,,,,,,,,103.0,107.4,112.6,118.8,123.8,127.6,131.3,134.5,137.8,141.5,144.9,147.5,151.0,156.3,161.3,164.4,168.3,172.7,178.6,184.6,189.874,196.883,196.302,199.192,205.094,209.329,212.579,216.114,217.051,220.307,225.405,231.251,235.943,239.041,249.113
CUURS000SA0E     ,CUURS000SA0E     ,"Energy in Size Class A, all urban consumers, not seasonally adjusted",Index base: 1986.12=100,1986-M12,2022-M01,,,,,,,,,,,,,,,,,,,,,,,,,,,,,,,,,,,,,,,,,,,,,,,,,,,,,,,,,,,,,,,,,,,,,,,,,,,109.7,110.7,117.7,127.5,128.3,129.6,131.8,132.3,132.9,138.5,140.1,130.2,134.8,157.4,164.5,154.2,174.0,192.4,225.3,250.8,264.743,300.769,246.149,269.098,309.108,311.356,309.213,307.63,256.835,239.568,259.379,280.966,277.03,254.18,307.924
CUURS000SA0L1    ,CUURS000SA0L1    ,"All items less food in Size Class A, all urban consumers, not seasonally adjusted",Index base: 1986.12=100,1986-M12,2022-M01,,,,,,,,,,,,,,,,,,,,,,,,,,,,,,,,,,,,,,,,,,,,,,,,,,,,,,,,,,,,,,,,,,,,,,,,,,,103.2,107.6,112.6,118.7,123.9,128.2,132.1,135.3,138.5,142.2,145.4,148.0,151.4,157.2,162.1,165.3,169.3,173.4,179.6,185.9,190.918,197.505,196.31,199.453,205.131,209.238,212.579,215.897,216.289,219.859,225.389,231.578,236.277,238.515,248.632
CUURS000SA0L1E   ,CUURS000SA0L1E   ,"All items less food and energy in Size Class A, all urban consumers, not seasonally adjusted",Index base: 1986.12=100,1986-M12,2022-M01,,,,,,,,,,,,,,,,,,,,,,,,,,,,,,,,,,,,,,,,,,,,,,,,,,,,,,,,,,,,,,,,,,,,,,,,,,,102.6,107.3,112.2,117.9,123.5,128.0,132.1,135.5,139.0,142.5,145.9,149.5,152.9,157.1,161.9,166.3,169.0,172.0,176.0,180.8,185.135,189.432,192.386,194.007,197.081,201.311,205.072,208.792,212.929,218.025,222.527,227.6,232.91,236.794,244.084
CUURS000SA0L2    ,CUURS000SA0L2    ,"All items less shelter in Size Class A, all urban consumers, not seasonally adjusted",Index base: 1986.12=100,1986-M12,2022-M01,,,,,,,,,,,,,,,,,,,,,,,,,,,,,,,,,,,,,,,,,,,,,,,,,,,,,,,,,,,,,,,,,,,,,,,,,,,103.0,106.9,112.2,118.3,123.2,126.8,130.8,133.8,137.1,140.7,143.5,144.9,147.6,152.6,156.5,157.6,161.2,165.3,171.5,176.9,181.096,188.956,187.018,191.602,199.072,202.927,205.128,207.133,204.764,205.245,208.457,212.852,215.444,216.76,228.375
CUURS000SA0L5    ,CUURS000SA0L5    ,"All items less medical care in Size Class A, all urban consumers, not seasonally adjusted",Index base: 1986.12=100,1986-M12,2022-M01,,,,,,,,,,,,,,,,,,,,,,,,,,,,,,,,,,,,,,,,,,,,,,,,,,,,,,,,,,,,,,,,,,,,,,,,,,,103.0,107.2,112.3,118.1,122.8,126.2,129.7,132.6,135.8,139.3,142.6,145.1,148.4,153.6,158.3,161.2,165.0,169.1,174.8,180.6,185.528,192.393,191.438,194.034,199.805,203.674,206.647,209.957,210.44,213.18,218.054,223.768,228.071,230.526,240.842
CUURS000SA0LE    ,CUURS000SA0LE    ,"All items less energy in Size Class A, all urban consumers, not seasonally adjusted",Index base: 1986.12=100,1986-M12,2022-M01,,,,,,,,,,,,,,,,,,,,,,,,,,,,,,,,,,,,,,,,,,,,,,,,,,,,,,,,,,,,,,,,,,,,,,,,,,,102.6,107.2,112.3,118.1,123.5,127.5,131.3,134.7,138.2,141.8,145.3,148.8,152.1,156.2,161.0,165.2,168.0,171.5,175.5,180.2,184.858,189.945,192.943,194.518,198.208,202.559,206.16,210.049,214.222,218.763,222.951,227.81,233.032,237.593,245.232
CUURS000SAC      ,CUURS000SAC      ,"Commodities in Size Class A, all urban consumers, not seasonally adjusted",Index base: 1986.12=100,1986-M12,2022-M01,,,,,,,,,,,,,,,,,,,,,,,,,,,,,,,,,,,,,,,,,,,,,,,,,,,,,,,,,,,,,,,,,,,,,,,,,,,103.3,106.9,,,121.5,124.1,126.5,128.6,131.0,134.0,135.8,136.1,138.4,142.9,144.4,143.7,145.2,148.4,153.4,157.1,160.252,166.791,161.924,166.156,174.894,178.322,178.195,178.377,172.968,170.699,172.762,176.118,176.983,176.355,189.27
CUURS000SACE     ,CUURS000SACE     ,"Energy commodities in Size Class A, all urban consumers, not seasonally adjusted",Index base: 1986.12=100,1986-M12,2022-M01,,,,,,,,,,,,,,,,,,,,,,,,,,,,,,,,,,,,,,,,,,,,,,,,,,,,,,,,,,,,,,,,,,,,,,,,,,,115.9,117.7,,,143.8,144.5,143.4,143.9,144.9,154.2,154.0,134.4,146.5,188.8,184.0,171.7,201.1,235.3,286.6,324.2,349.618,411.124,298.803,351.895,445.017,461.285,448.282,432.021,321.01,282.488,319.475,366.02,356.57,298.921,401.192
CUURS000SACL1    ,CUURS000SACL1    ,"Commodities less food in Size Class A, all urban consumers, not seasonally adjusted",Index base: 1986.12=100,1986-M12,2022-M01,,,,,,,,,,,,,,,,,,,,,,,,,,,,,,,,,,,,,,,,,,,,,,,,,,,,,,,,,,,,,,,,,,,,,,,,,,,103.8,107.1,,,120.7,123.8,126.1,127.6,129.1,131.5,132.3,130.9,132.7,137.9,137.4,134.7,135.1,137.1,142.5,145.8,147.388,152.486,144.255,149.652,158.835,161.541,160.174,158.273,148.675,144.926,146.866,150.023,149.404,145.119,158.921
CUURS000SACL11   ,CUURS000SACL11   ,"Commodities less food and beverages in Size Class A, all urban consumers, not seasonally adjusted",Index base: 1986.12=100,1986-M12,2022-M01,,,,,,,,,,,,,,,,,,,,,,,,,,,,,,,,,,,,,,,,,,,,,,,,,,,,,,,,,,,,,,,,,,,,,,,,,,,104.0,107.2,111.3,116.9,120.2,123.2,125.5,127.0,128.5,130.8,131.3,129.8,131.6,136.7,136.1,133.1,133.4,135.2,140.7,144.0,145.431,150.46,141.768,147.253,156.603,159.25,157.738,155.69,145.726,141.775,143.691,146.783,146.085,141.52,155.526
CUURS000SACL1E   ,CUURS000SACL1E   ,"Commodities less food and energy commodities in Size Class A, all urban consumers, not seasonally adjusted",Index base: 1986.12=100,1986-M12,2022-M01,,,,,,,,,,,,,,,,,,,,,,,,,,,,,,,,,,,,,,,,,,,,,,,,,,,,,,,,,,,,,,,,,,,,,,,,,,,102.4,105.8,109.3,113.2,117.8,121.2,124.0,125.6,127.2,128.7,129.6,130.4,131.0,131.9,132.0,130.7,128.1,126.8,127.5,127.9,127.293,127.294,128.471,129.555,131.206,132.637,132.327,131.782,130.81,130.054,129.16,128.677,128.807,128.337,135.564
CUURS000SAD      ,CUURS000SAD      ,"Durables in Size Class A, all urban consumers, not seasonally adjusted",Index base: 1986.12=100,1986-M12,2022-M01,,,,,,,,,,,,,,,,,,,,,,,,,,,,,,,,,,,,,,,,,,,,,,,,,,,,,,,,,,,,,,,,,,,,,,,,,,,101.0,103.0,104.5,105.7,108.0,110.7,113.2,116.5,119.2,120.5,120.0,118.9,117.4,117.1,116.5,113.7,110.2,107.7,107.8,107.0,105.24,103.595,102.445,103.235,104.14,104.175,103.084,101.499,99.813,97.81,95.871,94.707,94.964,95.339,104.625
CUURS000SAN      ,CUURS000SAN      ,"Nondurables in Size Class A, all urban consumers, not seasonally adjusted",Index base: 1986.12=100,1986-M12,2022-M01,,,,,,,,,,,,,,,,,,,,,,,,,,,,,,,,,,,,,,,,,,,,,,,,,,,,,,,,,,,,,,,,,,,,,,,,,,,104.1,108.2,114.3,121.9,126.1,128.6,131.1,132.8,135.1,138.6,141.2,142.0,146.0,152.3,154.7,155.3,159.3,165.7,173.4,179.4,185.43,196.626,189.731,195.787,208.68,213.865,214.273,215.503,208.134,205.909,210.505,216.765,217.982,216.615,230.649
CUURS000SANL1    ,CUURS000SANL1    ,"Nondurables less food in Size Class A, all urban consumers, not seasonally adjusted",Index base: 1986.12=100,1986-M12,2022-M01,,,,,,,,,,,,,,,,,,,,,,,,,,,,,,,,,,,,,,,,,,,,,,,,,,,,,,,,,,,,,,,,,,,,,,,,,,,105.8,109.9,115.9,124.4,129.1,132.5,134.7,135.0,135.8,138.9,140.5,138.9,143.5,153.0,152.7,150.9,155.4,162.2,173.3,181.1,186.431,199.021,183.096,193.33,211.0,216.344,214.729,212.689,194.691,189.409,196.107,204.664,202.94,192.433,210.399
CUURS000SANL11   ,CUURS000SANL11   ,"Nondurables less food and beverages in Size Class A, all urban consumers, not seasonally adjusted",Index base: 1986.12=100,1986-M12,2022-M01,,,,,,,,,,,,,,,,,,,,,,,,,,,,,,,,,,,,,,,,,,,,,,,,,,,,,,,,,,,,,,,,,,,,,,,,,,,106.2,110.2,116.4,125.2,129.2,132.4,134.6,134.8,135.4,138.4,139.8,137.8,142.5,152.3,151.7,149.5,154.1,161.0,172.6,180.8,186.136,199.213,181.615,192.441,211.135,216.544,214.602,212.241,192.762,186.899,193.906,202.718,200.732,188.992,207.944
CUURS000SANL113  ,CUURS000SANL113  ,"Nondurables less food, beverages, and apparel in Size Class A, all urban consumers, not seasonally adjusted",Index base: 1986.12=100,1986-M12,2022-M01,,,,,,,,,,,,,,,,,,,,,,,,,,,,,,,,,,,,,,,,,,,,,,,,,,,,,,,,,,,,,,,,,,,,,,,,,,,107.3,111.4,120.0,131.0,134.8,138.8,141.0,141.9,144.2,149.8,151.6,148.1,157.3,174.4,175.5,174.1,184.1,196.7,216.5,230.7,240.45,263.683,231.647,250.099,280.596,287.322,283.528,278.998,245.836,235.022,247.281,262.851,260.548,243.814,274.725
CUURS000SANL13   ,CUURS000SANL13   ,"Nondurables less food and apparel in Size Class A, all urban consumers, not seasonally adjusted",Index base: 1986.12=100,1986-M12,2022-M01,,,,,,,,,,,,,,,,,,,,,,,,,,,,,,,,,,,,,,,,,,,,,,,,,,,,,,,,,,,,,,,,,,,,,,,,,,,106.5,110.7,118.7,128.8,133.9,137.9,140.1,141.1,143.4,148.8,150.8,148.1,156.8,172.4,173.8,172.9,182.2,193.9,211.8,224.7,233.813,254.907,227.506,244.0,271.321,277.768,274.742,271.006,242.009,232.774,243.889,258.207,256.39,242.419,270.117
CUURS000SAS      ,CUURS000SAS      ,"Services in Size Class A, all urban consumers, not seasonally adjusted",Index base: 1986.12=100,1986-M12,2022-M01,,,,,,,,,,,,,,,,,,,,,,,,,,,,,,,,,,,,,,,,,,,,,,,,,,,,,,,,,,,,,,,,,,,,,,,,,,,102.9,107.8,113.2,119.5,125.6,130.4,135.1,139.1,143.3,147.6,152.1,156.6,160.9,166.9,174.5,180.8,186.7,192.0,198.6,206.4,213.377,220.735,223.722,225.484,229.049,233.941,239.903,246.128,252.122,259.77,267.272,275.093,282.812,288.897,296.465
CUURS000SAS2RS   ,CUURS000SAS2RS   ,"Rent of shelter in Size Class A, all urban consumers, not seasonally adjusted",Index base: 1986.12=100,1986-M12,2022-M01,,,,,,,,,,,,,,,,,,,,,,,,,,,,,,,,,,,,,,,,,,,,,,,,,,,,,,,,,,,,,,,,,,,,,,,,,,,103.1,108.6,113.7,120.1,125.5,129.7,132.9,136.4,140.0,144.0,148.6,154.1,159.2,165.4,172.8,180.6,185.3,190.4,195.7,203.1,210.807,216.1,218.371,217.61,220.215,225.308,230.902,237.797,245.955,255.376,264.765,273.915,283.317,290.495,297.085
CUURS000SAS367   ,CUURS000SAS367   ,"Other services in Size Class A, all urban consumers, not seasonally adjusted",Index base: 1986.12=100,1986-M12,2022-M01,,,,,,,,,,,,,,,,,,,,,,,,,,,,,,,,,,,,,,,,,,,,,,,,,,,,,,,,,,,,,,,,,,,,,,,,,,,102.5,108.6,115.4,122.9,130.8,137.8,145.2,151.8,157.8,164.1,170.7,176.5,181.7,187.2,194.0,200.9,207.9,213.7,219.9,227.4,234.067,242.886,249.046,252.889,256.871,263.119,268.274,272.391,276.803,281.624,283.38,287.757,292.871,298.957,306.444
CUURS000SAS4     ,CUURS000SAS4     ,"Transportation services in Size Class A, all urban consumers, not seasonally adjusted",Index base: 1986.12=100,1986-M12,2022-M01,,,,,,,,,,,,,,,,,,,,,,,,,,,,,,,,,,,,,,,,,,,,,,,,,,,,,,,,,,,,,,,,,,,,,,,,,,,102.0,107.0,113.2,119.8,124.8,128.7,134.8,139.5,144.7,148.7,152.3,154.2,156.4,160.7,165.4,171.2,176.5,179.7,183.9,187.4,188.737,197.084,202.958,210.287,217.114,220.709,227.123,230.041,232.449,237.812,244.617,252.5,254.915,246.828,252.906
CUURS000SASL2RS  ,CUURS000SASL2RS  ,"Services less rent of shelter in Size Class A, all urban consumers, not seasonally adjusted",Index base: 1986.12=100,1986-M12,2022-M01,,,,,,,,,,,,,,,,,,,,,,,,,,,,,,,,,,,,,,,,,,,,,,,,,,,,,,,,,,,,,,,,,,,,,,,,,,,102.5,107.0,112.7,119.0,125.6,131.1,137.4,142.0,146.7,151.3,155.9,159.0,162.4,168.2,176.1,180.4,187.8,193.5,201.6,209.9,215.977,226.107,230.055,235.182,239.996,244.617,251.039,256.409,259.661,265.092,270.276,276.46,282.084,286.828,295.583
CUURS000SASL5    ,CUURS000SASL5    ,"Services less medical care services in Size Class A, all urban consumers, not seasonally adjusted",Index base: 1986.12=100,1986-M12,2022-M01,,,,,,,,,,,,,,,,,,,,,,,,,,,,,,,,,,,,,,,,,,,,,,,,,,,,,,,,,,,,,,,,,,,,,,,,,,,102.8,107.5,112.8,118.7,124.3,128.6,132.9,136.6,140.4,144.5,149.1,153.4,157.6,163.4,170.8,176.8,182.4,187.4,193.7,201.1,207.62,214.673,217.301,218.56,221.809,226.135,231.716,237.745,243.45,250.6,257.939,265.603,272.69,277.614,285.117
CUURS000SASLE    ,CUURS000SASLE    ,"Services less energy services in Size Class A, all urban consumers, not seasonally adjusted",Index base: 1986.12=100,1986-M12,2022-M01,,,,,,,,,,,,,,,,,,,,,,,,,,,,,,,,,,,,,,,,,,,,,,,,,,,,,,,,,,,,,,,,,,,,,,,,,,,102.7,108.0,113.5,120.1,126.3,131.3,136.0,140.3,144.7,149.1,153.8,158.7,163.5,169.3,176.3,183.7,189.2,194.4,200.2,207.4,214.485,221.189,225.113,227.003,230.83,236.576,242.562,248.622,255.58,263.912,271.424,279.597,287.803,294.134,301.102
